[2025-04-26 14:16:44] local.ERROR: SQLSTATE[HY000] [1049] Unknown database 'hms' (SQL: SHOW FULL TABLES WHERE table_type = 'BASE TABLE') {"exception":"[object] (Illuminate\\Database\\QueryException(code: 1049): SQLSTATE[HY000] [1049] Unknown database 'hms' (SQL: SHOW FULL TABLES WHERE table_type = 'BASE TABLE') at C:\\Users\\SINCHINE DAS\\OneDrive\\Desktop\\first\\hospitalMS\\vendor\\laravel\\framework\\src\\Illuminate\\Database\\Connection.php:712)
[stacktrace]
#0 C:\\Users\\SINCHINE DAS\\OneDrive\\Desktop\\first\\hospitalMS\\vendor\\laravel\\framework\\src\\Illuminate\\Database\\Connection.php(672): Illuminate\\Database\\Connection->runQueryCallback('SHOW FULL TABLE...', Array, Object(Closure))
#1 C:\\Users\\SINCHINE DAS\\OneDrive\\Desktop\\first\\hospitalMS\\vendor\\laravel\\framework\\src\\Illuminate\\Database\\Connection.php(359): Illuminate\\Database\\Connection->run('SHOW FULL TABLE...', Array, Object(Closure))
#2 C:\\Users\\SINCHINE DAS\\OneDrive\\Desktop\\first\\hospitalMS\\vendor\\laravel\\framework\\src\\Illuminate\\Database\\Schema\\MySqlBuilder.php(124): Illuminate\\Database\\Connection->select('SHOW FULL TABLE...')
#3 C:\\Users\\SINCHINE DAS\\OneDrive\\Desktop\\first\\hospitalMS\\vendor\\laravel\\framework\\src\\Illuminate\\Database\\Schema\\MySqlBuilder.php(74): Illuminate\\Database\\Schema\\MySqlBuilder->getAllTables()
#4 C:\\Users\\SINCHINE DAS\\OneDrive\\Desktop\\first\\hospitalMS\\vendor\\laravel\\framework\\src\\Illuminate\\Database\\Console\\WipeCommand.php(69): Illuminate\\Database\\Schema\\MySqlBuilder->dropAllTables()
#5 C:\\Users\\SINCHINE DAS\\OneDrive\\Desktop\\first\\hospitalMS\\vendor\\laravel\\framework\\src\\Illuminate\\Database\\Console\\WipeCommand.php(46): Illuminate\\Database\\Console\\WipeCommand->dropAllTables(NULL)
#6 C:\\Users\\SINCHINE DAS\\OneDrive\\Desktop\\first\\hospitalMS\\vendor\\laravel\\framework\\src\\Illuminate\\Container\\BoundMethod.php(36): Illuminate\\Database\\Console\\WipeCommand->handle()
#7 C:\\Users\\SINCHINE DAS\\OneDrive\\Desktop\\first\\hospitalMS\\vendor\\laravel\\framework\\src\\Illuminate\\Container\\Util.php(40): Illuminate\\Container\\BoundMethod::Illuminate\\Container\\{closure}()
#8 C:\\Users\\SINCHINE DAS\\OneDrive\\Desktop\\first\\hospitalMS\\vendor\\laravel\\framework\\src\\Illuminate\\Container\\BoundMethod.php(93): Illuminate\\Container\\Util::unwrapIfClosure(Object(Closure))
#9 C:\\Users\\SINCHINE DAS\\OneDrive\\Desktop\\first\\hospitalMS\\vendor\\laravel\\framework\\src\\Illuminate\\Container\\BoundMethod.php(35): Illuminate\\Container\\BoundMethod::callBoundMethod(Object(Illuminate\\Foundation\\Application), Array, Object(Closure))
#10 C:\\Users\\SINCHINE DAS\\OneDrive\\Desktop\\first\\hospitalMS\\vendor\\laravel\\framework\\src\\Illuminate\\Container\\Container.php(653): Illuminate\\Container\\BoundMethod::call(Object(Illuminate\\Foundation\\Application), Array, Array, NULL)
#11 C:\\Users\\SINCHINE DAS\\OneDrive\\Desktop\\first\\hospitalMS\\vendor\\laravel\\framework\\src\\Illuminate\\Console\\Command.php(136): Illuminate\\Container\\Container->call(Array)
#12 C:\\Users\\SINCHINE DAS\\OneDrive\\Desktop\\first\\hospitalMS\\vendor\\symfony\\console\\Command\\Command.php(298): Illuminate\\Console\\Command->execute(Object(Symfony\\Component\\Console\\Input\\ArrayInput), Object(Illuminate\\Console\\OutputStyle))
#13 C:\\Users\\SINCHINE DAS\\OneDrive\\Desktop\\first\\hospitalMS\\vendor\\laravel\\framework\\src\\Illuminate\\Console\\Command.php(120): Symfony\\Component\\Console\\Command\\Command->run(Object(Symfony\\Component\\Console\\Input\\ArrayInput), Object(Illuminate\\Console\\OutputStyle))
#14 C:\\Users\\SINCHINE DAS\\OneDrive\\Desktop\\first\\hospitalMS\\vendor\\laravel\\framework\\src\\Illuminate\\Console\\Concerns\\CallsCommands.php(67): Illuminate\\Console\\Command->run(Object(Symfony\\Component\\Console\\Input\\ArrayInput), Object(Illuminate\\Console\\OutputStyle))
#15 C:\\Users\\SINCHINE DAS\\OneDrive\\Desktop\\first\\hospitalMS\\vendor\\laravel\\framework\\src\\Illuminate\\Console\\Concerns\\CallsCommands.php(28): Illuminate\\Console\\Command->runCommand('db:wipe', Array, Object(Illuminate\\Console\\OutputStyle))
#16 C:\\Users\\SINCHINE DAS\\OneDrive\\Desktop\\first\\hospitalMS\\vendor\\laravel\\framework\\src\\Illuminate\\Database\\Console\\Migrations\\FreshCommand.php(42): Illuminate\\Console\\Command->call('db:wipe', Array)
#17 C:\\Users\\SINCHINE DAS\\OneDrive\\Desktop\\first\\hospitalMS\\vendor\\laravel\\framework\\src\\Illuminate\\Container\\BoundMethod.php(36): Illuminate\\Database\\Console\\Migrations\\FreshCommand->handle()
#18 C:\\Users\\SINCHINE DAS\\OneDrive\\Desktop\\first\\hospitalMS\\vendor\\laravel\\framework\\src\\Illuminate\\Container\\Util.php(40): Illuminate\\Container\\BoundMethod::Illuminate\\Container\\{closure}()
#19 C:\\Users\\SINCHINE DAS\\OneDrive\\Desktop\\first\\hospitalMS\\vendor\\laravel\\framework\\src\\Illuminate\\Container\\BoundMethod.php(93): Illuminate\\Container\\Util::unwrapIfClosure(Object(Closure))
#20 C:\\Users\\SINCHINE DAS\\OneDrive\\Desktop\\first\\hospitalMS\\vendor\\laravel\\framework\\src\\Illuminate\\Container\\BoundMethod.php(35): Illuminate\\Container\\BoundMethod::callBoundMethod(Object(Illuminate\\Foundation\\Application), Array, Object(Closure))
#21 C:\\Users\\SINCHINE DAS\\OneDrive\\Desktop\\first\\hospitalMS\\vendor\\laravel\\framework\\src\\Illuminate\\Container\\Container.php(653): Illuminate\\Container\\BoundMethod::call(Object(Illuminate\\Foundation\\Application), Array, Array, NULL)
#22 C:\\Users\\SINCHINE DAS\\OneDrive\\Desktop\\first\\hospitalMS\\vendor\\laravel\\framework\\src\\Illuminate\\Console\\Command.php(136): Illuminate\\Container\\Container->call(Array)
#23 C:\\Users\\SINCHINE DAS\\OneDrive\\Desktop\\first\\hospitalMS\\vendor\\symfony\\console\\Command\\Command.php(298): Illuminate\\Console\\Command->execute(Object(Symfony\\Component\\Console\\Input\\ArgvInput), Object(Illuminate\\Console\\OutputStyle))
#24 C:\\Users\\SINCHINE DAS\\OneDrive\\Desktop\\first\\hospitalMS\\vendor\\laravel\\framework\\src\\Illuminate\\Console\\Command.php(120): Symfony\\Component\\Console\\Command\\Command->run(Object(Symfony\\Component\\Console\\Input\\ArgvInput), Object(Illuminate\\Console\\OutputStyle))
#25 C:\\Users\\SINCHINE DAS\\OneDrive\\Desktop\\first\\hospitalMS\\vendor\\symfony\\console\\Application.php(1040): Illuminate\\Console\\Command->run(Object(Symfony\\Component\\Console\\Input\\ArgvInput), Object(Symfony\\Component\\Console\\Output\\ConsoleOutput))
#26 C:\\Users\\SINCHINE DAS\\OneDrive\\Desktop\\first\\hospitalMS\\vendor\\symfony\\console\\Application.php(301): Symfony\\Component\\Console\\Application->doRunCommand(Object(Illuminate\\Database\\Console\\Migrations\\FreshCommand), Object(Symfony\\Component\\Console\\Input\\ArgvInput), Object(Symfony\\Component\\Console\\Output\\ConsoleOutput))
#27 C:\\Users\\SINCHINE DAS\\OneDrive\\Desktop\\first\\hospitalMS\\vendor\\symfony\\console\\Application.php(171): Symfony\\Component\\Console\\Application->doRun(Object(Symfony\\Component\\Console\\Input\\ArgvInput), Object(Symfony\\Component\\Console\\Output\\ConsoleOutput))
#28 C:\\Users\\SINCHINE DAS\\OneDrive\\Desktop\\first\\hospitalMS\\vendor\\laravel\\framework\\src\\Illuminate\\Console\\Application.php(94): Symfony\\Component\\Console\\Application->run(Object(Symfony\\Component\\Console\\Input\\ArgvInput), Object(Symfony\\Component\\Console\\Output\\ConsoleOutput))
#29 C:\\Users\\SINCHINE DAS\\OneDrive\\Desktop\\first\\hospitalMS\\vendor\\laravel\\framework\\src\\Illuminate\\Foundation\\Console\\Kernel.php(129): Illuminate\\Console\\Application->run(Object(Symfony\\Component\\Console\\Input\\ArgvInput), Object(Symfony\\Component\\Console\\Output\\ConsoleOutput))
#30 C:\\Users\\SINCHINE DAS\\OneDrive\\Desktop\\first\\hospitalMS\\artisan(35): Illuminate\\Foundation\\Console\\Kernel->handle(Object(Symfony\\Component\\Console\\Input\\ArgvInput), Object(Symfony\\Component\\Console\\Output\\ConsoleOutput))
#31 {main}

[previous exception] [object] (PDOException(code: 1049): SQLSTATE[HY000] [1049] Unknown database 'hms' at C:\\Users\\SINCHINE DAS\\OneDrive\\Desktop\\first\\hospitalMS\\vendor\\laravel\\framework\\src\\Illuminate\\Database\\Connectors\\Connector.php:70)
[stacktrace]
#0 C:\\Users\\SINCHINE DAS\\OneDrive\\Desktop\\first\\hospitalMS\\vendor\\laravel\\framework\\src\\Illuminate\\Database\\Connectors\\Connector.php(70): PDO->__construct('mysql:host=127....', 'root', Object(SensitiveParameterValue), Array)
#1 C:\\Users\\SINCHINE DAS\\OneDrive\\Desktop\\first\\hospitalMS\\vendor\\laravel\\framework\\src\\Illuminate\\Database\\Connectors\\Connector.php(45): Illuminate\\Database\\Connectors\\Connector->createPdoConnection('mysql:host=127....', 'root', '', Array)
#2 C:\\Users\\SINCHINE DAS\\OneDrive\\Desktop\\first\\hospitalMS\\vendor\\laravel\\framework\\src\\Illuminate\\Database\\Connectors\\MySqlConnector.php(24): Illuminate\\Database\\Connectors\\Connector->createConnection('mysql:host=127....', Array, Array)
#3 C:\\Users\\SINCHINE DAS\\OneDrive\\Desktop\\first\\hospitalMS\\vendor\\laravel\\framework\\src\\Illuminate\\Database\\Connectors\\ConnectionFactory.php(184): Illuminate\\Database\\Connectors\\MySqlConnector->connect(Array)
#4 [internal function]: Illuminate\\Database\\Connectors\\ConnectionFactory->Illuminate\\Database\\Connectors\\{closure}()
#5 C:\\Users\\SINCHINE DAS\\OneDrive\\Desktop\\first\\hospitalMS\\vendor\\laravel\\framework\\src\\Illuminate\\Database\\Connection.php(1064): call_user_func(Object(Closure))
#6 C:\\Users\\SINCHINE DAS\\OneDrive\\Desktop\\first\\hospitalMS\\vendor\\laravel\\framework\\src\\Illuminate\\Database\\Connection.php(1100): Illuminate\\Database\\Connection->getPdo()
#7 C:\\Users\\SINCHINE DAS\\OneDrive\\Desktop\\first\\hospitalMS\\vendor\\laravel\\framework\\src\\Illuminate\\Database\\Connection.php(442): Illuminate\\Database\\Connection->getReadPdo()
#8 C:\\Users\\SINCHINE DAS\\OneDrive\\Desktop\\first\\hospitalMS\\vendor\\laravel\\framework\\src\\Illuminate\\Database\\Connection.php(368): Illuminate\\Database\\Connection->getPdoForSelect(true)
#9 C:\\Users\\SINCHINE DAS\\OneDrive\\Desktop\\first\\hospitalMS\\vendor\\laravel\\framework\\src\\Illuminate\\Database\\Connection.php(705): Illuminate\\Database\\Connection->Illuminate\\Database\\{closure}('SHOW FULL TABLE...', Array)
#10 C:\\Users\\SINCHINE DAS\\OneDrive\\Desktop\\first\\hospitalMS\\vendor\\laravel\\framework\\src\\Illuminate\\Database\\Connection.php(672): Illuminate\\Database\\Connection->runQueryCallback('SHOW FULL TABLE...', Array, Object(Closure))
#11 C:\\Users\\SINCHINE DAS\\OneDrive\\Desktop\\first\\hospitalMS\\vendor\\laravel\\framework\\src\\Illuminate\\Database\\Connection.php(359): Illuminate\\Database\\Connection->run('SHOW FULL TABLE...', Array, Object(Closure))
#12 C:\\Users\\SINCHINE DAS\\OneDrive\\Desktop\\first\\hospitalMS\\vendor\\laravel\\framework\\src\\Illuminate\\Database\\Schema\\MySqlBuilder.php(124): Illuminate\\Database\\Connection->select('SHOW FULL TABLE...')
#13 C:\\Users\\SINCHINE DAS\\OneDrive\\Desktop\\first\\hospitalMS\\vendor\\laravel\\framework\\src\\Illuminate\\Database\\Schema\\MySqlBuilder.php(74): Illuminate\\Database\\Schema\\MySqlBuilder->getAllTables()
#14 C:\\Users\\SINCHINE DAS\\OneDrive\\Desktop\\first\\hospitalMS\\vendor\\laravel\\framework\\src\\Illuminate\\Database\\Console\\WipeCommand.php(69): Illuminate\\Database\\Schema\\MySqlBuilder->dropAllTables()
#15 C:\\Users\\SINCHINE DAS\\OneDrive\\Desktop\\first\\hospitalMS\\vendor\\laravel\\framework\\src\\Illuminate\\Database\\Console\\WipeCommand.php(46): Illuminate\\Database\\Console\\WipeCommand->dropAllTables(NULL)
#16 C:\\Users\\SINCHINE DAS\\OneDrive\\Desktop\\first\\hospitalMS\\vendor\\laravel\\framework\\src\\Illuminate\\Container\\BoundMethod.php(36): Illuminate\\Database\\Console\\WipeCommand->handle()
#17 C:\\Users\\SINCHINE DAS\\OneDrive\\Desktop\\first\\hospitalMS\\vendor\\laravel\\framework\\src\\Illuminate\\Container\\Util.php(40): Illuminate\\Container\\BoundMethod::Illuminate\\Container\\{closure}()
#18 C:\\Users\\SINCHINE DAS\\OneDrive\\Desktop\\first\\hospitalMS\\vendor\\laravel\\framework\\src\\Illuminate\\Container\\BoundMethod.php(93): Illuminate\\Container\\Util::unwrapIfClosure(Object(Closure))
#19 C:\\Users\\SINCHINE DAS\\OneDrive\\Desktop\\first\\hospitalMS\\vendor\\laravel\\framework\\src\\Illuminate\\Container\\BoundMethod.php(35): Illuminate\\Container\\BoundMethod::callBoundMethod(Object(Illuminate\\Foundation\\Application), Array, Object(Closure))
#20 C:\\Users\\SINCHINE DAS\\OneDrive\\Desktop\\first\\hospitalMS\\vendor\\laravel\\framework\\src\\Illuminate\\Container\\Container.php(653): Illuminate\\Container\\BoundMethod::call(Object(Illuminate\\Foundation\\Application), Array, Array, NULL)
#21 C:\\Users\\SINCHINE DAS\\OneDrive\\Desktop\\first\\hospitalMS\\vendor\\laravel\\framework\\src\\Illuminate\\Console\\Command.php(136): Illuminate\\Container\\Container->call(Array)
#22 C:\\Users\\SINCHINE DAS\\OneDrive\\Desktop\\first\\hospitalMS\\vendor\\symfony\\console\\Command\\Command.php(298): Illuminate\\Console\\Command->execute(Object(Symfony\\Component\\Console\\Input\\ArrayInput), Object(Illuminate\\Console\\OutputStyle))
#23 C:\\Users\\SINCHINE DAS\\OneDrive\\Desktop\\first\\hospitalMS\\vendor\\laravel\\framework\\src\\Illuminate\\Console\\Command.php(120): Symfony\\Component\\Console\\Command\\Command->run(Object(Symfony\\Component\\Console\\Input\\ArrayInput), Object(Illuminate\\Console\\OutputStyle))
#24 C:\\Users\\SINCHINE DAS\\OneDrive\\Desktop\\first\\hospitalMS\\vendor\\laravel\\framework\\src\\Illuminate\\Console\\Concerns\\CallsCommands.php(67): Illuminate\\Console\\Command->run(Object(Symfony\\Component\\Console\\Input\\ArrayInput), Object(Illuminate\\Console\\OutputStyle))
#25 C:\\Users\\SINCHINE DAS\\OneDrive\\Desktop\\first\\hospitalMS\\vendor\\laravel\\framework\\src\\Illuminate\\Console\\Concerns\\CallsCommands.php(28): Illuminate\\Console\\Command->runCommand('db:wipe', Array, Object(Illuminate\\Console\\OutputStyle))
#26 C:\\Users\\SINCHINE DAS\\OneDrive\\Desktop\\first\\hospitalMS\\vendor\\laravel\\framework\\src\\Illuminate\\Database\\Console\\Migrations\\FreshCommand.php(42): Illuminate\\Console\\Command->call('db:wipe', Array)
#27 C:\\Users\\SINCHINE DAS\\OneDrive\\Desktop\\first\\hospitalMS\\vendor\\laravel\\framework\\src\\Illuminate\\Container\\BoundMethod.php(36): Illuminate\\Database\\Console\\Migrations\\FreshCommand->handle()
#28 C:\\Users\\SINCHINE DAS\\OneDrive\\Desktop\\first\\hospitalMS\\vendor\\laravel\\framework\\src\\Illuminate\\Container\\Util.php(40): Illuminate\\Container\\BoundMethod::Illuminate\\Container\\{closure}()
#29 C:\\Users\\SINCHINE DAS\\OneDrive\\Desktop\\first\\hospitalMS\\vendor\\laravel\\framework\\src\\Illuminate\\Container\\BoundMethod.php(93): Illuminate\\Container\\Util::unwrapIfClosure(Object(Closure))
#30 C:\\Users\\SINCHINE DAS\\OneDrive\\Desktop\\first\\hospitalMS\\vendor\\laravel\\framework\\src\\Illuminate\\Container\\BoundMethod.php(35): Illuminate\\Container\\BoundMethod::callBoundMethod(Object(Illuminate\\Foundation\\Application), Array, Object(Closure))
#31 C:\\Users\\SINCHINE DAS\\OneDrive\\Desktop\\first\\hospitalMS\\vendor\\laravel\\framework\\src\\Illuminate\\Container\\Container.php(653): Illuminate\\Container\\BoundMethod::call(Object(Illuminate\\Foundation\\Application), Array, Array, NULL)
#32 C:\\Users\\SINCHINE DAS\\OneDrive\\Desktop\\first\\hospitalMS\\vendor\\laravel\\framework\\src\\Illuminate\\Console\\Command.php(136): Illuminate\\Container\\Container->call(Array)
#33 C:\\Users\\SINCHINE DAS\\OneDrive\\Desktop\\first\\hospitalMS\\vendor\\symfony\\console\\Command\\Command.php(298): Illuminate\\Console\\Command->execute(Object(Symfony\\Component\\Console\\Input\\ArgvInput), Object(Illuminate\\Console\\OutputStyle))
#34 C:\\Users\\SINCHINE DAS\\OneDrive\\Desktop\\first\\hospitalMS\\vendor\\laravel\\framework\\src\\Illuminate\\Console\\Command.php(120): Symfony\\Component\\Console\\Command\\Command->run(Object(Symfony\\Component\\Console\\Input\\ArgvInput), Object(Illuminate\\Console\\OutputStyle))
#35 C:\\Users\\SINCHINE DAS\\OneDrive\\Desktop\\first\\hospitalMS\\vendor\\symfony\\console\\Application.php(1040): Illuminate\\Console\\Command->run(Object(Symfony\\Component\\Console\\Input\\ArgvInput), Object(Symfony\\Component\\Console\\Output\\ConsoleOutput))
#36 C:\\Users\\SINCHINE DAS\\OneDrive\\Desktop\\first\\hospitalMS\\vendor\\symfony\\console\\Application.php(301): Symfony\\Component\\Console\\Application->doRunCommand(Object(Illuminate\\Database\\Console\\Migrations\\FreshCommand), Object(Symfony\\Component\\Console\\Input\\ArgvInput), Object(Symfony\\Component\\Console\\Output\\ConsoleOutput))
#37 C:\\Users\\SINCHINE DAS\\OneDrive\\Desktop\\first\\hospitalMS\\vendor\\symfony\\console\\Application.php(171): Symfony\\Component\\Console\\Application->doRun(Object(Symfony\\Component\\Console\\Input\\ArgvInput), Object(Symfony\\Component\\Console\\Output\\ConsoleOutput))
#38 C:\\Users\\SINCHINE DAS\\OneDrive\\Desktop\\first\\hospitalMS\\vendor\\laravel\\framework\\src\\Illuminate\\Console\\Application.php(94): Symfony\\Component\\Console\\Application->run(Object(Symfony\\Component\\Console\\Input\\ArgvInput), Object(Symfony\\Component\\Console\\Output\\ConsoleOutput))
#39 C:\\Users\\SINCHINE DAS\\OneDrive\\Desktop\\first\\hospitalMS\\vendor\\laravel\\framework\\src\\Illuminate\\Foundation\\Console\\Kernel.php(129): Illuminate\\Console\\Application->run(Object(Symfony\\Component\\Console\\Input\\ArgvInput), Object(Symfony\\Component\\Console\\Output\\ConsoleOutput))
#40 C:\\Users\\SINCHINE DAS\\OneDrive\\Desktop\\first\\hospitalMS\\artisan(35): Illuminate\\Foundation\\Console\\Kernel->handle(Object(Symfony\\Component\\Console\\Input\\ArgvInput), Object(Symfony\\Component\\Console\\Output\\ConsoleOutput))
#41 {main}
"} 
[2025-04-30 03:40:31] local.ERROR: SQLSTATE[HY000] [2002] No connection could be made because the target machine actively refused it (SQL: select * from `settings` where `settings`.`deleted_at` is null order by `created_at` desc limit 1) (View: C:\Users\SINCHINE DAS\OneDrive\Desktop\first\hospitalMS\resources\views\index.blade.php) {"view":{"view":"C:\\Users\\SINCHINE DAS\\OneDrive\\Desktop\\first\\hospitalMS\\vendor\\laravel\\framework\\src\\Illuminate\\Database\\Connection.php","data":[]},"exception":"[object] (Facade\\Ignition\\Exceptions\\ViewException(code: 0): SQLSTATE[HY000] [2002] No connection could be made because the target machine actively refused it (SQL: select * from `settings` where `settings`.`deleted_at` is null order by `created_at` desc limit 1) (View: C:\\Users\\SINCHINE DAS\\OneDrive\\Desktop\\first\\hospitalMS\\resources\\views\\index.blade.php) at C:\\Users\\SINCHINE DAS\\OneDrive\\Desktop\\first\\hospitalMS\\vendor\\laravel\\framework\\src\\Illuminate\\Database\\Connection.php:712)
[stacktrace]
#0 C:\\Users\\SINCHINE DAS\\OneDrive\\Desktop\\first\\hospitalMS\\vendor\\laravel\\framework\\src\\Illuminate\\Database\\Connection.php(672): Illuminate\\Database\\Connection->runQueryCallback('select * from `...', Array, Object(Closure))
#1 C:\\Users\\SINCHINE DAS\\OneDrive\\Desktop\\first\\hospitalMS\\vendor\\laravel\\framework\\src\\Illuminate\\Database\\Connection.php(359): Illuminate\\Database\\Connection->run('select * from `...', Array, Object(Closure))
#2 C:\\Users\\SINCHINE DAS\\OneDrive\\Desktop\\first\\hospitalMS\\vendor\\laravel\\framework\\src\\Illuminate\\Database\\Query\\Builder.php(2413): Illuminate\\Database\\Connection->select('select * from `...', Array, true)
#3 C:\\Users\\SINCHINE DAS\\OneDrive\\Desktop\\first\\hospitalMS\\vendor\\laravel\\framework\\src\\Illuminate\\Database\\Query\\Builder.php(2402): Illuminate\\Database\\Query\\Builder->runSelect()
#4 C:\\Users\\SINCHINE DAS\\OneDrive\\Desktop\\first\\hospitalMS\\vendor\\laravel\\framework\\src\\Illuminate\\Database\\Query\\Builder.php(2936): Illuminate\\Database\\Query\\Builder->Illuminate\\Database\\Query\\{closure}()
#5 C:\\Users\\SINCHINE DAS\\OneDrive\\Desktop\\first\\hospitalMS\\vendor\\laravel\\framework\\src\\Illuminate\\Database\\Query\\Builder.php(2401): Illuminate\\Database\\Query\\Builder->onceWithColumns(Array, Object(Closure))
#6 C:\\Users\\SINCHINE DAS\\OneDrive\\Desktop\\first\\hospitalMS\\vendor\\laravel\\framework\\src\\Illuminate\\Database\\Eloquent\\Builder.php(625): Illuminate\\Database\\Query\\Builder->get(Array)
#7 C:\\Users\\SINCHINE DAS\\OneDrive\\Desktop\\first\\hospitalMS\\vendor\\laravel\\framework\\src\\Illuminate\\Database\\Eloquent\\Builder.php(609): Illuminate\\Database\\Eloquent\\Builder->getModels(Array)
#8 C:\\Users\\SINCHINE DAS\\OneDrive\\Desktop\\first\\hospitalMS\\vendor\\laravel\\framework\\src\\Illuminate\\Database\\Concerns\\BuildsQueries.php(294): Illuminate\\Database\\Eloquent\\Builder->get(Array)
#9 C:\\Users\\SINCHINE DAS\\OneDrive\\Desktop\\first\\hospitalMS\\resources\\views/index.blade.php(3): Illuminate\\Database\\Eloquent\\Builder->first()
#10 C:\\Users\\SINCHINE DAS\\OneDrive\\Desktop\\first\\hospitalMS\\vendor\\laravel\\framework\\src\\Illuminate\\Filesystem\\Filesystem.php(107): require('C:\\\\Users\\\\SINCHI...')
#11 C:\\Users\\SINCHINE DAS\\OneDrive\\Desktop\\first\\hospitalMS\\vendor\\laravel\\framework\\src\\Illuminate\\Filesystem\\Filesystem.php(108): Illuminate\\Filesystem\\Filesystem::Illuminate\\Filesystem\\{closure}()
#12 C:\\Users\\SINCHINE DAS\\OneDrive\\Desktop\\first\\hospitalMS\\vendor\\laravel\\framework\\src\\Illuminate\\View\\Engines\\PhpEngine.php(58): Illuminate\\Filesystem\\Filesystem->getRequire('C:\\\\Users\\\\SINCHI...', Array)
#13 C:\\Users\\SINCHINE DAS\\OneDrive\\Desktop\\first\\hospitalMS\\vendor\\livewire\\livewire\\src\\ComponentConcerns\\RendersLivewireComponents.php(69): Illuminate\\View\\Engines\\PhpEngine->evaluatePath('C:\\\\Users\\\\SINCHI...', Array)
#14 C:\\Users\\SINCHINE DAS\\OneDrive\\Desktop\\first\\hospitalMS\\vendor\\laravel\\framework\\src\\Illuminate\\View\\Engines\\CompilerEngine.php(61): Livewire\\CompilerEngineForIgnition->evaluatePath('C:\\\\Users\\\\SINCHI...', Array)
#15 C:\\Users\\SINCHINE DAS\\OneDrive\\Desktop\\first\\hospitalMS\\vendor\\facade\\ignition\\src\\Views\\Engines\\CompilerEngine.php(37): Illuminate\\View\\Engines\\CompilerEngine->get('C:\\\\Users\\\\SINCHI...', Array)
#16 C:\\Users\\SINCHINE DAS\\OneDrive\\Desktop\\first\\hospitalMS\\vendor\\livewire\\livewire\\src\\ComponentConcerns\\RendersLivewireComponents.php(35): Facade\\Ignition\\Views\\Engines\\CompilerEngine->get('C:\\\\Users\\\\SINCHI...', Array)
#17 C:\\Users\\SINCHINE DAS\\OneDrive\\Desktop\\first\\hospitalMS\\vendor\\laravel\\framework\\src\\Illuminate\\View\\View.php(139): Livewire\\CompilerEngineForIgnition->get('C:\\\\Users\\\\SINCHI...', Array)
#18 C:\\Users\\SINCHINE DAS\\OneDrive\\Desktop\\first\\hospitalMS\\vendor\\laravel\\framework\\src\\Illuminate\\View\\View.php(122): Illuminate\\View\\View->getContents()
#19 C:\\Users\\SINCHINE DAS\\OneDrive\\Desktop\\first\\hospitalMS\\vendor\\laravel\\framework\\src\\Illuminate\\View\\View.php(91): Illuminate\\View\\View->renderContents()
#20 C:\\Users\\SINCHINE DAS\\OneDrive\\Desktop\\first\\hospitalMS\\vendor\\laravel\\framework\\src\\Illuminate\\Http\\Response.php(69): Illuminate\\View\\View->render()
#21 C:\\Users\\SINCHINE DAS\\OneDrive\\Desktop\\first\\hospitalMS\\vendor\\laravel\\framework\\src\\Illuminate\\Http\\Response.php(35): Illuminate\\Http\\Response->setContent(Object(Illuminate\\View\\View))
#22 C:\\Users\\SINCHINE DAS\\OneDrive\\Desktop\\first\\hospitalMS\\vendor\\laravel\\framework\\src\\Illuminate\\Routing\\Router.php(820): Illuminate\\Http\\Response->__construct(Object(Illuminate\\View\\View), 200, Array)
#23 C:\\Users\\SINCHINE DAS\\OneDrive\\Desktop\\first\\hospitalMS\\vendor\\laravel\\framework\\src\\Illuminate\\Routing\\Router.php(789): Illuminate\\Routing\\Router::toResponse(Object(Illuminate\\Http\\Request), Object(Illuminate\\View\\View))
#24 C:\\Users\\SINCHINE DAS\\OneDrive\\Desktop\\first\\hospitalMS\\vendor\\laravel\\framework\\src\\Illuminate\\Routing\\Router.php(720): Illuminate\\Routing\\Router->prepareResponse(Object(Illuminate\\Http\\Request), Object(Illuminate\\View\\View))
#25 C:\\Users\\SINCHINE DAS\\OneDrive\\Desktop\\first\\hospitalMS\\vendor\\laravel\\framework\\src\\Illuminate\\Pipeline\\Pipeline.php(128): Illuminate\\Routing\\Router->Illuminate\\Routing\\{closure}(Object(Illuminate\\Http\\Request))
#26 C:\\Users\\SINCHINE DAS\\OneDrive\\Desktop\\first\\hospitalMS\\vendor\\laravel\\framework\\src\\Illuminate\\Routing\\Middleware\\SubstituteBindings.php(50): Illuminate\\Pipeline\\Pipeline->Illuminate\\Pipeline\\{closure}(Object(Illuminate\\Http\\Request))
#27 C:\\Users\\SINCHINE DAS\\OneDrive\\Desktop\\first\\hospitalMS\\vendor\\laravel\\framework\\src\\Illuminate\\Pipeline\\Pipeline.php(167): Illuminate\\Routing\\Middleware\\SubstituteBindings->handle(Object(Illuminate\\Http\\Request), Object(Closure))
#28 C:\\Users\\SINCHINE DAS\\OneDrive\\Desktop\\first\\hospitalMS\\vendor\\laravel\\framework\\src\\Illuminate\\Foundation\\Http\\Middleware\\VerifyCsrfToken.php(78): Illuminate\\Pipeline\\Pipeline->Illuminate\\Pipeline\\{closure}(Object(Illuminate\\Http\\Request))
#29 C:\\Users\\SINCHINE DAS\\OneDrive\\Desktop\\first\\hospitalMS\\vendor\\laravel\\framework\\src\\Illuminate\\Pipeline\\Pipeline.php(167): Illuminate\\Foundation\\Http\\Middleware\\VerifyCsrfToken->handle(Object(Illuminate\\Http\\Request), Object(Closure))
#30 C:\\Users\\SINCHINE DAS\\OneDrive\\Desktop\\first\\hospitalMS\\vendor\\laravel\\framework\\src\\Illuminate\\View\\Middleware\\ShareErrorsFromSession.php(49): Illuminate\\Pipeline\\Pipeline->Illuminate\\Pipeline\\{closure}(Object(Illuminate\\Http\\Request))
#31 C:\\Users\\SINCHINE DAS\\OneDrive\\Desktop\\first\\hospitalMS\\vendor\\laravel\\framework\\src\\Illuminate\\Pipeline\\Pipeline.php(167): Illuminate\\View\\Middleware\\ShareErrorsFromSession->handle(Object(Illuminate\\Http\\Request), Object(Closure))
#32 C:\\Users\\SINCHINE DAS\\OneDrive\\Desktop\\first\\hospitalMS\\vendor\\laravel\\framework\\src\\Illuminate\\Session\\Middleware\\StartSession.php(121): Illuminate\\Pipeline\\Pipeline->Illuminate\\Pipeline\\{closure}(Object(Illuminate\\Http\\Request))
#33 C:\\Users\\SINCHINE DAS\\OneDrive\\Desktop\\first\\hospitalMS\\vendor\\laravel\\framework\\src\\Illuminate\\Session\\Middleware\\StartSession.php(64): Illuminate\\Session\\Middleware\\StartSession->handleStatefulRequest(Object(Illuminate\\Http\\Request), Object(Illuminate\\Session\\Store), Object(Closure))
#34 C:\\Users\\SINCHINE DAS\\OneDrive\\Desktop\\first\\hospitalMS\\vendor\\laravel\\framework\\src\\Illuminate\\Pipeline\\Pipeline.php(167): Illuminate\\Session\\Middleware\\StartSession->handle(Object(Illuminate\\Http\\Request), Object(Closure))
#35 C:\\Users\\SINCHINE DAS\\OneDrive\\Desktop\\first\\hospitalMS\\vendor\\laravel\\framework\\src\\Illuminate\\Cookie\\Middleware\\AddQueuedCookiesToResponse.php(37): Illuminate\\Pipeline\\Pipeline->Illuminate\\Pipeline\\{closure}(Object(Illuminate\\Http\\Request))
#36 C:\\Users\\SINCHINE DAS\\OneDrive\\Desktop\\first\\hospitalMS\\vendor\\laravel\\framework\\src\\Illuminate\\Pipeline\\Pipeline.php(167): Illuminate\\Cookie\\Middleware\\AddQueuedCookiesToResponse->handle(Object(Illuminate\\Http\\Request), Object(Closure))
#37 C:\\Users\\SINCHINE DAS\\OneDrive\\Desktop\\first\\hospitalMS\\vendor\\laravel\\framework\\src\\Illuminate\\Cookie\\Middleware\\EncryptCookies.php(67): Illuminate\\Pipeline\\Pipeline->Illuminate\\Pipeline\\{closure}(Object(Illuminate\\Http\\Request))
#38 C:\\Users\\SINCHINE DAS\\OneDrive\\Desktop\\first\\hospitalMS\\vendor\\laravel\\framework\\src\\Illuminate\\Pipeline\\Pipeline.php(167): Illuminate\\Cookie\\Middleware\\EncryptCookies->handle(Object(Illuminate\\Http\\Request), Object(Closure))
#39 C:\\Users\\SINCHINE DAS\\OneDrive\\Desktop\\first\\hospitalMS\\vendor\\laravel\\framework\\src\\Illuminate\\Pipeline\\Pipeline.php(103): Illuminate\\Pipeline\\Pipeline->Illuminate\\Pipeline\\{closure}(Object(Illuminate\\Http\\Request))
#40 C:\\Users\\SINCHINE DAS\\OneDrive\\Desktop\\first\\hospitalMS\\vendor\\laravel\\framework\\src\\Illuminate\\Routing\\Router.php(719): Illuminate\\Pipeline\\Pipeline->then(Object(Closure))
#41 C:\\Users\\SINCHINE DAS\\OneDrive\\Desktop\\first\\hospitalMS\\vendor\\laravel\\framework\\src\\Illuminate\\Routing\\Router.php(698): Illuminate\\Routing\\Router->runRouteWithinStack(Object(Illuminate\\Routing\\Route), Object(Illuminate\\Http\\Request))
#42 C:\\Users\\SINCHINE DAS\\OneDrive\\Desktop\\first\\hospitalMS\\vendor\\laravel\\framework\\src\\Illuminate\\Routing\\Router.php(662): Illuminate\\Routing\\Router->runRoute(Object(Illuminate\\Http\\Request), Object(Illuminate\\Routing\\Route))
#43 C:\\Users\\SINCHINE DAS\\OneDrive\\Desktop\\first\\hospitalMS\\vendor\\laravel\\framework\\src\\Illuminate\\Routing\\Router.php(651): Illuminate\\Routing\\Router->dispatchToRoute(Object(Illuminate\\Http\\Request))
#44 C:\\Users\\SINCHINE DAS\\OneDrive\\Desktop\\first\\hospitalMS\\vendor\\laravel\\framework\\src\\Illuminate\\Foundation\\Http\\Kernel.php(167): Illuminate\\Routing\\Router->dispatch(Object(Illuminate\\Http\\Request))
#45 C:\\Users\\SINCHINE DAS\\OneDrive\\Desktop\\first\\hospitalMS\\vendor\\laravel\\framework\\src\\Illuminate\\Pipeline\\Pipeline.php(128): Illuminate\\Foundation\\Http\\Kernel->Illuminate\\Foundation\\Http\\{closure}(Object(Illuminate\\Http\\Request))
#46 C:\\Users\\SINCHINE DAS\\OneDrive\\Desktop\\first\\hospitalMS\\vendor\\livewire\\livewire\\src\\DisableBrowserCache.php(19): Illuminate\\Pipeline\\Pipeline->Illuminate\\Pipeline\\{closure}(Object(Illuminate\\Http\\Request))
#47 C:\\Users\\SINCHINE DAS\\OneDrive\\Desktop\\first\\hospitalMS\\vendor\\laravel\\framework\\src\\Illuminate\\Pipeline\\Pipeline.php(167): Livewire\\DisableBrowserCache->handle(Object(Illuminate\\Http\\Request), Object(Closure))
#48 C:\\Users\\SINCHINE DAS\\OneDrive\\Desktop\\first\\hospitalMS\\vendor\\laravel\\framework\\src\\Illuminate\\Foundation\\Http\\Middleware\\TransformsRequest.php(21): Illuminate\\Pipeline\\Pipeline->Illuminate\\Pipeline\\{closure}(Object(Illuminate\\Http\\Request))
#49 C:\\Users\\SINCHINE DAS\\OneDrive\\Desktop\\first\\hospitalMS\\vendor\\laravel\\framework\\src\\Illuminate\\Foundation\\Http\\Middleware\\ConvertEmptyStringsToNull.php(31): Illuminate\\Foundation\\Http\\Middleware\\TransformsRequest->handle(Object(Illuminate\\Http\\Request), Object(Closure))
#50 C:\\Users\\SINCHINE DAS\\OneDrive\\Desktop\\first\\hospitalMS\\vendor\\laravel\\framework\\src\\Illuminate\\Pipeline\\Pipeline.php(167): Illuminate\\Foundation\\Http\\Middleware\\ConvertEmptyStringsToNull->handle(Object(Illuminate\\Http\\Request), Object(Closure))
#51 C:\\Users\\SINCHINE DAS\\OneDrive\\Desktop\\first\\hospitalMS\\vendor\\laravel\\framework\\src\\Illuminate\\Foundation\\Http\\Middleware\\TransformsRequest.php(21): Illuminate\\Pipeline\\Pipeline->Illuminate\\Pipeline\\{closure}(Object(Illuminate\\Http\\Request))
#52 C:\\Users\\SINCHINE DAS\\OneDrive\\Desktop\\first\\hospitalMS\\vendor\\laravel\\framework\\src\\Illuminate\\Foundation\\Http\\Middleware\\TrimStrings.php(40): Illuminate\\Foundation\\Http\\Middleware\\TransformsRequest->handle(Object(Illuminate\\Http\\Request), Object(Closure))
#53 C:\\Users\\SINCHINE DAS\\OneDrive\\Desktop\\first\\hospitalMS\\vendor\\laravel\\framework\\src\\Illuminate\\Pipeline\\Pipeline.php(167): Illuminate\\Foundation\\Http\\Middleware\\TrimStrings->handle(Object(Illuminate\\Http\\Request), Object(Closure))
#54 C:\\Users\\SINCHINE DAS\\OneDrive\\Desktop\\first\\hospitalMS\\vendor\\laravel\\framework\\src\\Illuminate\\Foundation\\Http\\Middleware\\ValidatePostSize.php(27): Illuminate\\Pipeline\\Pipeline->Illuminate\\Pipeline\\{closure}(Object(Illuminate\\Http\\Request))
#55 C:\\Users\\SINCHINE DAS\\OneDrive\\Desktop\\first\\hospitalMS\\vendor\\laravel\\framework\\src\\Illuminate\\Pipeline\\Pipeline.php(167): Illuminate\\Foundation\\Http\\Middleware\\ValidatePostSize->handle(Object(Illuminate\\Http\\Request), Object(Closure))
#56 C:\\Users\\SINCHINE DAS\\OneDrive\\Desktop\\first\\hospitalMS\\vendor\\laravel\\framework\\src\\Illuminate\\Foundation\\Http\\Middleware\\PreventRequestsDuringMaintenance.php(86): Illuminate\\Pipeline\\Pipeline->Illuminate\\Pipeline\\{closure}(Object(Illuminate\\Http\\Request))
#57 C:\\Users\\SINCHINE DAS\\OneDrive\\Desktop\\first\\hospitalMS\\vendor\\laravel\\framework\\src\\Illuminate\\Pipeline\\Pipeline.php(167): Illuminate\\Foundation\\Http\\Middleware\\PreventRequestsDuringMaintenance->handle(Object(Illuminate\\Http\\Request), Object(Closure))
#58 C:\\Users\\SINCHINE DAS\\OneDrive\\Desktop\\first\\hospitalMS\\vendor\\fruitcake\\laravel-cors\\src\\HandleCors.php(38): Illuminate\\Pipeline\\Pipeline->Illuminate\\Pipeline\\{closure}(Object(Illuminate\\Http\\Request))
#59 C:\\Users\\SINCHINE DAS\\OneDrive\\Desktop\\first\\hospitalMS\\vendor\\laravel\\framework\\src\\Illuminate\\Pipeline\\Pipeline.php(167): Fruitcake\\Cors\\HandleCors->handle(Object(Illuminate\\Http\\Request), Object(Closure))
#60 C:\\Users\\SINCHINE DAS\\OneDrive\\Desktop\\first\\hospitalMS\\vendor\\fideloper\\proxy\\src\\TrustProxies.php(57): Illuminate\\Pipeline\\Pipeline->Illuminate\\Pipeline\\{closure}(Object(Illuminate\\Http\\Request))
#61 C:\\Users\\SINCHINE DAS\\OneDrive\\Desktop\\first\\hospitalMS\\vendor\\laravel\\framework\\src\\Illuminate\\Pipeline\\Pipeline.php(167): Fideloper\\Proxy\\TrustProxies->handle(Object(Illuminate\\Http\\Request), Object(Closure))
#62 C:\\Users\\SINCHINE DAS\\OneDrive\\Desktop\\first\\hospitalMS\\vendor\\laravel\\framework\\src\\Illuminate\\Pipeline\\Pipeline.php(103): Illuminate\\Pipeline\\Pipeline->Illuminate\\Pipeline\\{closure}(Object(Illuminate\\Http\\Request))
#63 C:\\Users\\SINCHINE DAS\\OneDrive\\Desktop\\first\\hospitalMS\\vendor\\laravel\\framework\\src\\Illuminate\\Foundation\\Http\\Kernel.php(142): Illuminate\\Pipeline\\Pipeline->then(Object(Closure))
#64 C:\\Users\\SINCHINE DAS\\OneDrive\\Desktop\\first\\hospitalMS\\vendor\\laravel\\framework\\src\\Illuminate\\Foundation\\Http\\Kernel.php(111): Illuminate\\Foundation\\Http\\Kernel->sendRequestThroughRouter(Object(Illuminate\\Http\\Request))
#65 C:\\Users\\SINCHINE DAS\\OneDrive\\Desktop\\first\\hospitalMS\\public\\index.php(51): Illuminate\\Foundation\\Http\\Kernel->handle(Object(Illuminate\\Http\\Request))
#66 C:\\Users\\SINCHINE DAS\\OneDrive\\Desktop\\first\\hospitalMS\\server.php(21): require_once('C:\\\\Users\\\\SINCHI...')
#67 {main}

[previous exception] [object] (Illuminate\\Database\\QueryException(code: 2002): SQLSTATE[HY000] [2002] No connection could be made because the target machine actively refused it (SQL: select * from `settings` where `settings`.`deleted_at` is null order by `created_at` desc limit 1) at C:\\Users\\SINCHINE DAS\\OneDrive\\Desktop\\first\\hospitalMS\\vendor\\laravel\\framework\\src\\Illuminate\\Database\\Connection.php:712)
[stacktrace]
#0 C:\\Users\\SINCHINE DAS\\OneDrive\\Desktop\\first\\hospitalMS\\vendor\\laravel\\framework\\src\\Illuminate\\Database\\Connection.php(672): Illuminate\\Database\\Connection->runQueryCallback('select * from `...', Array, Object(Closure))
#1 C:\\Users\\SINCHINE DAS\\OneDrive\\Desktop\\first\\hospitalMS\\vendor\\laravel\\framework\\src\\Illuminate\\Database\\Connection.php(359): Illuminate\\Database\\Connection->run('select * from `...', Array, Object(Closure))
#2 C:\\Users\\SINCHINE DAS\\OneDrive\\Desktop\\first\\hospitalMS\\vendor\\laravel\\framework\\src\\Illuminate\\Database\\Query\\Builder.php(2413): Illuminate\\Database\\Connection->select('select * from `...', Array, true)
#3 C:\\Users\\SINCHINE DAS\\OneDrive\\Desktop\\first\\hospitalMS\\vendor\\laravel\\framework\\src\\Illuminate\\Database\\Query\\Builder.php(2402): Illuminate\\Database\\Query\\Builder->runSelect()
#4 C:\\Users\\SINCHINE DAS\\OneDrive\\Desktop\\first\\hospitalMS\\vendor\\laravel\\framework\\src\\Illuminate\\Database\\Query\\Builder.php(2936): Illuminate\\Database\\Query\\Builder->Illuminate\\Database\\Query\\{closure}()
#5 C:\\Users\\SINCHINE DAS\\OneDrive\\Desktop\\first\\hospitalMS\\vendor\\laravel\\framework\\src\\Illuminate\\Database\\Query\\Builder.php(2401): Illuminate\\Database\\Query\\Builder->onceWithColumns(Array, Object(Closure))
#6 C:\\Users\\SINCHINE DAS\\OneDrive\\Desktop\\first\\hospitalMS\\vendor\\laravel\\framework\\src\\Illuminate\\Database\\Eloquent\\Builder.php(625): Illuminate\\Database\\Query\\Builder->get(Array)
#7 C:\\Users\\SINCHINE DAS\\OneDrive\\Desktop\\first\\hospitalMS\\vendor\\laravel\\framework\\src\\Illuminate\\Database\\Eloquent\\Builder.php(609): Illuminate\\Database\\Eloquent\\Builder->getModels(Array)
#8 C:\\Users\\SINCHINE DAS\\OneDrive\\Desktop\\first\\hospitalMS\\vendor\\laravel\\framework\\src\\Illuminate\\Database\\Concerns\\BuildsQueries.php(294): Illuminate\\Database\\Eloquent\\Builder->get(Array)
#9 C:\\Users\\SINCHINE DAS\\OneDrive\\Desktop\\first\\hospitalMS\\storage\\framework\\views\\3eb6400fb2ce03f9287d039c54a36dac141ef7a0.php(3): Illuminate\\Database\\Eloquent\\Builder->first()
#10 C:\\Users\\SINCHINE DAS\\OneDrive\\Desktop\\first\\hospitalMS\\vendor\\laravel\\framework\\src\\Illuminate\\Filesystem\\Filesystem.php(107): require('C:\\\\Users\\\\SINCHI...')
#11 C:\\Users\\SINCHINE DAS\\OneDrive\\Desktop\\first\\hospitalMS\\vendor\\laravel\\framework\\src\\Illuminate\\Filesystem\\Filesystem.php(108): Illuminate\\Filesystem\\Filesystem::Illuminate\\Filesystem\\{closure}()
#12 C:\\Users\\SINCHINE DAS\\OneDrive\\Desktop\\first\\hospitalMS\\vendor\\laravel\\framework\\src\\Illuminate\\View\\Engines\\PhpEngine.php(58): Illuminate\\Filesystem\\Filesystem->getRequire('C:\\\\Users\\\\SINCHI...', Array)
#13 C:\\Users\\SINCHINE DAS\\OneDrive\\Desktop\\first\\hospitalMS\\vendor\\livewire\\livewire\\src\\ComponentConcerns\\RendersLivewireComponents.php(69): Illuminate\\View\\Engines\\PhpEngine->evaluatePath('C:\\\\Users\\\\SINCHI...', Array)
#14 C:\\Users\\SINCHINE DAS\\OneDrive\\Desktop\\first\\hospitalMS\\vendor\\laravel\\framework\\src\\Illuminate\\View\\Engines\\CompilerEngine.php(61): Livewire\\CompilerEngineForIgnition->evaluatePath('C:\\\\Users\\\\SINCHI...', Array)
#15 C:\\Users\\SINCHINE DAS\\OneDrive\\Desktop\\first\\hospitalMS\\vendor\\facade\\ignition\\src\\Views\\Engines\\CompilerEngine.php(37): Illuminate\\View\\Engines\\CompilerEngine->get('C:\\\\Users\\\\SINCHI...', Array)
#16 C:\\Users\\SINCHINE DAS\\OneDrive\\Desktop\\first\\hospitalMS\\vendor\\livewire\\livewire\\src\\ComponentConcerns\\RendersLivewireComponents.php(35): Facade\\Ignition\\Views\\Engines\\CompilerEngine->get('C:\\\\Users\\\\SINCHI...', Array)
#17 C:\\Users\\SINCHINE DAS\\OneDrive\\Desktop\\first\\hospitalMS\\vendor\\laravel\\framework\\src\\Illuminate\\View\\View.php(139): Livewire\\CompilerEngineForIgnition->get('C:\\\\Users\\\\SINCHI...', Array)
#18 C:\\Users\\SINCHINE DAS\\OneDrive\\Desktop\\first\\hospitalMS\\vendor\\laravel\\framework\\src\\Illuminate\\View\\View.php(122): Illuminate\\View\\View->getContents()
#19 C:\\Users\\SINCHINE DAS\\OneDrive\\Desktop\\first\\hospitalMS\\vendor\\laravel\\framework\\src\\Illuminate\\View\\View.php(91): Illuminate\\View\\View->renderContents()
#20 C:\\Users\\SINCHINE DAS\\OneDrive\\Desktop\\first\\hospitalMS\\vendor\\laravel\\framework\\src\\Illuminate\\Http\\Response.php(69): Illuminate\\View\\View->render()
#21 C:\\Users\\SINCHINE DAS\\OneDrive\\Desktop\\first\\hospitalMS\\vendor\\laravel\\framework\\src\\Illuminate\\Http\\Response.php(35): Illuminate\\Http\\Response->setContent(Object(Illuminate\\View\\View))
#22 C:\\Users\\SINCHINE DAS\\OneDrive\\Desktop\\first\\hospitalMS\\vendor\\laravel\\framework\\src\\Illuminate\\Routing\\Router.php(820): Illuminate\\Http\\Response->__construct(Object(Illuminate\\View\\View), 200, Array)
#23 C:\\Users\\SINCHINE DAS\\OneDrive\\Desktop\\first\\hospitalMS\\vendor\\laravel\\framework\\src\\Illuminate\\Routing\\Router.php(789): Illuminate\\Routing\\Router::toResponse(Object(Illuminate\\Http\\Request), Object(Illuminate\\View\\View))
#24 C:\\Users\\SINCHINE DAS\\OneDrive\\Desktop\\first\\hospitalMS\\vendor\\laravel\\framework\\src\\Illuminate\\Routing\\Router.php(720): Illuminate\\Routing\\Router->prepareResponse(Object(Illuminate\\Http\\Request), Object(Illuminate\\View\\View))
#25 C:\\Users\\SINCHINE DAS\\OneDrive\\Desktop\\first\\hospitalMS\\vendor\\laravel\\framework\\src\\Illuminate\\Pipeline\\Pipeline.php(128): Illuminate\\Routing\\Router->Illuminate\\Routing\\{closure}(Object(Illuminate\\Http\\Request))
#26 C:\\Users\\SINCHINE DAS\\OneDrive\\Desktop\\first\\hospitalMS\\vendor\\laravel\\framework\\src\\Illuminate\\Routing\\Middleware\\SubstituteBindings.php(50): Illuminate\\Pipeline\\Pipeline->Illuminate\\Pipeline\\{closure}(Object(Illuminate\\Http\\Request))
#27 C:\\Users\\SINCHINE DAS\\OneDrive\\Desktop\\first\\hospitalMS\\vendor\\laravel\\framework\\src\\Illuminate\\Pipeline\\Pipeline.php(167): Illuminate\\Routing\\Middleware\\SubstituteBindings->handle(Object(Illuminate\\Http\\Request), Object(Closure))
#28 C:\\Users\\SINCHINE DAS\\OneDrive\\Desktop\\first\\hospitalMS\\vendor\\laravel\\framework\\src\\Illuminate\\Foundation\\Http\\Middleware\\VerifyCsrfToken.php(78): Illuminate\\Pipeline\\Pipeline->Illuminate\\Pipeline\\{closure}(Object(Illuminate\\Http\\Request))
#29 C:\\Users\\SINCHINE DAS\\OneDrive\\Desktop\\first\\hospitalMS\\vendor\\laravel\\framework\\src\\Illuminate\\Pipeline\\Pipeline.php(167): Illuminate\\Foundation\\Http\\Middleware\\VerifyCsrfToken->handle(Object(Illuminate\\Http\\Request), Object(Closure))
#30 C:\\Users\\SINCHINE DAS\\OneDrive\\Desktop\\first\\hospitalMS\\vendor\\laravel\\framework\\src\\Illuminate\\View\\Middleware\\ShareErrorsFromSession.php(49): Illuminate\\Pipeline\\Pipeline->Illuminate\\Pipeline\\{closure}(Object(Illuminate\\Http\\Request))
#31 C:\\Users\\SINCHINE DAS\\OneDrive\\Desktop\\first\\hospitalMS\\vendor\\laravel\\framework\\src\\Illuminate\\Pipeline\\Pipeline.php(167): Illuminate\\View\\Middleware\\ShareErrorsFromSession->handle(Object(Illuminate\\Http\\Request), Object(Closure))
#32 C:\\Users\\SINCHINE DAS\\OneDrive\\Desktop\\first\\hospitalMS\\vendor\\laravel\\framework\\src\\Illuminate\\Session\\Middleware\\StartSession.php(121): Illuminate\\Pipeline\\Pipeline->Illuminate\\Pipeline\\{closure}(Object(Illuminate\\Http\\Request))
#33 C:\\Users\\SINCHINE DAS\\OneDrive\\Desktop\\first\\hospitalMS\\vendor\\laravel\\framework\\src\\Illuminate\\Session\\Middleware\\StartSession.php(64): Illuminate\\Session\\Middleware\\StartSession->handleStatefulRequest(Object(Illuminate\\Http\\Request), Object(Illuminate\\Session\\Store), Object(Closure))
#34 C:\\Users\\SINCHINE DAS\\OneDrive\\Desktop\\first\\hospitalMS\\vendor\\laravel\\framework\\src\\Illuminate\\Pipeline\\Pipeline.php(167): Illuminate\\Session\\Middleware\\StartSession->handle(Object(Illuminate\\Http\\Request), Object(Closure))
#35 C:\\Users\\SINCHINE DAS\\OneDrive\\Desktop\\first\\hospitalMS\\vendor\\laravel\\framework\\src\\Illuminate\\Cookie\\Middleware\\AddQueuedCookiesToResponse.php(37): Illuminate\\Pipeline\\Pipeline->Illuminate\\Pipeline\\{closure}(Object(Illuminate\\Http\\Request))
#36 C:\\Users\\SINCHINE DAS\\OneDrive\\Desktop\\first\\hospitalMS\\vendor\\laravel\\framework\\src\\Illuminate\\Pipeline\\Pipeline.php(167): Illuminate\\Cookie\\Middleware\\AddQueuedCookiesToResponse->handle(Object(Illuminate\\Http\\Request), Object(Closure))
#37 C:\\Users\\SINCHINE DAS\\OneDrive\\Desktop\\first\\hospitalMS\\vendor\\laravel\\framework\\src\\Illuminate\\Cookie\\Middleware\\EncryptCookies.php(67): Illuminate\\Pipeline\\Pipeline->Illuminate\\Pipeline\\{closure}(Object(Illuminate\\Http\\Request))
#38 C:\\Users\\SINCHINE DAS\\OneDrive\\Desktop\\first\\hospitalMS\\vendor\\laravel\\framework\\src\\Illuminate\\Pipeline\\Pipeline.php(167): Illuminate\\Cookie\\Middleware\\EncryptCookies->handle(Object(Illuminate\\Http\\Request), Object(Closure))
#39 C:\\Users\\SINCHINE DAS\\OneDrive\\Desktop\\first\\hospitalMS\\vendor\\laravel\\framework\\src\\Illuminate\\Pipeline\\Pipeline.php(103): Illuminate\\Pipeline\\Pipeline->Illuminate\\Pipeline\\{closure}(Object(Illuminate\\Http\\Request))
#40 C:\\Users\\SINCHINE DAS\\OneDrive\\Desktop\\first\\hospitalMS\\vendor\\laravel\\framework\\src\\Illuminate\\Routing\\Router.php(719): Illuminate\\Pipeline\\Pipeline->then(Object(Closure))
#41 C:\\Users\\SINCHINE DAS\\OneDrive\\Desktop\\first\\hospitalMS\\vendor\\laravel\\framework\\src\\Illuminate\\Routing\\Router.php(698): Illuminate\\Routing\\Router->runRouteWithinStack(Object(Illuminate\\Routing\\Route), Object(Illuminate\\Http\\Request))
#42 C:\\Users\\SINCHINE DAS\\OneDrive\\Desktop\\first\\hospitalMS\\vendor\\laravel\\framework\\src\\Illuminate\\Routing\\Router.php(662): Illuminate\\Routing\\Router->runRoute(Object(Illuminate\\Http\\Request), Object(Illuminate\\Routing\\Route))
#43 C:\\Users\\SINCHINE DAS\\OneDrive\\Desktop\\first\\hospitalMS\\vendor\\laravel\\framework\\src\\Illuminate\\Routing\\Router.php(651): Illuminate\\Routing\\Router->dispatchToRoute(Object(Illuminate\\Http\\Request))
#44 C:\\Users\\SINCHINE DAS\\OneDrive\\Desktop\\first\\hospitalMS\\vendor\\laravel\\framework\\src\\Illuminate\\Foundation\\Http\\Kernel.php(167): Illuminate\\Routing\\Router->dispatch(Object(Illuminate\\Http\\Request))
#45 C:\\Users\\SINCHINE DAS\\OneDrive\\Desktop\\first\\hospitalMS\\vendor\\laravel\\framework\\src\\Illuminate\\Pipeline\\Pipeline.php(128): Illuminate\\Foundation\\Http\\Kernel->Illuminate\\Foundation\\Http\\{closure}(Object(Illuminate\\Http\\Request))
#46 C:\\Users\\SINCHINE DAS\\OneDrive\\Desktop\\first\\hospitalMS\\vendor\\livewire\\livewire\\src\\DisableBrowserCache.php(19): Illuminate\\Pipeline\\Pipeline->Illuminate\\Pipeline\\{closure}(Object(Illuminate\\Http\\Request))
#47 C:\\Users\\SINCHINE DAS\\OneDrive\\Desktop\\first\\hospitalMS\\vendor\\laravel\\framework\\src\\Illuminate\\Pipeline\\Pipeline.php(167): Livewire\\DisableBrowserCache->handle(Object(Illuminate\\Http\\Request), Object(Closure))
#48 C:\\Users\\SINCHINE DAS\\OneDrive\\Desktop\\first\\hospitalMS\\vendor\\laravel\\framework\\src\\Illuminate\\Foundation\\Http\\Middleware\\TransformsRequest.php(21): Illuminate\\Pipeline\\Pipeline->Illuminate\\Pipeline\\{closure}(Object(Illuminate\\Http\\Request))
#49 C:\\Users\\SINCHINE DAS\\OneDrive\\Desktop\\first\\hospitalMS\\vendor\\laravel\\framework\\src\\Illuminate\\Foundation\\Http\\Middleware\\ConvertEmptyStringsToNull.php(31): Illuminate\\Foundation\\Http\\Middleware\\TransformsRequest->handle(Object(Illuminate\\Http\\Request), Object(Closure))
#50 C:\\Users\\SINCHINE DAS\\OneDrive\\Desktop\\first\\hospitalMS\\vendor\\laravel\\framework\\src\\Illuminate\\Pipeline\\Pipeline.php(167): Illuminate\\Foundation\\Http\\Middleware\\ConvertEmptyStringsToNull->handle(Object(Illuminate\\Http\\Request), Object(Closure))
#51 C:\\Users\\SINCHINE DAS\\OneDrive\\Desktop\\first\\hospitalMS\\vendor\\laravel\\framework\\src\\Illuminate\\Foundation\\Http\\Middleware\\TransformsRequest.php(21): Illuminate\\Pipeline\\Pipeline->Illuminate\\Pipeline\\{closure}(Object(Illuminate\\Http\\Request))
#52 C:\\Users\\SINCHINE DAS\\OneDrive\\Desktop\\first\\hospitalMS\\vendor\\laravel\\framework\\src\\Illuminate\\Foundation\\Http\\Middleware\\TrimStrings.php(40): Illuminate\\Foundation\\Http\\Middleware\\TransformsRequest->handle(Object(Illuminate\\Http\\Request), Object(Closure))
#53 C:\\Users\\SINCHINE DAS\\OneDrive\\Desktop\\first\\hospitalMS\\vendor\\laravel\\framework\\src\\Illuminate\\Pipeline\\Pipeline.php(167): Illuminate\\Foundation\\Http\\Middleware\\TrimStrings->handle(Object(Illuminate\\Http\\Request), Object(Closure))
#54 C:\\Users\\SINCHINE DAS\\OneDrive\\Desktop\\first\\hospitalMS\\vendor\\laravel\\framework\\src\\Illuminate\\Foundation\\Http\\Middleware\\ValidatePostSize.php(27): Illuminate\\Pipeline\\Pipeline->Illuminate\\Pipeline\\{closure}(Object(Illuminate\\Http\\Request))
#55 C:\\Users\\SINCHINE DAS\\OneDrive\\Desktop\\first\\hospitalMS\\vendor\\laravel\\framework\\src\\Illuminate\\Pipeline\\Pipeline.php(167): Illuminate\\Foundation\\Http\\Middleware\\ValidatePostSize->handle(Object(Illuminate\\Http\\Request), Object(Closure))
#56 C:\\Users\\SINCHINE DAS\\OneDrive\\Desktop\\first\\hospitalMS\\vendor\\laravel\\framework\\src\\Illuminate\\Foundation\\Http\\Middleware\\PreventRequestsDuringMaintenance.php(86): Illuminate\\Pipeline\\Pipeline->Illuminate\\Pipeline\\{closure}(Object(Illuminate\\Http\\Request))
#57 C:\\Users\\SINCHINE DAS\\OneDrive\\Desktop\\first\\hospitalMS\\vendor\\laravel\\framework\\src\\Illuminate\\Pipeline\\Pipeline.php(167): Illuminate\\Foundation\\Http\\Middleware\\PreventRequestsDuringMaintenance->handle(Object(Illuminate\\Http\\Request), Object(Closure))
#58 C:\\Users\\SINCHINE DAS\\OneDrive\\Desktop\\first\\hospitalMS\\vendor\\fruitcake\\laravel-cors\\src\\HandleCors.php(38): Illuminate\\Pipeline\\Pipeline->Illuminate\\Pipeline\\{closure}(Object(Illuminate\\Http\\Request))
#59 C:\\Users\\SINCHINE DAS\\OneDrive\\Desktop\\first\\hospitalMS\\vendor\\laravel\\framework\\src\\Illuminate\\Pipeline\\Pipeline.php(167): Fruitcake\\Cors\\HandleCors->handle(Object(Illuminate\\Http\\Request), Object(Closure))
#60 C:\\Users\\SINCHINE DAS\\OneDrive\\Desktop\\first\\hospitalMS\\vendor\\fideloper\\proxy\\src\\TrustProxies.php(57): Illuminate\\Pipeline\\Pipeline->Illuminate\\Pipeline\\{closure}(Object(Illuminate\\Http\\Request))
#61 C:\\Users\\SINCHINE DAS\\OneDrive\\Desktop\\first\\hospitalMS\\vendor\\laravel\\framework\\src\\Illuminate\\Pipeline\\Pipeline.php(167): Fideloper\\Proxy\\TrustProxies->handle(Object(Illuminate\\Http\\Request), Object(Closure))
#62 C:\\Users\\SINCHINE DAS\\OneDrive\\Desktop\\first\\hospitalMS\\vendor\\laravel\\framework\\src\\Illuminate\\Pipeline\\Pipeline.php(103): Illuminate\\Pipeline\\Pipeline->Illuminate\\Pipeline\\{closure}(Object(Illuminate\\Http\\Request))
#63 C:\\Users\\SINCHINE DAS\\OneDrive\\Desktop\\first\\hospitalMS\\vendor\\laravel\\framework\\src\\Illuminate\\Foundation\\Http\\Kernel.php(142): Illuminate\\Pipeline\\Pipeline->then(Object(Closure))
#64 C:\\Users\\SINCHINE DAS\\OneDrive\\Desktop\\first\\hospitalMS\\vendor\\laravel\\framework\\src\\Illuminate\\Foundation\\Http\\Kernel.php(111): Illuminate\\Foundation\\Http\\Kernel->sendRequestThroughRouter(Object(Illuminate\\Http\\Request))
#65 C:\\Users\\SINCHINE DAS\\OneDrive\\Desktop\\first\\hospitalMS\\public\\index.php(51): Illuminate\\Foundation\\Http\\Kernel->handle(Object(Illuminate\\Http\\Request))
#66 C:\\Users\\SINCHINE DAS\\OneDrive\\Desktop\\first\\hospitalMS\\server.php(21): require_once('C:\\\\Users\\\\SINCHI...')
#67 {main}

[previous exception] [object] (PDOException(code: 2002): SQLSTATE[HY000] [2002] No connection could be made because the target machine actively refused it at C:\\Users\\SINCHINE DAS\\OneDrive\\Desktop\\first\\hospitalMS\\vendor\\laravel\\framework\\src\\Illuminate\\Database\\Connectors\\Connector.php:70)
[stacktrace]
#0 C:\\Users\\SINCHINE DAS\\OneDrive\\Desktop\\first\\hospitalMS\\vendor\\laravel\\framework\\src\\Illuminate\\Database\\Connectors\\Connector.php(70): PDO->__construct('mysql:host=127....', 'root', Object(SensitiveParameterValue), Array)
#1 C:\\Users\\SINCHINE DAS\\OneDrive\\Desktop\\first\\hospitalMS\\vendor\\laravel\\framework\\src\\Illuminate\\Database\\Connectors\\Connector.php(45): Illuminate\\Database\\Connectors\\Connector->createPdoConnection('mysql:host=127....', 'root', '', Array)
#2 C:\\Users\\SINCHINE DAS\\OneDrive\\Desktop\\first\\hospitalMS\\vendor\\laravel\\framework\\src\\Illuminate\\Database\\Connectors\\MySqlConnector.php(24): Illuminate\\Database\\Connectors\\Connector->createConnection('mysql:host=127....', Array, Array)
#3 C:\\Users\\SINCHINE DAS\\OneDrive\\Desktop\\first\\hospitalMS\\vendor\\laravel\\framework\\src\\Illuminate\\Database\\Connectors\\ConnectionFactory.php(184): Illuminate\\Database\\Connectors\\MySqlConnector->connect(Array)
#4 [internal function]: Illuminate\\Database\\Connectors\\ConnectionFactory->Illuminate\\Database\\Connectors\\{closure}()
#5 C:\\Users\\SINCHINE DAS\\OneDrive\\Desktop\\first\\hospitalMS\\vendor\\laravel\\framework\\src\\Illuminate\\Database\\Connection.php(1064): call_user_func(Object(Closure))
#6 C:\\Users\\SINCHINE DAS\\OneDrive\\Desktop\\first\\hospitalMS\\vendor\\laravel\\framework\\src\\Illuminate\\Database\\Connection.php(1100): Illuminate\\Database\\Connection->getPdo()
#7 C:\\Users\\SINCHINE DAS\\OneDrive\\Desktop\\first\\hospitalMS\\vendor\\laravel\\framework\\src\\Illuminate\\Database\\Connection.php(442): Illuminate\\Database\\Connection->getReadPdo()
#8 C:\\Users\\SINCHINE DAS\\OneDrive\\Desktop\\first\\hospitalMS\\vendor\\laravel\\framework\\src\\Illuminate\\Database\\Connection.php(368): Illuminate\\Database\\Connection->getPdoForSelect(true)
#9 C:\\Users\\SINCHINE DAS\\OneDrive\\Desktop\\first\\hospitalMS\\vendor\\laravel\\framework\\src\\Illuminate\\Database\\Connection.php(705): Illuminate\\Database\\Connection->Illuminate\\Database\\{closure}('select * from `...', Array)
#10 C:\\Users\\SINCHINE DAS\\OneDrive\\Desktop\\first\\hospitalMS\\vendor\\laravel\\framework\\src\\Illuminate\\Database\\Connection.php(672): Illuminate\\Database\\Connection->runQueryCallback('select * from `...', Array, Object(Closure))
#11 C:\\Users\\SINCHINE DAS\\OneDrive\\Desktop\\first\\hospitalMS\\vendor\\laravel\\framework\\src\\Illuminate\\Database\\Connection.php(359): Illuminate\\Database\\Connection->run('select * from `...', Array, Object(Closure))
#12 C:\\Users\\SINCHINE DAS\\OneDrive\\Desktop\\first\\hospitalMS\\vendor\\laravel\\framework\\src\\Illuminate\\Database\\Query\\Builder.php(2413): Illuminate\\Database\\Connection->select('select * from `...', Array, true)
#13 C:\\Users\\SINCHINE DAS\\OneDrive\\Desktop\\first\\hospitalMS\\vendor\\laravel\\framework\\src\\Illuminate\\Database\\Query\\Builder.php(2402): Illuminate\\Database\\Query\\Builder->runSelect()
#14 C:\\Users\\SINCHINE DAS\\OneDrive\\Desktop\\first\\hospitalMS\\vendor\\laravel\\framework\\src\\Illuminate\\Database\\Query\\Builder.php(2936): Illuminate\\Database\\Query\\Builder->Illuminate\\Database\\Query\\{closure}()
#15 C:\\Users\\SINCHINE DAS\\OneDrive\\Desktop\\first\\hospitalMS\\vendor\\laravel\\framework\\src\\Illuminate\\Database\\Query\\Builder.php(2401): Illuminate\\Database\\Query\\Builder->onceWithColumns(Array, Object(Closure))
#16 C:\\Users\\SINCHINE DAS\\OneDrive\\Desktop\\first\\hospitalMS\\vendor\\laravel\\framework\\src\\Illuminate\\Database\\Eloquent\\Builder.php(625): Illuminate\\Database\\Query\\Builder->get(Array)
#17 C:\\Users\\SINCHINE DAS\\OneDrive\\Desktop\\first\\hospitalMS\\vendor\\laravel\\framework\\src\\Illuminate\\Database\\Eloquent\\Builder.php(609): Illuminate\\Database\\Eloquent\\Builder->getModels(Array)
#18 C:\\Users\\SINCHINE DAS\\OneDrive\\Desktop\\first\\hospitalMS\\vendor\\laravel\\framework\\src\\Illuminate\\Database\\Concerns\\BuildsQueries.php(294): Illuminate\\Database\\Eloquent\\Builder->get(Array)
#19 C:\\Users\\SINCHINE DAS\\OneDrive\\Desktop\\first\\hospitalMS\\storage\\framework\\views\\3eb6400fb2ce03f9287d039c54a36dac141ef7a0.php(3): Illuminate\\Database\\Eloquent\\Builder->first()
#20 C:\\Users\\SINCHINE DAS\\OneDrive\\Desktop\\first\\hospitalMS\\vendor\\laravel\\framework\\src\\Illuminate\\Filesystem\\Filesystem.php(107): require('C:\\\\Users\\\\SINCHI...')
#21 C:\\Users\\SINCHINE DAS\\OneDrive\\Desktop\\first\\hospitalMS\\vendor\\laravel\\framework\\src\\Illuminate\\Filesystem\\Filesystem.php(108): Illuminate\\Filesystem\\Filesystem::Illuminate\\Filesystem\\{closure}()
#22 C:\\Users\\SINCHINE DAS\\OneDrive\\Desktop\\first\\hospitalMS\\vendor\\laravel\\framework\\src\\Illuminate\\View\\Engines\\PhpEngine.php(58): Illuminate\\Filesystem\\Filesystem->getRequire('C:\\\\Users\\\\SINCHI...', Array)
#23 C:\\Users\\SINCHINE DAS\\OneDrive\\Desktop\\first\\hospitalMS\\vendor\\livewire\\livewire\\src\\ComponentConcerns\\RendersLivewireComponents.php(69): Illuminate\\View\\Engines\\PhpEngine->evaluatePath('C:\\\\Users\\\\SINCHI...', Array)
#24 C:\\Users\\SINCHINE DAS\\OneDrive\\Desktop\\first\\hospitalMS\\vendor\\laravel\\framework\\src\\Illuminate\\View\\Engines\\CompilerEngine.php(61): Livewire\\CompilerEngineForIgnition->evaluatePath('C:\\\\Users\\\\SINCHI...', Array)
#25 C:\\Users\\SINCHINE DAS\\OneDrive\\Desktop\\first\\hospitalMS\\vendor\\facade\\ignition\\src\\Views\\Engines\\CompilerEngine.php(37): Illuminate\\View\\Engines\\CompilerEngine->get('C:\\\\Users\\\\SINCHI...', Array)
#26 C:\\Users\\SINCHINE DAS\\OneDrive\\Desktop\\first\\hospitalMS\\vendor\\livewire\\livewire\\src\\ComponentConcerns\\RendersLivewireComponents.php(35): Facade\\Ignition\\Views\\Engines\\CompilerEngine->get('C:\\\\Users\\\\SINCHI...', Array)
#27 C:\\Users\\SINCHINE DAS\\OneDrive\\Desktop\\first\\hospitalMS\\vendor\\laravel\\framework\\src\\Illuminate\\View\\View.php(139): Livewire\\CompilerEngineForIgnition->get('C:\\\\Users\\\\SINCHI...', Array)
#28 C:\\Users\\SINCHINE DAS\\OneDrive\\Desktop\\first\\hospitalMS\\vendor\\laravel\\framework\\src\\Illuminate\\View\\View.php(122): Illuminate\\View\\View->getContents()
#29 C:\\Users\\SINCHINE DAS\\OneDrive\\Desktop\\first\\hospitalMS\\vendor\\laravel\\framework\\src\\Illuminate\\View\\View.php(91): Illuminate\\View\\View->renderContents()
#30 C:\\Users\\SINCHINE DAS\\OneDrive\\Desktop\\first\\hospitalMS\\vendor\\laravel\\framework\\src\\Illuminate\\Http\\Response.php(69): Illuminate\\View\\View->render()
#31 C:\\Users\\SINCHINE DAS\\OneDrive\\Desktop\\first\\hospitalMS\\vendor\\laravel\\framework\\src\\Illuminate\\Http\\Response.php(35): Illuminate\\Http\\Response->setContent(Object(Illuminate\\View\\View))
#32 C:\\Users\\SINCHINE DAS\\OneDrive\\Desktop\\first\\hospitalMS\\vendor\\laravel\\framework\\src\\Illuminate\\Routing\\Router.php(820): Illuminate\\Http\\Response->__construct(Object(Illuminate\\View\\View), 200, Array)
#33 C:\\Users\\SINCHINE DAS\\OneDrive\\Desktop\\first\\hospitalMS\\vendor\\laravel\\framework\\src\\Illuminate\\Routing\\Router.php(789): Illuminate\\Routing\\Router::toResponse(Object(Illuminate\\Http\\Request), Object(Illuminate\\View\\View))
#34 C:\\Users\\SINCHINE DAS\\OneDrive\\Desktop\\first\\hospitalMS\\vendor\\laravel\\framework\\src\\Illuminate\\Routing\\Router.php(720): Illuminate\\Routing\\Router->prepareResponse(Object(Illuminate\\Http\\Request), Object(Illuminate\\View\\View))
#35 C:\\Users\\SINCHINE DAS\\OneDrive\\Desktop\\first\\hospitalMS\\vendor\\laravel\\framework\\src\\Illuminate\\Pipeline\\Pipeline.php(128): Illuminate\\Routing\\Router->Illuminate\\Routing\\{closure}(Object(Illuminate\\Http\\Request))
#36 C:\\Users\\SINCHINE DAS\\OneDrive\\Desktop\\first\\hospitalMS\\vendor\\laravel\\framework\\src\\Illuminate\\Routing\\Middleware\\SubstituteBindings.php(50): Illuminate\\Pipeline\\Pipeline->Illuminate\\Pipeline\\{closure}(Object(Illuminate\\Http\\Request))
#37 C:\\Users\\SINCHINE DAS\\OneDrive\\Desktop\\first\\hospitalMS\\vendor\\laravel\\framework\\src\\Illuminate\\Pipeline\\Pipeline.php(167): Illuminate\\Routing\\Middleware\\SubstituteBindings->handle(Object(Illuminate\\Http\\Request), Object(Closure))
#38 C:\\Users\\SINCHINE DAS\\OneDrive\\Desktop\\first\\hospitalMS\\vendor\\laravel\\framework\\src\\Illuminate\\Foundation\\Http\\Middleware\\VerifyCsrfToken.php(78): Illuminate\\Pipeline\\Pipeline->Illuminate\\Pipeline\\{closure}(Object(Illuminate\\Http\\Request))
#39 C:\\Users\\SINCHINE DAS\\OneDrive\\Desktop\\first\\hospitalMS\\vendor\\laravel\\framework\\src\\Illuminate\\Pipeline\\Pipeline.php(167): Illuminate\\Foundation\\Http\\Middleware\\VerifyCsrfToken->handle(Object(Illuminate\\Http\\Request), Object(Closure))
#40 C:\\Users\\SINCHINE DAS\\OneDrive\\Desktop\\first\\hospitalMS\\vendor\\laravel\\framework\\src\\Illuminate\\View\\Middleware\\ShareErrorsFromSession.php(49): Illuminate\\Pipeline\\Pipeline->Illuminate\\Pipeline\\{closure}(Object(Illuminate\\Http\\Request))
#41 C:\\Users\\SINCHINE DAS\\OneDrive\\Desktop\\first\\hospitalMS\\vendor\\laravel\\framework\\src\\Illuminate\\Pipeline\\Pipeline.php(167): Illuminate\\View\\Middleware\\ShareErrorsFromSession->handle(Object(Illuminate\\Http\\Request), Object(Closure))
#42 C:\\Users\\SINCHINE DAS\\OneDrive\\Desktop\\first\\hospitalMS\\vendor\\laravel\\framework\\src\\Illuminate\\Session\\Middleware\\StartSession.php(121): Illuminate\\Pipeline\\Pipeline->Illuminate\\Pipeline\\{closure}(Object(Illuminate\\Http\\Request))
#43 C:\\Users\\SINCHINE DAS\\OneDrive\\Desktop\\first\\hospitalMS\\vendor\\laravel\\framework\\src\\Illuminate\\Session\\Middleware\\StartSession.php(64): Illuminate\\Session\\Middleware\\StartSession->handleStatefulRequest(Object(Illuminate\\Http\\Request), Object(Illuminate\\Session\\Store), Object(Closure))
#44 C:\\Users\\SINCHINE DAS\\OneDrive\\Desktop\\first\\hospitalMS\\vendor\\laravel\\framework\\src\\Illuminate\\Pipeline\\Pipeline.php(167): Illuminate\\Session\\Middleware\\StartSession->handle(Object(Illuminate\\Http\\Request), Object(Closure))
#45 C:\\Users\\SINCHINE DAS\\OneDrive\\Desktop\\first\\hospitalMS\\vendor\\laravel\\framework\\src\\Illuminate\\Cookie\\Middleware\\AddQueuedCookiesToResponse.php(37): Illuminate\\Pipeline\\Pipeline->Illuminate\\Pipeline\\{closure}(Object(Illuminate\\Http\\Request))
#46 C:\\Users\\SINCHINE DAS\\OneDrive\\Desktop\\first\\hospitalMS\\vendor\\laravel\\framework\\src\\Illuminate\\Pipeline\\Pipeline.php(167): Illuminate\\Cookie\\Middleware\\AddQueuedCookiesToResponse->handle(Object(Illuminate\\Http\\Request), Object(Closure))
#47 C:\\Users\\SINCHINE DAS\\OneDrive\\Desktop\\first\\hospitalMS\\vendor\\laravel\\framework\\src\\Illuminate\\Cookie\\Middleware\\EncryptCookies.php(67): Illuminate\\Pipeline\\Pipeline->Illuminate\\Pipeline\\{closure}(Object(Illuminate\\Http\\Request))
#48 C:\\Users\\SINCHINE DAS\\OneDrive\\Desktop\\first\\hospitalMS\\vendor\\laravel\\framework\\src\\Illuminate\\Pipeline\\Pipeline.php(167): Illuminate\\Cookie\\Middleware\\EncryptCookies->handle(Object(Illuminate\\Http\\Request), Object(Closure))
#49 C:\\Users\\SINCHINE DAS\\OneDrive\\Desktop\\first\\hospitalMS\\vendor\\laravel\\framework\\src\\Illuminate\\Pipeline\\Pipeline.php(103): Illuminate\\Pipeline\\Pipeline->Illuminate\\Pipeline\\{closure}(Object(Illuminate\\Http\\Request))
#50 C:\\Users\\SINCHINE DAS\\OneDrive\\Desktop\\first\\hospitalMS\\vendor\\laravel\\framework\\src\\Illuminate\\Routing\\Router.php(719): Illuminate\\Pipeline\\Pipeline->then(Object(Closure))
#51 C:\\Users\\SINCHINE DAS\\OneDrive\\Desktop\\first\\hospitalMS\\vendor\\laravel\\framework\\src\\Illuminate\\Routing\\Router.php(698): Illuminate\\Routing\\Router->runRouteWithinStack(Object(Illuminate\\Routing\\Route), Object(Illuminate\\Http\\Request))
#52 C:\\Users\\SINCHINE DAS\\OneDrive\\Desktop\\first\\hospitalMS\\vendor\\laravel\\framework\\src\\Illuminate\\Routing\\Router.php(662): Illuminate\\Routing\\Router->runRoute(Object(Illuminate\\Http\\Request), Object(Illuminate\\Routing\\Route))
#53 C:\\Users\\SINCHINE DAS\\OneDrive\\Desktop\\first\\hospitalMS\\vendor\\laravel\\framework\\src\\Illuminate\\Routing\\Router.php(651): Illuminate\\Routing\\Router->dispatchToRoute(Object(Illuminate\\Http\\Request))
#54 C:\\Users\\SINCHINE DAS\\OneDrive\\Desktop\\first\\hospitalMS\\vendor\\laravel\\framework\\src\\Illuminate\\Foundation\\Http\\Kernel.php(167): Illuminate\\Routing\\Router->dispatch(Object(Illuminate\\Http\\Request))
#55 C:\\Users\\SINCHINE DAS\\OneDrive\\Desktop\\first\\hospitalMS\\vendor\\laravel\\framework\\src\\Illuminate\\Pipeline\\Pipeline.php(128): Illuminate\\Foundation\\Http\\Kernel->Illuminate\\Foundation\\Http\\{closure}(Object(Illuminate\\Http\\Request))
#56 C:\\Users\\SINCHINE DAS\\OneDrive\\Desktop\\first\\hospitalMS\\vendor\\livewire\\livewire\\src\\DisableBrowserCache.php(19): Illuminate\\Pipeline\\Pipeline->Illuminate\\Pipeline\\{closure}(Object(Illuminate\\Http\\Request))
#57 C:\\Users\\SINCHINE DAS\\OneDrive\\Desktop\\first\\hospitalMS\\vendor\\laravel\\framework\\src\\Illuminate\\Pipeline\\Pipeline.php(167): Livewire\\DisableBrowserCache->handle(Object(Illuminate\\Http\\Request), Object(Closure))
#58 C:\\Users\\SINCHINE DAS\\OneDrive\\Desktop\\first\\hospitalMS\\vendor\\laravel\\framework\\src\\Illuminate\\Foundation\\Http\\Middleware\\TransformsRequest.php(21): Illuminate\\Pipeline\\Pipeline->Illuminate\\Pipeline\\{closure}(Object(Illuminate\\Http\\Request))
#59 C:\\Users\\SINCHINE DAS\\OneDrive\\Desktop\\first\\hospitalMS\\vendor\\laravel\\framework\\src\\Illuminate\\Foundation\\Http\\Middleware\\ConvertEmptyStringsToNull.php(31): Illuminate\\Foundation\\Http\\Middleware\\TransformsRequest->handle(Object(Illuminate\\Http\\Request), Object(Closure))
#60 C:\\Users\\SINCHINE DAS\\OneDrive\\Desktop\\first\\hospitalMS\\vendor\\laravel\\framework\\src\\Illuminate\\Pipeline\\Pipeline.php(167): Illuminate\\Foundation\\Http\\Middleware\\ConvertEmptyStringsToNull->handle(Object(Illuminate\\Http\\Request), Object(Closure))
#61 C:\\Users\\SINCHINE DAS\\OneDrive\\Desktop\\first\\hospitalMS\\vendor\\laravel\\framework\\src\\Illuminate\\Foundation\\Http\\Middleware\\TransformsRequest.php(21): Illuminate\\Pipeline\\Pipeline->Illuminate\\Pipeline\\{closure}(Object(Illuminate\\Http\\Request))
#62 C:\\Users\\SINCHINE DAS\\OneDrive\\Desktop\\first\\hospitalMS\\vendor\\laravel\\framework\\src\\Illuminate\\Foundation\\Http\\Middleware\\TrimStrings.php(40): Illuminate\\Foundation\\Http\\Middleware\\TransformsRequest->handle(Object(Illuminate\\Http\\Request), Object(Closure))
#63 C:\\Users\\SINCHINE DAS\\OneDrive\\Desktop\\first\\hospitalMS\\vendor\\laravel\\framework\\src\\Illuminate\\Pipeline\\Pipeline.php(167): Illuminate\\Foundation\\Http\\Middleware\\TrimStrings->handle(Object(Illuminate\\Http\\Request), Object(Closure))
#64 C:\\Users\\SINCHINE DAS\\OneDrive\\Desktop\\first\\hospitalMS\\vendor\\laravel\\framework\\src\\Illuminate\\Foundation\\Http\\Middleware\\ValidatePostSize.php(27): Illuminate\\Pipeline\\Pipeline->Illuminate\\Pipeline\\{closure}(Object(Illuminate\\Http\\Request))
#65 C:\\Users\\SINCHINE DAS\\OneDrive\\Desktop\\first\\hospitalMS\\vendor\\laravel\\framework\\src\\Illuminate\\Pipeline\\Pipeline.php(167): Illuminate\\Foundation\\Http\\Middleware\\ValidatePostSize->handle(Object(Illuminate\\Http\\Request), Object(Closure))
#66 C:\\Users\\SINCHINE DAS\\OneDrive\\Desktop\\first\\hospitalMS\\vendor\\laravel\\framework\\src\\Illuminate\\Foundation\\Http\\Middleware\\PreventRequestsDuringMaintenance.php(86): Illuminate\\Pipeline\\Pipeline->Illuminate\\Pipeline\\{closure}(Object(Illuminate\\Http\\Request))
#67 C:\\Users\\SINCHINE DAS\\OneDrive\\Desktop\\first\\hospitalMS\\vendor\\laravel\\framework\\src\\Illuminate\\Pipeline\\Pipeline.php(167): Illuminate\\Foundation\\Http\\Middleware\\PreventRequestsDuringMaintenance->handle(Object(Illuminate\\Http\\Request), Object(Closure))
#68 C:\\Users\\SINCHINE DAS\\OneDrive\\Desktop\\first\\hospitalMS\\vendor\\fruitcake\\laravel-cors\\src\\HandleCors.php(38): Illuminate\\Pipeline\\Pipeline->Illuminate\\Pipeline\\{closure}(Object(Illuminate\\Http\\Request))
#69 C:\\Users\\SINCHINE DAS\\OneDrive\\Desktop\\first\\hospitalMS\\vendor\\laravel\\framework\\src\\Illuminate\\Pipeline\\Pipeline.php(167): Fruitcake\\Cors\\HandleCors->handle(Object(Illuminate\\Http\\Request), Object(Closure))
#70 C:\\Users\\SINCHINE DAS\\OneDrive\\Desktop\\first\\hospitalMS\\vendor\\fideloper\\proxy\\src\\TrustProxies.php(57): Illuminate\\Pipeline\\Pipeline->Illuminate\\Pipeline\\{closure}(Object(Illuminate\\Http\\Request))
#71 C:\\Users\\SINCHINE DAS\\OneDrive\\Desktop\\first\\hospitalMS\\vendor\\laravel\\framework\\src\\Illuminate\\Pipeline\\Pipeline.php(167): Fideloper\\Proxy\\TrustProxies->handle(Object(Illuminate\\Http\\Request), Object(Closure))
#72 C:\\Users\\SINCHINE DAS\\OneDrive\\Desktop\\first\\hospitalMS\\vendor\\laravel\\framework\\src\\Illuminate\\Pipeline\\Pipeline.php(103): Illuminate\\Pipeline\\Pipeline->Illuminate\\Pipeline\\{closure}(Object(Illuminate\\Http\\Request))
#73 C:\\Users\\SINCHINE DAS\\OneDrive\\Desktop\\first\\hospitalMS\\vendor\\laravel\\framework\\src\\Illuminate\\Foundation\\Http\\Kernel.php(142): Illuminate\\Pipeline\\Pipeline->then(Object(Closure))
#74 C:\\Users\\SINCHINE DAS\\OneDrive\\Desktop\\first\\hospitalMS\\vendor\\laravel\\framework\\src\\Illuminate\\Foundation\\Http\\Kernel.php(111): Illuminate\\Foundation\\Http\\Kernel->sendRequestThroughRouter(Object(Illuminate\\Http\\Request))
#75 C:\\Users\\SINCHINE DAS\\OneDrive\\Desktop\\first\\hospitalMS\\public\\index.php(51): Illuminate\\Foundation\\Http\\Kernel->handle(Object(Illuminate\\Http\\Request))
#76 C:\\Users\\SINCHINE DAS\\OneDrive\\Desktop\\first\\hospitalMS\\server.php(21): require_once('C:\\\\Users\\\\SINCHI...')
#77 {main}
"} 
[2025-04-30 03:40:59] local.ERROR: SQLSTATE[HY000] [2002] No connection could be made because the target machine actively refused it (SQL: select * from `settings` where `settings`.`deleted_at` is null order by `created_at` desc limit 1) (View: C:\Users\SINCHINE DAS\OneDrive\Desktop\first\hospitalMS\resources\views\index.blade.php) {"view":{"view":"C:\\Users\\SINCHINE DAS\\OneDrive\\Desktop\\first\\hospitalMS\\vendor\\laravel\\framework\\src\\Illuminate\\Database\\Connection.php","data":[]},"exception":"[object] (Facade\\Ignition\\Exceptions\\ViewException(code: 0): SQLSTATE[HY000] [2002] No connection could be made because the target machine actively refused it (SQL: select * from `settings` where `settings`.`deleted_at` is null order by `created_at` desc limit 1) (View: C:\\Users\\SINCHINE DAS\\OneDrive\\Desktop\\first\\hospitalMS\\resources\\views\\index.blade.php) at C:\\Users\\SINCHINE DAS\\OneDrive\\Desktop\\first\\hospitalMS\\vendor\\laravel\\framework\\src\\Illuminate\\Database\\Connection.php:712)
[stacktrace]
#0 C:\\Users\\SINCHINE DAS\\OneDrive\\Desktop\\first\\hospitalMS\\vendor\\laravel\\framework\\src\\Illuminate\\Database\\Connection.php(672): Illuminate\\Database\\Connection->runQueryCallback('select * from `...', Array, Object(Closure))
#1 C:\\Users\\SINCHINE DAS\\OneDrive\\Desktop\\first\\hospitalMS\\vendor\\laravel\\framework\\src\\Illuminate\\Database\\Connection.php(359): Illuminate\\Database\\Connection->run('select * from `...', Array, Object(Closure))
#2 C:\\Users\\SINCHINE DAS\\OneDrive\\Desktop\\first\\hospitalMS\\vendor\\laravel\\framework\\src\\Illuminate\\Database\\Query\\Builder.php(2413): Illuminate\\Database\\Connection->select('select * from `...', Array, true)
#3 C:\\Users\\SINCHINE DAS\\OneDrive\\Desktop\\first\\hospitalMS\\vendor\\laravel\\framework\\src\\Illuminate\\Database\\Query\\Builder.php(2402): Illuminate\\Database\\Query\\Builder->runSelect()
#4 C:\\Users\\SINCHINE DAS\\OneDrive\\Desktop\\first\\hospitalMS\\vendor\\laravel\\framework\\src\\Illuminate\\Database\\Query\\Builder.php(2936): Illuminate\\Database\\Query\\Builder->Illuminate\\Database\\Query\\{closure}()
#5 C:\\Users\\SINCHINE DAS\\OneDrive\\Desktop\\first\\hospitalMS\\vendor\\laravel\\framework\\src\\Illuminate\\Database\\Query\\Builder.php(2401): Illuminate\\Database\\Query\\Builder->onceWithColumns(Array, Object(Closure))
#6 C:\\Users\\SINCHINE DAS\\OneDrive\\Desktop\\first\\hospitalMS\\vendor\\laravel\\framework\\src\\Illuminate\\Database\\Eloquent\\Builder.php(625): Illuminate\\Database\\Query\\Builder->get(Array)
#7 C:\\Users\\SINCHINE DAS\\OneDrive\\Desktop\\first\\hospitalMS\\vendor\\laravel\\framework\\src\\Illuminate\\Database\\Eloquent\\Builder.php(609): Illuminate\\Database\\Eloquent\\Builder->getModels(Array)
#8 C:\\Users\\SINCHINE DAS\\OneDrive\\Desktop\\first\\hospitalMS\\vendor\\laravel\\framework\\src\\Illuminate\\Database\\Concerns\\BuildsQueries.php(294): Illuminate\\Database\\Eloquent\\Builder->get(Array)
#9 C:\\Users\\SINCHINE DAS\\OneDrive\\Desktop\\first\\hospitalMS\\resources\\views/index.blade.php(3): Illuminate\\Database\\Eloquent\\Builder->first()
#10 C:\\Users\\SINCHINE DAS\\OneDrive\\Desktop\\first\\hospitalMS\\vendor\\laravel\\framework\\src\\Illuminate\\Filesystem\\Filesystem.php(107): require('C:\\\\Users\\\\SINCHI...')
#11 C:\\Users\\SINCHINE DAS\\OneDrive\\Desktop\\first\\hospitalMS\\vendor\\laravel\\framework\\src\\Illuminate\\Filesystem\\Filesystem.php(108): Illuminate\\Filesystem\\Filesystem::Illuminate\\Filesystem\\{closure}()
#12 C:\\Users\\SINCHINE DAS\\OneDrive\\Desktop\\first\\hospitalMS\\vendor\\laravel\\framework\\src\\Illuminate\\View\\Engines\\PhpEngine.php(58): Illuminate\\Filesystem\\Filesystem->getRequire('C:\\\\Users\\\\SINCHI...', Array)
#13 C:\\Users\\SINCHINE DAS\\OneDrive\\Desktop\\first\\hospitalMS\\vendor\\livewire\\livewire\\src\\ComponentConcerns\\RendersLivewireComponents.php(69): Illuminate\\View\\Engines\\PhpEngine->evaluatePath('C:\\\\Users\\\\SINCHI...', Array)
#14 C:\\Users\\SINCHINE DAS\\OneDrive\\Desktop\\first\\hospitalMS\\vendor\\laravel\\framework\\src\\Illuminate\\View\\Engines\\CompilerEngine.php(61): Livewire\\CompilerEngineForIgnition->evaluatePath('C:\\\\Users\\\\SINCHI...', Array)
#15 C:\\Users\\SINCHINE DAS\\OneDrive\\Desktop\\first\\hospitalMS\\vendor\\facade\\ignition\\src\\Views\\Engines\\CompilerEngine.php(37): Illuminate\\View\\Engines\\CompilerEngine->get('C:\\\\Users\\\\SINCHI...', Array)
#16 C:\\Users\\SINCHINE DAS\\OneDrive\\Desktop\\first\\hospitalMS\\vendor\\livewire\\livewire\\src\\ComponentConcerns\\RendersLivewireComponents.php(35): Facade\\Ignition\\Views\\Engines\\CompilerEngine->get('C:\\\\Users\\\\SINCHI...', Array)
#17 C:\\Users\\SINCHINE DAS\\OneDrive\\Desktop\\first\\hospitalMS\\vendor\\laravel\\framework\\src\\Illuminate\\View\\View.php(139): Livewire\\CompilerEngineForIgnition->get('C:\\\\Users\\\\SINCHI...', Array)
#18 C:\\Users\\SINCHINE DAS\\OneDrive\\Desktop\\first\\hospitalMS\\vendor\\laravel\\framework\\src\\Illuminate\\View\\View.php(122): Illuminate\\View\\View->getContents()
#19 C:\\Users\\SINCHINE DAS\\OneDrive\\Desktop\\first\\hospitalMS\\vendor\\laravel\\framework\\src\\Illuminate\\View\\View.php(91): Illuminate\\View\\View->renderContents()
#20 C:\\Users\\SINCHINE DAS\\OneDrive\\Desktop\\first\\hospitalMS\\vendor\\laravel\\framework\\src\\Illuminate\\Http\\Response.php(69): Illuminate\\View\\View->render()
#21 C:\\Users\\SINCHINE DAS\\OneDrive\\Desktop\\first\\hospitalMS\\vendor\\laravel\\framework\\src\\Illuminate\\Http\\Response.php(35): Illuminate\\Http\\Response->setContent(Object(Illuminate\\View\\View))
#22 C:\\Users\\SINCHINE DAS\\OneDrive\\Desktop\\first\\hospitalMS\\vendor\\laravel\\framework\\src\\Illuminate\\Routing\\Router.php(820): Illuminate\\Http\\Response->__construct(Object(Illuminate\\View\\View), 200, Array)
#23 C:\\Users\\SINCHINE DAS\\OneDrive\\Desktop\\first\\hospitalMS\\vendor\\laravel\\framework\\src\\Illuminate\\Routing\\Router.php(789): Illuminate\\Routing\\Router::toResponse(Object(Illuminate\\Http\\Request), Object(Illuminate\\View\\View))
#24 C:\\Users\\SINCHINE DAS\\OneDrive\\Desktop\\first\\hospitalMS\\vendor\\laravel\\framework\\src\\Illuminate\\Routing\\Router.php(720): Illuminate\\Routing\\Router->prepareResponse(Object(Illuminate\\Http\\Request), Object(Illuminate\\View\\View))
#25 C:\\Users\\SINCHINE DAS\\OneDrive\\Desktop\\first\\hospitalMS\\vendor\\laravel\\framework\\src\\Illuminate\\Pipeline\\Pipeline.php(128): Illuminate\\Routing\\Router->Illuminate\\Routing\\{closure}(Object(Illuminate\\Http\\Request))
#26 C:\\Users\\SINCHINE DAS\\OneDrive\\Desktop\\first\\hospitalMS\\vendor\\laravel\\framework\\src\\Illuminate\\Routing\\Middleware\\SubstituteBindings.php(50): Illuminate\\Pipeline\\Pipeline->Illuminate\\Pipeline\\{closure}(Object(Illuminate\\Http\\Request))
#27 C:\\Users\\SINCHINE DAS\\OneDrive\\Desktop\\first\\hospitalMS\\vendor\\laravel\\framework\\src\\Illuminate\\Pipeline\\Pipeline.php(167): Illuminate\\Routing\\Middleware\\SubstituteBindings->handle(Object(Illuminate\\Http\\Request), Object(Closure))
#28 C:\\Users\\SINCHINE DAS\\OneDrive\\Desktop\\first\\hospitalMS\\vendor\\laravel\\framework\\src\\Illuminate\\Foundation\\Http\\Middleware\\VerifyCsrfToken.php(78): Illuminate\\Pipeline\\Pipeline->Illuminate\\Pipeline\\{closure}(Object(Illuminate\\Http\\Request))
#29 C:\\Users\\SINCHINE DAS\\OneDrive\\Desktop\\first\\hospitalMS\\vendor\\laravel\\framework\\src\\Illuminate\\Pipeline\\Pipeline.php(167): Illuminate\\Foundation\\Http\\Middleware\\VerifyCsrfToken->handle(Object(Illuminate\\Http\\Request), Object(Closure))
#30 C:\\Users\\SINCHINE DAS\\OneDrive\\Desktop\\first\\hospitalMS\\vendor\\laravel\\framework\\src\\Illuminate\\View\\Middleware\\ShareErrorsFromSession.php(49): Illuminate\\Pipeline\\Pipeline->Illuminate\\Pipeline\\{closure}(Object(Illuminate\\Http\\Request))
#31 C:\\Users\\SINCHINE DAS\\OneDrive\\Desktop\\first\\hospitalMS\\vendor\\laravel\\framework\\src\\Illuminate\\Pipeline\\Pipeline.php(167): Illuminate\\View\\Middleware\\ShareErrorsFromSession->handle(Object(Illuminate\\Http\\Request), Object(Closure))
#32 C:\\Users\\SINCHINE DAS\\OneDrive\\Desktop\\first\\hospitalMS\\vendor\\laravel\\framework\\src\\Illuminate\\Session\\Middleware\\StartSession.php(121): Illuminate\\Pipeline\\Pipeline->Illuminate\\Pipeline\\{closure}(Object(Illuminate\\Http\\Request))
#33 C:\\Users\\SINCHINE DAS\\OneDrive\\Desktop\\first\\hospitalMS\\vendor\\laravel\\framework\\src\\Illuminate\\Session\\Middleware\\StartSession.php(64): Illuminate\\Session\\Middleware\\StartSession->handleStatefulRequest(Object(Illuminate\\Http\\Request), Object(Illuminate\\Session\\Store), Object(Closure))
#34 C:\\Users\\SINCHINE DAS\\OneDrive\\Desktop\\first\\hospitalMS\\vendor\\laravel\\framework\\src\\Illuminate\\Pipeline\\Pipeline.php(167): Illuminate\\Session\\Middleware\\StartSession->handle(Object(Illuminate\\Http\\Request), Object(Closure))
#35 C:\\Users\\SINCHINE DAS\\OneDrive\\Desktop\\first\\hospitalMS\\vendor\\laravel\\framework\\src\\Illuminate\\Cookie\\Middleware\\AddQueuedCookiesToResponse.php(37): Illuminate\\Pipeline\\Pipeline->Illuminate\\Pipeline\\{closure}(Object(Illuminate\\Http\\Request))
#36 C:\\Users\\SINCHINE DAS\\OneDrive\\Desktop\\first\\hospitalMS\\vendor\\laravel\\framework\\src\\Illuminate\\Pipeline\\Pipeline.php(167): Illuminate\\Cookie\\Middleware\\AddQueuedCookiesToResponse->handle(Object(Illuminate\\Http\\Request), Object(Closure))
#37 C:\\Users\\SINCHINE DAS\\OneDrive\\Desktop\\first\\hospitalMS\\vendor\\laravel\\framework\\src\\Illuminate\\Cookie\\Middleware\\EncryptCookies.php(67): Illuminate\\Pipeline\\Pipeline->Illuminate\\Pipeline\\{closure}(Object(Illuminate\\Http\\Request))
#38 C:\\Users\\SINCHINE DAS\\OneDrive\\Desktop\\first\\hospitalMS\\vendor\\laravel\\framework\\src\\Illuminate\\Pipeline\\Pipeline.php(167): Illuminate\\Cookie\\Middleware\\EncryptCookies->handle(Object(Illuminate\\Http\\Request), Object(Closure))
#39 C:\\Users\\SINCHINE DAS\\OneDrive\\Desktop\\first\\hospitalMS\\vendor\\laravel\\framework\\src\\Illuminate\\Pipeline\\Pipeline.php(103): Illuminate\\Pipeline\\Pipeline->Illuminate\\Pipeline\\{closure}(Object(Illuminate\\Http\\Request))
#40 C:\\Users\\SINCHINE DAS\\OneDrive\\Desktop\\first\\hospitalMS\\vendor\\laravel\\framework\\src\\Illuminate\\Routing\\Router.php(719): Illuminate\\Pipeline\\Pipeline->then(Object(Closure))
#41 C:\\Users\\SINCHINE DAS\\OneDrive\\Desktop\\first\\hospitalMS\\vendor\\laravel\\framework\\src\\Illuminate\\Routing\\Router.php(698): Illuminate\\Routing\\Router->runRouteWithinStack(Object(Illuminate\\Routing\\Route), Object(Illuminate\\Http\\Request))
#42 C:\\Users\\SINCHINE DAS\\OneDrive\\Desktop\\first\\hospitalMS\\vendor\\laravel\\framework\\src\\Illuminate\\Routing\\Router.php(662): Illuminate\\Routing\\Router->runRoute(Object(Illuminate\\Http\\Request), Object(Illuminate\\Routing\\Route))
#43 C:\\Users\\SINCHINE DAS\\OneDrive\\Desktop\\first\\hospitalMS\\vendor\\laravel\\framework\\src\\Illuminate\\Routing\\Router.php(651): Illuminate\\Routing\\Router->dispatchToRoute(Object(Illuminate\\Http\\Request))
#44 C:\\Users\\SINCHINE DAS\\OneDrive\\Desktop\\first\\hospitalMS\\vendor\\laravel\\framework\\src\\Illuminate\\Foundation\\Http\\Kernel.php(167): Illuminate\\Routing\\Router->dispatch(Object(Illuminate\\Http\\Request))
#45 C:\\Users\\SINCHINE DAS\\OneDrive\\Desktop\\first\\hospitalMS\\vendor\\laravel\\framework\\src\\Illuminate\\Pipeline\\Pipeline.php(128): Illuminate\\Foundation\\Http\\Kernel->Illuminate\\Foundation\\Http\\{closure}(Object(Illuminate\\Http\\Request))
#46 C:\\Users\\SINCHINE DAS\\OneDrive\\Desktop\\first\\hospitalMS\\vendor\\livewire\\livewire\\src\\DisableBrowserCache.php(19): Illuminate\\Pipeline\\Pipeline->Illuminate\\Pipeline\\{closure}(Object(Illuminate\\Http\\Request))
#47 C:\\Users\\SINCHINE DAS\\OneDrive\\Desktop\\first\\hospitalMS\\vendor\\laravel\\framework\\src\\Illuminate\\Pipeline\\Pipeline.php(167): Livewire\\DisableBrowserCache->handle(Object(Illuminate\\Http\\Request), Object(Closure))
#48 C:\\Users\\SINCHINE DAS\\OneDrive\\Desktop\\first\\hospitalMS\\vendor\\laravel\\framework\\src\\Illuminate\\Foundation\\Http\\Middleware\\TransformsRequest.php(21): Illuminate\\Pipeline\\Pipeline->Illuminate\\Pipeline\\{closure}(Object(Illuminate\\Http\\Request))
#49 C:\\Users\\SINCHINE DAS\\OneDrive\\Desktop\\first\\hospitalMS\\vendor\\laravel\\framework\\src\\Illuminate\\Foundation\\Http\\Middleware\\ConvertEmptyStringsToNull.php(31): Illuminate\\Foundation\\Http\\Middleware\\TransformsRequest->handle(Object(Illuminate\\Http\\Request), Object(Closure))
#50 C:\\Users\\SINCHINE DAS\\OneDrive\\Desktop\\first\\hospitalMS\\vendor\\laravel\\framework\\src\\Illuminate\\Pipeline\\Pipeline.php(167): Illuminate\\Foundation\\Http\\Middleware\\ConvertEmptyStringsToNull->handle(Object(Illuminate\\Http\\Request), Object(Closure))
#51 C:\\Users\\SINCHINE DAS\\OneDrive\\Desktop\\first\\hospitalMS\\vendor\\laravel\\framework\\src\\Illuminate\\Foundation\\Http\\Middleware\\TransformsRequest.php(21): Illuminate\\Pipeline\\Pipeline->Illuminate\\Pipeline\\{closure}(Object(Illuminate\\Http\\Request))
#52 C:\\Users\\SINCHINE DAS\\OneDrive\\Desktop\\first\\hospitalMS\\vendor\\laravel\\framework\\src\\Illuminate\\Foundation\\Http\\Middleware\\TrimStrings.php(40): Illuminate\\Foundation\\Http\\Middleware\\TransformsRequest->handle(Object(Illuminate\\Http\\Request), Object(Closure))
#53 C:\\Users\\SINCHINE DAS\\OneDrive\\Desktop\\first\\hospitalMS\\vendor\\laravel\\framework\\src\\Illuminate\\Pipeline\\Pipeline.php(167): Illuminate\\Foundation\\Http\\Middleware\\TrimStrings->handle(Object(Illuminate\\Http\\Request), Object(Closure))
#54 C:\\Users\\SINCHINE DAS\\OneDrive\\Desktop\\first\\hospitalMS\\vendor\\laravel\\framework\\src\\Illuminate\\Foundation\\Http\\Middleware\\ValidatePostSize.php(27): Illuminate\\Pipeline\\Pipeline->Illuminate\\Pipeline\\{closure}(Object(Illuminate\\Http\\Request))
#55 C:\\Users\\SINCHINE DAS\\OneDrive\\Desktop\\first\\hospitalMS\\vendor\\laravel\\framework\\src\\Illuminate\\Pipeline\\Pipeline.php(167): Illuminate\\Foundation\\Http\\Middleware\\ValidatePostSize->handle(Object(Illuminate\\Http\\Request), Object(Closure))
#56 C:\\Users\\SINCHINE DAS\\OneDrive\\Desktop\\first\\hospitalMS\\vendor\\laravel\\framework\\src\\Illuminate\\Foundation\\Http\\Middleware\\PreventRequestsDuringMaintenance.php(86): Illuminate\\Pipeline\\Pipeline->Illuminate\\Pipeline\\{closure}(Object(Illuminate\\Http\\Request))
#57 C:\\Users\\SINCHINE DAS\\OneDrive\\Desktop\\first\\hospitalMS\\vendor\\laravel\\framework\\src\\Illuminate\\Pipeline\\Pipeline.php(167): Illuminate\\Foundation\\Http\\Middleware\\PreventRequestsDuringMaintenance->handle(Object(Illuminate\\Http\\Request), Object(Closure))
#58 C:\\Users\\SINCHINE DAS\\OneDrive\\Desktop\\first\\hospitalMS\\vendor\\fruitcake\\laravel-cors\\src\\HandleCors.php(38): Illuminate\\Pipeline\\Pipeline->Illuminate\\Pipeline\\{closure}(Object(Illuminate\\Http\\Request))
#59 C:\\Users\\SINCHINE DAS\\OneDrive\\Desktop\\first\\hospitalMS\\vendor\\laravel\\framework\\src\\Illuminate\\Pipeline\\Pipeline.php(167): Fruitcake\\Cors\\HandleCors->handle(Object(Illuminate\\Http\\Request), Object(Closure))
#60 C:\\Users\\SINCHINE DAS\\OneDrive\\Desktop\\first\\hospitalMS\\vendor\\fideloper\\proxy\\src\\TrustProxies.php(57): Illuminate\\Pipeline\\Pipeline->Illuminate\\Pipeline\\{closure}(Object(Illuminate\\Http\\Request))
#61 C:\\Users\\SINCHINE DAS\\OneDrive\\Desktop\\first\\hospitalMS\\vendor\\laravel\\framework\\src\\Illuminate\\Pipeline\\Pipeline.php(167): Fideloper\\Proxy\\TrustProxies->handle(Object(Illuminate\\Http\\Request), Object(Closure))
#62 C:\\Users\\SINCHINE DAS\\OneDrive\\Desktop\\first\\hospitalMS\\vendor\\laravel\\framework\\src\\Illuminate\\Pipeline\\Pipeline.php(103): Illuminate\\Pipeline\\Pipeline->Illuminate\\Pipeline\\{closure}(Object(Illuminate\\Http\\Request))
#63 C:\\Users\\SINCHINE DAS\\OneDrive\\Desktop\\first\\hospitalMS\\vendor\\laravel\\framework\\src\\Illuminate\\Foundation\\Http\\Kernel.php(142): Illuminate\\Pipeline\\Pipeline->then(Object(Closure))
#64 C:\\Users\\SINCHINE DAS\\OneDrive\\Desktop\\first\\hospitalMS\\vendor\\laravel\\framework\\src\\Illuminate\\Foundation\\Http\\Kernel.php(111): Illuminate\\Foundation\\Http\\Kernel->sendRequestThroughRouter(Object(Illuminate\\Http\\Request))
#65 C:\\Users\\SINCHINE DAS\\OneDrive\\Desktop\\first\\hospitalMS\\public\\index.php(51): Illuminate\\Foundation\\Http\\Kernel->handle(Object(Illuminate\\Http\\Request))
#66 C:\\Users\\SINCHINE DAS\\OneDrive\\Desktop\\first\\hospitalMS\\server.php(21): require_once('C:\\\\Users\\\\SINCHI...')
#67 {main}

[previous exception] [object] (Illuminate\\Database\\QueryException(code: 2002): SQLSTATE[HY000] [2002] No connection could be made because the target machine actively refused it (SQL: select * from `settings` where `settings`.`deleted_at` is null order by `created_at` desc limit 1) at C:\\Users\\SINCHINE DAS\\OneDrive\\Desktop\\first\\hospitalMS\\vendor\\laravel\\framework\\src\\Illuminate\\Database\\Connection.php:712)
[stacktrace]
#0 C:\\Users\\SINCHINE DAS\\OneDrive\\Desktop\\first\\hospitalMS\\vendor\\laravel\\framework\\src\\Illuminate\\Database\\Connection.php(672): Illuminate\\Database\\Connection->runQueryCallback('select * from `...', Array, Object(Closure))
#1 C:\\Users\\SINCHINE DAS\\OneDrive\\Desktop\\first\\hospitalMS\\vendor\\laravel\\framework\\src\\Illuminate\\Database\\Connection.php(359): Illuminate\\Database\\Connection->run('select * from `...', Array, Object(Closure))
#2 C:\\Users\\SINCHINE DAS\\OneDrive\\Desktop\\first\\hospitalMS\\vendor\\laravel\\framework\\src\\Illuminate\\Database\\Query\\Builder.php(2413): Illuminate\\Database\\Connection->select('select * from `...', Array, true)
#3 C:\\Users\\SINCHINE DAS\\OneDrive\\Desktop\\first\\hospitalMS\\vendor\\laravel\\framework\\src\\Illuminate\\Database\\Query\\Builder.php(2402): Illuminate\\Database\\Query\\Builder->runSelect()
#4 C:\\Users\\SINCHINE DAS\\OneDrive\\Desktop\\first\\hospitalMS\\vendor\\laravel\\framework\\src\\Illuminate\\Database\\Query\\Builder.php(2936): Illuminate\\Database\\Query\\Builder->Illuminate\\Database\\Query\\{closure}()
#5 C:\\Users\\SINCHINE DAS\\OneDrive\\Desktop\\first\\hospitalMS\\vendor\\laravel\\framework\\src\\Illuminate\\Database\\Query\\Builder.php(2401): Illuminate\\Database\\Query\\Builder->onceWithColumns(Array, Object(Closure))
#6 C:\\Users\\SINCHINE DAS\\OneDrive\\Desktop\\first\\hospitalMS\\vendor\\laravel\\framework\\src\\Illuminate\\Database\\Eloquent\\Builder.php(625): Illuminate\\Database\\Query\\Builder->get(Array)
#7 C:\\Users\\SINCHINE DAS\\OneDrive\\Desktop\\first\\hospitalMS\\vendor\\laravel\\framework\\src\\Illuminate\\Database\\Eloquent\\Builder.php(609): Illuminate\\Database\\Eloquent\\Builder->getModels(Array)
#8 C:\\Users\\SINCHINE DAS\\OneDrive\\Desktop\\first\\hospitalMS\\vendor\\laravel\\framework\\src\\Illuminate\\Database\\Concerns\\BuildsQueries.php(294): Illuminate\\Database\\Eloquent\\Builder->get(Array)
#9 C:\\Users\\SINCHINE DAS\\OneDrive\\Desktop\\first\\hospitalMS\\storage\\framework\\views\\3eb6400fb2ce03f9287d039c54a36dac141ef7a0.php(3): Illuminate\\Database\\Eloquent\\Builder->first()
#10 C:\\Users\\SINCHINE DAS\\OneDrive\\Desktop\\first\\hospitalMS\\vendor\\laravel\\framework\\src\\Illuminate\\Filesystem\\Filesystem.php(107): require('C:\\\\Users\\\\SINCHI...')
#11 C:\\Users\\SINCHINE DAS\\OneDrive\\Desktop\\first\\hospitalMS\\vendor\\laravel\\framework\\src\\Illuminate\\Filesystem\\Filesystem.php(108): Illuminate\\Filesystem\\Filesystem::Illuminate\\Filesystem\\{closure}()
#12 C:\\Users\\SINCHINE DAS\\OneDrive\\Desktop\\first\\hospitalMS\\vendor\\laravel\\framework\\src\\Illuminate\\View\\Engines\\PhpEngine.php(58): Illuminate\\Filesystem\\Filesystem->getRequire('C:\\\\Users\\\\SINCHI...', Array)
#13 C:\\Users\\SINCHINE DAS\\OneDrive\\Desktop\\first\\hospitalMS\\vendor\\livewire\\livewire\\src\\ComponentConcerns\\RendersLivewireComponents.php(69): Illuminate\\View\\Engines\\PhpEngine->evaluatePath('C:\\\\Users\\\\SINCHI...', Array)
#14 C:\\Users\\SINCHINE DAS\\OneDrive\\Desktop\\first\\hospitalMS\\vendor\\laravel\\framework\\src\\Illuminate\\View\\Engines\\CompilerEngine.php(61): Livewire\\CompilerEngineForIgnition->evaluatePath('C:\\\\Users\\\\SINCHI...', Array)
#15 C:\\Users\\SINCHINE DAS\\OneDrive\\Desktop\\first\\hospitalMS\\vendor\\facade\\ignition\\src\\Views\\Engines\\CompilerEngine.php(37): Illuminate\\View\\Engines\\CompilerEngine->get('C:\\\\Users\\\\SINCHI...', Array)
#16 C:\\Users\\SINCHINE DAS\\OneDrive\\Desktop\\first\\hospitalMS\\vendor\\livewire\\livewire\\src\\ComponentConcerns\\RendersLivewireComponents.php(35): Facade\\Ignition\\Views\\Engines\\CompilerEngine->get('C:\\\\Users\\\\SINCHI...', Array)
#17 C:\\Users\\SINCHINE DAS\\OneDrive\\Desktop\\first\\hospitalMS\\vendor\\laravel\\framework\\src\\Illuminate\\View\\View.php(139): Livewire\\CompilerEngineForIgnition->get('C:\\\\Users\\\\SINCHI...', Array)
#18 C:\\Users\\SINCHINE DAS\\OneDrive\\Desktop\\first\\hospitalMS\\vendor\\laravel\\framework\\src\\Illuminate\\View\\View.php(122): Illuminate\\View\\View->getContents()
#19 C:\\Users\\SINCHINE DAS\\OneDrive\\Desktop\\first\\hospitalMS\\vendor\\laravel\\framework\\src\\Illuminate\\View\\View.php(91): Illuminate\\View\\View->renderContents()
#20 C:\\Users\\SINCHINE DAS\\OneDrive\\Desktop\\first\\hospitalMS\\vendor\\laravel\\framework\\src\\Illuminate\\Http\\Response.php(69): Illuminate\\View\\View->render()
#21 C:\\Users\\SINCHINE DAS\\OneDrive\\Desktop\\first\\hospitalMS\\vendor\\laravel\\framework\\src\\Illuminate\\Http\\Response.php(35): Illuminate\\Http\\Response->setContent(Object(Illuminate\\View\\View))
#22 C:\\Users\\SINCHINE DAS\\OneDrive\\Desktop\\first\\hospitalMS\\vendor\\laravel\\framework\\src\\Illuminate\\Routing\\Router.php(820): Illuminate\\Http\\Response->__construct(Object(Illuminate\\View\\View), 200, Array)
#23 C:\\Users\\SINCHINE DAS\\OneDrive\\Desktop\\first\\hospitalMS\\vendor\\laravel\\framework\\src\\Illuminate\\Routing\\Router.php(789): Illuminate\\Routing\\Router::toResponse(Object(Illuminate\\Http\\Request), Object(Illuminate\\View\\View))
#24 C:\\Users\\SINCHINE DAS\\OneDrive\\Desktop\\first\\hospitalMS\\vendor\\laravel\\framework\\src\\Illuminate\\Routing\\Router.php(720): Illuminate\\Routing\\Router->prepareResponse(Object(Illuminate\\Http\\Request), Object(Illuminate\\View\\View))
#25 C:\\Users\\SINCHINE DAS\\OneDrive\\Desktop\\first\\hospitalMS\\vendor\\laravel\\framework\\src\\Illuminate\\Pipeline\\Pipeline.php(128): Illuminate\\Routing\\Router->Illuminate\\Routing\\{closure}(Object(Illuminate\\Http\\Request))
#26 C:\\Users\\SINCHINE DAS\\OneDrive\\Desktop\\first\\hospitalMS\\vendor\\laravel\\framework\\src\\Illuminate\\Routing\\Middleware\\SubstituteBindings.php(50): Illuminate\\Pipeline\\Pipeline->Illuminate\\Pipeline\\{closure}(Object(Illuminate\\Http\\Request))
#27 C:\\Users\\SINCHINE DAS\\OneDrive\\Desktop\\first\\hospitalMS\\vendor\\laravel\\framework\\src\\Illuminate\\Pipeline\\Pipeline.php(167): Illuminate\\Routing\\Middleware\\SubstituteBindings->handle(Object(Illuminate\\Http\\Request), Object(Closure))
#28 C:\\Users\\SINCHINE DAS\\OneDrive\\Desktop\\first\\hospitalMS\\vendor\\laravel\\framework\\src\\Illuminate\\Foundation\\Http\\Middleware\\VerifyCsrfToken.php(78): Illuminate\\Pipeline\\Pipeline->Illuminate\\Pipeline\\{closure}(Object(Illuminate\\Http\\Request))
#29 C:\\Users\\SINCHINE DAS\\OneDrive\\Desktop\\first\\hospitalMS\\vendor\\laravel\\framework\\src\\Illuminate\\Pipeline\\Pipeline.php(167): Illuminate\\Foundation\\Http\\Middleware\\VerifyCsrfToken->handle(Object(Illuminate\\Http\\Request), Object(Closure))
#30 C:\\Users\\SINCHINE DAS\\OneDrive\\Desktop\\first\\hospitalMS\\vendor\\laravel\\framework\\src\\Illuminate\\View\\Middleware\\ShareErrorsFromSession.php(49): Illuminate\\Pipeline\\Pipeline->Illuminate\\Pipeline\\{closure}(Object(Illuminate\\Http\\Request))
#31 C:\\Users\\SINCHINE DAS\\OneDrive\\Desktop\\first\\hospitalMS\\vendor\\laravel\\framework\\src\\Illuminate\\Pipeline\\Pipeline.php(167): Illuminate\\View\\Middleware\\ShareErrorsFromSession->handle(Object(Illuminate\\Http\\Request), Object(Closure))
#32 C:\\Users\\SINCHINE DAS\\OneDrive\\Desktop\\first\\hospitalMS\\vendor\\laravel\\framework\\src\\Illuminate\\Session\\Middleware\\StartSession.php(121): Illuminate\\Pipeline\\Pipeline->Illuminate\\Pipeline\\{closure}(Object(Illuminate\\Http\\Request))
#33 C:\\Users\\SINCHINE DAS\\OneDrive\\Desktop\\first\\hospitalMS\\vendor\\laravel\\framework\\src\\Illuminate\\Session\\Middleware\\StartSession.php(64): Illuminate\\Session\\Middleware\\StartSession->handleStatefulRequest(Object(Illuminate\\Http\\Request), Object(Illuminate\\Session\\Store), Object(Closure))
#34 C:\\Users\\SINCHINE DAS\\OneDrive\\Desktop\\first\\hospitalMS\\vendor\\laravel\\framework\\src\\Illuminate\\Pipeline\\Pipeline.php(167): Illuminate\\Session\\Middleware\\StartSession->handle(Object(Illuminate\\Http\\Request), Object(Closure))
#35 C:\\Users\\SINCHINE DAS\\OneDrive\\Desktop\\first\\hospitalMS\\vendor\\laravel\\framework\\src\\Illuminate\\Cookie\\Middleware\\AddQueuedCookiesToResponse.php(37): Illuminate\\Pipeline\\Pipeline->Illuminate\\Pipeline\\{closure}(Object(Illuminate\\Http\\Request))
#36 C:\\Users\\SINCHINE DAS\\OneDrive\\Desktop\\first\\hospitalMS\\vendor\\laravel\\framework\\src\\Illuminate\\Pipeline\\Pipeline.php(167): Illuminate\\Cookie\\Middleware\\AddQueuedCookiesToResponse->handle(Object(Illuminate\\Http\\Request), Object(Closure))
#37 C:\\Users\\SINCHINE DAS\\OneDrive\\Desktop\\first\\hospitalMS\\vendor\\laravel\\framework\\src\\Illuminate\\Cookie\\Middleware\\EncryptCookies.php(67): Illuminate\\Pipeline\\Pipeline->Illuminate\\Pipeline\\{closure}(Object(Illuminate\\Http\\Request))
#38 C:\\Users\\SINCHINE DAS\\OneDrive\\Desktop\\first\\hospitalMS\\vendor\\laravel\\framework\\src\\Illuminate\\Pipeline\\Pipeline.php(167): Illuminate\\Cookie\\Middleware\\EncryptCookies->handle(Object(Illuminate\\Http\\Request), Object(Closure))
#39 C:\\Users\\SINCHINE DAS\\OneDrive\\Desktop\\first\\hospitalMS\\vendor\\laravel\\framework\\src\\Illuminate\\Pipeline\\Pipeline.php(103): Illuminate\\Pipeline\\Pipeline->Illuminate\\Pipeline\\{closure}(Object(Illuminate\\Http\\Request))
#40 C:\\Users\\SINCHINE DAS\\OneDrive\\Desktop\\first\\hospitalMS\\vendor\\laravel\\framework\\src\\Illuminate\\Routing\\Router.php(719): Illuminate\\Pipeline\\Pipeline->then(Object(Closure))
#41 C:\\Users\\SINCHINE DAS\\OneDrive\\Desktop\\first\\hospitalMS\\vendor\\laravel\\framework\\src\\Illuminate\\Routing\\Router.php(698): Illuminate\\Routing\\Router->runRouteWithinStack(Object(Illuminate\\Routing\\Route), Object(Illuminate\\Http\\Request))
#42 C:\\Users\\SINCHINE DAS\\OneDrive\\Desktop\\first\\hospitalMS\\vendor\\laravel\\framework\\src\\Illuminate\\Routing\\Router.php(662): Illuminate\\Routing\\Router->runRoute(Object(Illuminate\\Http\\Request), Object(Illuminate\\Routing\\Route))
#43 C:\\Users\\SINCHINE DAS\\OneDrive\\Desktop\\first\\hospitalMS\\vendor\\laravel\\framework\\src\\Illuminate\\Routing\\Router.php(651): Illuminate\\Routing\\Router->dispatchToRoute(Object(Illuminate\\Http\\Request))
#44 C:\\Users\\SINCHINE DAS\\OneDrive\\Desktop\\first\\hospitalMS\\vendor\\laravel\\framework\\src\\Illuminate\\Foundation\\Http\\Kernel.php(167): Illuminate\\Routing\\Router->dispatch(Object(Illuminate\\Http\\Request))
#45 C:\\Users\\SINCHINE DAS\\OneDrive\\Desktop\\first\\hospitalMS\\vendor\\laravel\\framework\\src\\Illuminate\\Pipeline\\Pipeline.php(128): Illuminate\\Foundation\\Http\\Kernel->Illuminate\\Foundation\\Http\\{closure}(Object(Illuminate\\Http\\Request))
#46 C:\\Users\\SINCHINE DAS\\OneDrive\\Desktop\\first\\hospitalMS\\vendor\\livewire\\livewire\\src\\DisableBrowserCache.php(19): Illuminate\\Pipeline\\Pipeline->Illuminate\\Pipeline\\{closure}(Object(Illuminate\\Http\\Request))
#47 C:\\Users\\SINCHINE DAS\\OneDrive\\Desktop\\first\\hospitalMS\\vendor\\laravel\\framework\\src\\Illuminate\\Pipeline\\Pipeline.php(167): Livewire\\DisableBrowserCache->handle(Object(Illuminate\\Http\\Request), Object(Closure))
#48 C:\\Users\\SINCHINE DAS\\OneDrive\\Desktop\\first\\hospitalMS\\vendor\\laravel\\framework\\src\\Illuminate\\Foundation\\Http\\Middleware\\TransformsRequest.php(21): Illuminate\\Pipeline\\Pipeline->Illuminate\\Pipeline\\{closure}(Object(Illuminate\\Http\\Request))
#49 C:\\Users\\SINCHINE DAS\\OneDrive\\Desktop\\first\\hospitalMS\\vendor\\laravel\\framework\\src\\Illuminate\\Foundation\\Http\\Middleware\\ConvertEmptyStringsToNull.php(31): Illuminate\\Foundation\\Http\\Middleware\\TransformsRequest->handle(Object(Illuminate\\Http\\Request), Object(Closure))
#50 C:\\Users\\SINCHINE DAS\\OneDrive\\Desktop\\first\\hospitalMS\\vendor\\laravel\\framework\\src\\Illuminate\\Pipeline\\Pipeline.php(167): Illuminate\\Foundation\\Http\\Middleware\\ConvertEmptyStringsToNull->handle(Object(Illuminate\\Http\\Request), Object(Closure))
#51 C:\\Users\\SINCHINE DAS\\OneDrive\\Desktop\\first\\hospitalMS\\vendor\\laravel\\framework\\src\\Illuminate\\Foundation\\Http\\Middleware\\TransformsRequest.php(21): Illuminate\\Pipeline\\Pipeline->Illuminate\\Pipeline\\{closure}(Object(Illuminate\\Http\\Request))
#52 C:\\Users\\SINCHINE DAS\\OneDrive\\Desktop\\first\\hospitalMS\\vendor\\laravel\\framework\\src\\Illuminate\\Foundation\\Http\\Middleware\\TrimStrings.php(40): Illuminate\\Foundation\\Http\\Middleware\\TransformsRequest->handle(Object(Illuminate\\Http\\Request), Object(Closure))
#53 C:\\Users\\SINCHINE DAS\\OneDrive\\Desktop\\first\\hospitalMS\\vendor\\laravel\\framework\\src\\Illuminate\\Pipeline\\Pipeline.php(167): Illuminate\\Foundation\\Http\\Middleware\\TrimStrings->handle(Object(Illuminate\\Http\\Request), Object(Closure))
#54 C:\\Users\\SINCHINE DAS\\OneDrive\\Desktop\\first\\hospitalMS\\vendor\\laravel\\framework\\src\\Illuminate\\Foundation\\Http\\Middleware\\ValidatePostSize.php(27): Illuminate\\Pipeline\\Pipeline->Illuminate\\Pipeline\\{closure}(Object(Illuminate\\Http\\Request))
#55 C:\\Users\\SINCHINE DAS\\OneDrive\\Desktop\\first\\hospitalMS\\vendor\\laravel\\framework\\src\\Illuminate\\Pipeline\\Pipeline.php(167): Illuminate\\Foundation\\Http\\Middleware\\ValidatePostSize->handle(Object(Illuminate\\Http\\Request), Object(Closure))
#56 C:\\Users\\SINCHINE DAS\\OneDrive\\Desktop\\first\\hospitalMS\\vendor\\laravel\\framework\\src\\Illuminate\\Foundation\\Http\\Middleware\\PreventRequestsDuringMaintenance.php(86): Illuminate\\Pipeline\\Pipeline->Illuminate\\Pipeline\\{closure}(Object(Illuminate\\Http\\Request))
#57 C:\\Users\\SINCHINE DAS\\OneDrive\\Desktop\\first\\hospitalMS\\vendor\\laravel\\framework\\src\\Illuminate\\Pipeline\\Pipeline.php(167): Illuminate\\Foundation\\Http\\Middleware\\PreventRequestsDuringMaintenance->handle(Object(Illuminate\\Http\\Request), Object(Closure))
#58 C:\\Users\\SINCHINE DAS\\OneDrive\\Desktop\\first\\hospitalMS\\vendor\\fruitcake\\laravel-cors\\src\\HandleCors.php(38): Illuminate\\Pipeline\\Pipeline->Illuminate\\Pipeline\\{closure}(Object(Illuminate\\Http\\Request))
#59 C:\\Users\\SINCHINE DAS\\OneDrive\\Desktop\\first\\hospitalMS\\vendor\\laravel\\framework\\src\\Illuminate\\Pipeline\\Pipeline.php(167): Fruitcake\\Cors\\HandleCors->handle(Object(Illuminate\\Http\\Request), Object(Closure))
#60 C:\\Users\\SINCHINE DAS\\OneDrive\\Desktop\\first\\hospitalMS\\vendor\\fideloper\\proxy\\src\\TrustProxies.php(57): Illuminate\\Pipeline\\Pipeline->Illuminate\\Pipeline\\{closure}(Object(Illuminate\\Http\\Request))
#61 C:\\Users\\SINCHINE DAS\\OneDrive\\Desktop\\first\\hospitalMS\\vendor\\laravel\\framework\\src\\Illuminate\\Pipeline\\Pipeline.php(167): Fideloper\\Proxy\\TrustProxies->handle(Object(Illuminate\\Http\\Request), Object(Closure))
#62 C:\\Users\\SINCHINE DAS\\OneDrive\\Desktop\\first\\hospitalMS\\vendor\\laravel\\framework\\src\\Illuminate\\Pipeline\\Pipeline.php(103): Illuminate\\Pipeline\\Pipeline->Illuminate\\Pipeline\\{closure}(Object(Illuminate\\Http\\Request))
#63 C:\\Users\\SINCHINE DAS\\OneDrive\\Desktop\\first\\hospitalMS\\vendor\\laravel\\framework\\src\\Illuminate\\Foundation\\Http\\Kernel.php(142): Illuminate\\Pipeline\\Pipeline->then(Object(Closure))
#64 C:\\Users\\SINCHINE DAS\\OneDrive\\Desktop\\first\\hospitalMS\\vendor\\laravel\\framework\\src\\Illuminate\\Foundation\\Http\\Kernel.php(111): Illuminate\\Foundation\\Http\\Kernel->sendRequestThroughRouter(Object(Illuminate\\Http\\Request))
#65 C:\\Users\\SINCHINE DAS\\OneDrive\\Desktop\\first\\hospitalMS\\public\\index.php(51): Illuminate\\Foundation\\Http\\Kernel->handle(Object(Illuminate\\Http\\Request))
#66 C:\\Users\\SINCHINE DAS\\OneDrive\\Desktop\\first\\hospitalMS\\server.php(21): require_once('C:\\\\Users\\\\SINCHI...')
#67 {main}

[previous exception] [object] (PDOException(code: 2002): SQLSTATE[HY000] [2002] No connection could be made because the target machine actively refused it at C:\\Users\\SINCHINE DAS\\OneDrive\\Desktop\\first\\hospitalMS\\vendor\\laravel\\framework\\src\\Illuminate\\Database\\Connectors\\Connector.php:70)
[stacktrace]
#0 C:\\Users\\SINCHINE DAS\\OneDrive\\Desktop\\first\\hospitalMS\\vendor\\laravel\\framework\\src\\Illuminate\\Database\\Connectors\\Connector.php(70): PDO->__construct('mysql:host=127....', 'root', Object(SensitiveParameterValue), Array)
#1 C:\\Users\\SINCHINE DAS\\OneDrive\\Desktop\\first\\hospitalMS\\vendor\\laravel\\framework\\src\\Illuminate\\Database\\Connectors\\Connector.php(45): Illuminate\\Database\\Connectors\\Connector->createPdoConnection('mysql:host=127....', 'root', '', Array)
#2 C:\\Users\\SINCHINE DAS\\OneDrive\\Desktop\\first\\hospitalMS\\vendor\\laravel\\framework\\src\\Illuminate\\Database\\Connectors\\MySqlConnector.php(24): Illuminate\\Database\\Connectors\\Connector->createConnection('mysql:host=127....', Array, Array)
#3 C:\\Users\\SINCHINE DAS\\OneDrive\\Desktop\\first\\hospitalMS\\vendor\\laravel\\framework\\src\\Illuminate\\Database\\Connectors\\ConnectionFactory.php(184): Illuminate\\Database\\Connectors\\MySqlConnector->connect(Array)
#4 [internal function]: Illuminate\\Database\\Connectors\\ConnectionFactory->Illuminate\\Database\\Connectors\\{closure}()
#5 C:\\Users\\SINCHINE DAS\\OneDrive\\Desktop\\first\\hospitalMS\\vendor\\laravel\\framework\\src\\Illuminate\\Database\\Connection.php(1064): call_user_func(Object(Closure))
#6 C:\\Users\\SINCHINE DAS\\OneDrive\\Desktop\\first\\hospitalMS\\vendor\\laravel\\framework\\src\\Illuminate\\Database\\Connection.php(1100): Illuminate\\Database\\Connection->getPdo()
#7 C:\\Users\\SINCHINE DAS\\OneDrive\\Desktop\\first\\hospitalMS\\vendor\\laravel\\framework\\src\\Illuminate\\Database\\Connection.php(442): Illuminate\\Database\\Connection->getReadPdo()
#8 C:\\Users\\SINCHINE DAS\\OneDrive\\Desktop\\first\\hospitalMS\\vendor\\laravel\\framework\\src\\Illuminate\\Database\\Connection.php(368): Illuminate\\Database\\Connection->getPdoForSelect(true)
#9 C:\\Users\\SINCHINE DAS\\OneDrive\\Desktop\\first\\hospitalMS\\vendor\\laravel\\framework\\src\\Illuminate\\Database\\Connection.php(705): Illuminate\\Database\\Connection->Illuminate\\Database\\{closure}('select * from `...', Array)
#10 C:\\Users\\SINCHINE DAS\\OneDrive\\Desktop\\first\\hospitalMS\\vendor\\laravel\\framework\\src\\Illuminate\\Database\\Connection.php(672): Illuminate\\Database\\Connection->runQueryCallback('select * from `...', Array, Object(Closure))
#11 C:\\Users\\SINCHINE DAS\\OneDrive\\Desktop\\first\\hospitalMS\\vendor\\laravel\\framework\\src\\Illuminate\\Database\\Connection.php(359): Illuminate\\Database\\Connection->run('select * from `...', Array, Object(Closure))
#12 C:\\Users\\SINCHINE DAS\\OneDrive\\Desktop\\first\\hospitalMS\\vendor\\laravel\\framework\\src\\Illuminate\\Database\\Query\\Builder.php(2413): Illuminate\\Database\\Connection->select('select * from `...', Array, true)
#13 C:\\Users\\SINCHINE DAS\\OneDrive\\Desktop\\first\\hospitalMS\\vendor\\laravel\\framework\\src\\Illuminate\\Database\\Query\\Builder.php(2402): Illuminate\\Database\\Query\\Builder->runSelect()
#14 C:\\Users\\SINCHINE DAS\\OneDrive\\Desktop\\first\\hospitalMS\\vendor\\laravel\\framework\\src\\Illuminate\\Database\\Query\\Builder.php(2936): Illuminate\\Database\\Query\\Builder->Illuminate\\Database\\Query\\{closure}()
#15 C:\\Users\\SINCHINE DAS\\OneDrive\\Desktop\\first\\hospitalMS\\vendor\\laravel\\framework\\src\\Illuminate\\Database\\Query\\Builder.php(2401): Illuminate\\Database\\Query\\Builder->onceWithColumns(Array, Object(Closure))
#16 C:\\Users\\SINCHINE DAS\\OneDrive\\Desktop\\first\\hospitalMS\\vendor\\laravel\\framework\\src\\Illuminate\\Database\\Eloquent\\Builder.php(625): Illuminate\\Database\\Query\\Builder->get(Array)
#17 C:\\Users\\SINCHINE DAS\\OneDrive\\Desktop\\first\\hospitalMS\\vendor\\laravel\\framework\\src\\Illuminate\\Database\\Eloquent\\Builder.php(609): Illuminate\\Database\\Eloquent\\Builder->getModels(Array)
#18 C:\\Users\\SINCHINE DAS\\OneDrive\\Desktop\\first\\hospitalMS\\vendor\\laravel\\framework\\src\\Illuminate\\Database\\Concerns\\BuildsQueries.php(294): Illuminate\\Database\\Eloquent\\Builder->get(Array)
#19 C:\\Users\\SINCHINE DAS\\OneDrive\\Desktop\\first\\hospitalMS\\storage\\framework\\views\\3eb6400fb2ce03f9287d039c54a36dac141ef7a0.php(3): Illuminate\\Database\\Eloquent\\Builder->first()
#20 C:\\Users\\SINCHINE DAS\\OneDrive\\Desktop\\first\\hospitalMS\\vendor\\laravel\\framework\\src\\Illuminate\\Filesystem\\Filesystem.php(107): require('C:\\\\Users\\\\SINCHI...')
#21 C:\\Users\\SINCHINE DAS\\OneDrive\\Desktop\\first\\hospitalMS\\vendor\\laravel\\framework\\src\\Illuminate\\Filesystem\\Filesystem.php(108): Illuminate\\Filesystem\\Filesystem::Illuminate\\Filesystem\\{closure}()
#22 C:\\Users\\SINCHINE DAS\\OneDrive\\Desktop\\first\\hospitalMS\\vendor\\laravel\\framework\\src\\Illuminate\\View\\Engines\\PhpEngine.php(58): Illuminate\\Filesystem\\Filesystem->getRequire('C:\\\\Users\\\\SINCHI...', Array)
#23 C:\\Users\\SINCHINE DAS\\OneDrive\\Desktop\\first\\hospitalMS\\vendor\\livewire\\livewire\\src\\ComponentConcerns\\RendersLivewireComponents.php(69): Illuminate\\View\\Engines\\PhpEngine->evaluatePath('C:\\\\Users\\\\SINCHI...', Array)
#24 C:\\Users\\SINCHINE DAS\\OneDrive\\Desktop\\first\\hospitalMS\\vendor\\laravel\\framework\\src\\Illuminate\\View\\Engines\\CompilerEngine.php(61): Livewire\\CompilerEngineForIgnition->evaluatePath('C:\\\\Users\\\\SINCHI...', Array)
#25 C:\\Users\\SINCHINE DAS\\OneDrive\\Desktop\\first\\hospitalMS\\vendor\\facade\\ignition\\src\\Views\\Engines\\CompilerEngine.php(37): Illuminate\\View\\Engines\\CompilerEngine->get('C:\\\\Users\\\\SINCHI...', Array)
#26 C:\\Users\\SINCHINE DAS\\OneDrive\\Desktop\\first\\hospitalMS\\vendor\\livewire\\livewire\\src\\ComponentConcerns\\RendersLivewireComponents.php(35): Facade\\Ignition\\Views\\Engines\\CompilerEngine->get('C:\\\\Users\\\\SINCHI...', Array)
#27 C:\\Users\\SINCHINE DAS\\OneDrive\\Desktop\\first\\hospitalMS\\vendor\\laravel\\framework\\src\\Illuminate\\View\\View.php(139): Livewire\\CompilerEngineForIgnition->get('C:\\\\Users\\\\SINCHI...', Array)
#28 C:\\Users\\SINCHINE DAS\\OneDrive\\Desktop\\first\\hospitalMS\\vendor\\laravel\\framework\\src\\Illuminate\\View\\View.php(122): Illuminate\\View\\View->getContents()
#29 C:\\Users\\SINCHINE DAS\\OneDrive\\Desktop\\first\\hospitalMS\\vendor\\laravel\\framework\\src\\Illuminate\\View\\View.php(91): Illuminate\\View\\View->renderContents()
#30 C:\\Users\\SINCHINE DAS\\OneDrive\\Desktop\\first\\hospitalMS\\vendor\\laravel\\framework\\src\\Illuminate\\Http\\Response.php(69): Illuminate\\View\\View->render()
#31 C:\\Users\\SINCHINE DAS\\OneDrive\\Desktop\\first\\hospitalMS\\vendor\\laravel\\framework\\src\\Illuminate\\Http\\Response.php(35): Illuminate\\Http\\Response->setContent(Object(Illuminate\\View\\View))
#32 C:\\Users\\SINCHINE DAS\\OneDrive\\Desktop\\first\\hospitalMS\\vendor\\laravel\\framework\\src\\Illuminate\\Routing\\Router.php(820): Illuminate\\Http\\Response->__construct(Object(Illuminate\\View\\View), 200, Array)
#33 C:\\Users\\SINCHINE DAS\\OneDrive\\Desktop\\first\\hospitalMS\\vendor\\laravel\\framework\\src\\Illuminate\\Routing\\Router.php(789): Illuminate\\Routing\\Router::toResponse(Object(Illuminate\\Http\\Request), Object(Illuminate\\View\\View))
#34 C:\\Users\\SINCHINE DAS\\OneDrive\\Desktop\\first\\hospitalMS\\vendor\\laravel\\framework\\src\\Illuminate\\Routing\\Router.php(720): Illuminate\\Routing\\Router->prepareResponse(Object(Illuminate\\Http\\Request), Object(Illuminate\\View\\View))
#35 C:\\Users\\SINCHINE DAS\\OneDrive\\Desktop\\first\\hospitalMS\\vendor\\laravel\\framework\\src\\Illuminate\\Pipeline\\Pipeline.php(128): Illuminate\\Routing\\Router->Illuminate\\Routing\\{closure}(Object(Illuminate\\Http\\Request))
#36 C:\\Users\\SINCHINE DAS\\OneDrive\\Desktop\\first\\hospitalMS\\vendor\\laravel\\framework\\src\\Illuminate\\Routing\\Middleware\\SubstituteBindings.php(50): Illuminate\\Pipeline\\Pipeline->Illuminate\\Pipeline\\{closure}(Object(Illuminate\\Http\\Request))
#37 C:\\Users\\SINCHINE DAS\\OneDrive\\Desktop\\first\\hospitalMS\\vendor\\laravel\\framework\\src\\Illuminate\\Pipeline\\Pipeline.php(167): Illuminate\\Routing\\Middleware\\SubstituteBindings->handle(Object(Illuminate\\Http\\Request), Object(Closure))
#38 C:\\Users\\SINCHINE DAS\\OneDrive\\Desktop\\first\\hospitalMS\\vendor\\laravel\\framework\\src\\Illuminate\\Foundation\\Http\\Middleware\\VerifyCsrfToken.php(78): Illuminate\\Pipeline\\Pipeline->Illuminate\\Pipeline\\{closure}(Object(Illuminate\\Http\\Request))
#39 C:\\Users\\SINCHINE DAS\\OneDrive\\Desktop\\first\\hospitalMS\\vendor\\laravel\\framework\\src\\Illuminate\\Pipeline\\Pipeline.php(167): Illuminate\\Foundation\\Http\\Middleware\\VerifyCsrfToken->handle(Object(Illuminate\\Http\\Request), Object(Closure))
#40 C:\\Users\\SINCHINE DAS\\OneDrive\\Desktop\\first\\hospitalMS\\vendor\\laravel\\framework\\src\\Illuminate\\View\\Middleware\\ShareErrorsFromSession.php(49): Illuminate\\Pipeline\\Pipeline->Illuminate\\Pipeline\\{closure}(Object(Illuminate\\Http\\Request))
#41 C:\\Users\\SINCHINE DAS\\OneDrive\\Desktop\\first\\hospitalMS\\vendor\\laravel\\framework\\src\\Illuminate\\Pipeline\\Pipeline.php(167): Illuminate\\View\\Middleware\\ShareErrorsFromSession->handle(Object(Illuminate\\Http\\Request), Object(Closure))
#42 C:\\Users\\SINCHINE DAS\\OneDrive\\Desktop\\first\\hospitalMS\\vendor\\laravel\\framework\\src\\Illuminate\\Session\\Middleware\\StartSession.php(121): Illuminate\\Pipeline\\Pipeline->Illuminate\\Pipeline\\{closure}(Object(Illuminate\\Http\\Request))
#43 C:\\Users\\SINCHINE DAS\\OneDrive\\Desktop\\first\\hospitalMS\\vendor\\laravel\\framework\\src\\Illuminate\\Session\\Middleware\\StartSession.php(64): Illuminate\\Session\\Middleware\\StartSession->handleStatefulRequest(Object(Illuminate\\Http\\Request), Object(Illuminate\\Session\\Store), Object(Closure))
#44 C:\\Users\\SINCHINE DAS\\OneDrive\\Desktop\\first\\hospitalMS\\vendor\\laravel\\framework\\src\\Illuminate\\Pipeline\\Pipeline.php(167): Illuminate\\Session\\Middleware\\StartSession->handle(Object(Illuminate\\Http\\Request), Object(Closure))
#45 C:\\Users\\SINCHINE DAS\\OneDrive\\Desktop\\first\\hospitalMS\\vendor\\laravel\\framework\\src\\Illuminate\\Cookie\\Middleware\\AddQueuedCookiesToResponse.php(37): Illuminate\\Pipeline\\Pipeline->Illuminate\\Pipeline\\{closure}(Object(Illuminate\\Http\\Request))
#46 C:\\Users\\SINCHINE DAS\\OneDrive\\Desktop\\first\\hospitalMS\\vendor\\laravel\\framework\\src\\Illuminate\\Pipeline\\Pipeline.php(167): Illuminate\\Cookie\\Middleware\\AddQueuedCookiesToResponse->handle(Object(Illuminate\\Http\\Request), Object(Closure))
#47 C:\\Users\\SINCHINE DAS\\OneDrive\\Desktop\\first\\hospitalMS\\vendor\\laravel\\framework\\src\\Illuminate\\Cookie\\Middleware\\EncryptCookies.php(67): Illuminate\\Pipeline\\Pipeline->Illuminate\\Pipeline\\{closure}(Object(Illuminate\\Http\\Request))
#48 C:\\Users\\SINCHINE DAS\\OneDrive\\Desktop\\first\\hospitalMS\\vendor\\laravel\\framework\\src\\Illuminate\\Pipeline\\Pipeline.php(167): Illuminate\\Cookie\\Middleware\\EncryptCookies->handle(Object(Illuminate\\Http\\Request), Object(Closure))
#49 C:\\Users\\SINCHINE DAS\\OneDrive\\Desktop\\first\\hospitalMS\\vendor\\laravel\\framework\\src\\Illuminate\\Pipeline\\Pipeline.php(103): Illuminate\\Pipeline\\Pipeline->Illuminate\\Pipeline\\{closure}(Object(Illuminate\\Http\\Request))
#50 C:\\Users\\SINCHINE DAS\\OneDrive\\Desktop\\first\\hospitalMS\\vendor\\laravel\\framework\\src\\Illuminate\\Routing\\Router.php(719): Illuminate\\Pipeline\\Pipeline->then(Object(Closure))
#51 C:\\Users\\SINCHINE DAS\\OneDrive\\Desktop\\first\\hospitalMS\\vendor\\laravel\\framework\\src\\Illuminate\\Routing\\Router.php(698): Illuminate\\Routing\\Router->runRouteWithinStack(Object(Illuminate\\Routing\\Route), Object(Illuminate\\Http\\Request))
#52 C:\\Users\\SINCHINE DAS\\OneDrive\\Desktop\\first\\hospitalMS\\vendor\\laravel\\framework\\src\\Illuminate\\Routing\\Router.php(662): Illuminate\\Routing\\Router->runRoute(Object(Illuminate\\Http\\Request), Object(Illuminate\\Routing\\Route))
#53 C:\\Users\\SINCHINE DAS\\OneDrive\\Desktop\\first\\hospitalMS\\vendor\\laravel\\framework\\src\\Illuminate\\Routing\\Router.php(651): Illuminate\\Routing\\Router->dispatchToRoute(Object(Illuminate\\Http\\Request))
#54 C:\\Users\\SINCHINE DAS\\OneDrive\\Desktop\\first\\hospitalMS\\vendor\\laravel\\framework\\src\\Illuminate\\Foundation\\Http\\Kernel.php(167): Illuminate\\Routing\\Router->dispatch(Object(Illuminate\\Http\\Request))
#55 C:\\Users\\SINCHINE DAS\\OneDrive\\Desktop\\first\\hospitalMS\\vendor\\laravel\\framework\\src\\Illuminate\\Pipeline\\Pipeline.php(128): Illuminate\\Foundation\\Http\\Kernel->Illuminate\\Foundation\\Http\\{closure}(Object(Illuminate\\Http\\Request))
#56 C:\\Users\\SINCHINE DAS\\OneDrive\\Desktop\\first\\hospitalMS\\vendor\\livewire\\livewire\\src\\DisableBrowserCache.php(19): Illuminate\\Pipeline\\Pipeline->Illuminate\\Pipeline\\{closure}(Object(Illuminate\\Http\\Request))
#57 C:\\Users\\SINCHINE DAS\\OneDrive\\Desktop\\first\\hospitalMS\\vendor\\laravel\\framework\\src\\Illuminate\\Pipeline\\Pipeline.php(167): Livewire\\DisableBrowserCache->handle(Object(Illuminate\\Http\\Request), Object(Closure))
#58 C:\\Users\\SINCHINE DAS\\OneDrive\\Desktop\\first\\hospitalMS\\vendor\\laravel\\framework\\src\\Illuminate\\Foundation\\Http\\Middleware\\TransformsRequest.php(21): Illuminate\\Pipeline\\Pipeline->Illuminate\\Pipeline\\{closure}(Object(Illuminate\\Http\\Request))
#59 C:\\Users\\SINCHINE DAS\\OneDrive\\Desktop\\first\\hospitalMS\\vendor\\laravel\\framework\\src\\Illuminate\\Foundation\\Http\\Middleware\\ConvertEmptyStringsToNull.php(31): Illuminate\\Foundation\\Http\\Middleware\\TransformsRequest->handle(Object(Illuminate\\Http\\Request), Object(Closure))
#60 C:\\Users\\SINCHINE DAS\\OneDrive\\Desktop\\first\\hospitalMS\\vendor\\laravel\\framework\\src\\Illuminate\\Pipeline\\Pipeline.php(167): Illuminate\\Foundation\\Http\\Middleware\\ConvertEmptyStringsToNull->handle(Object(Illuminate\\Http\\Request), Object(Closure))
#61 C:\\Users\\SINCHINE DAS\\OneDrive\\Desktop\\first\\hospitalMS\\vendor\\laravel\\framework\\src\\Illuminate\\Foundation\\Http\\Middleware\\TransformsRequest.php(21): Illuminate\\Pipeline\\Pipeline->Illuminate\\Pipeline\\{closure}(Object(Illuminate\\Http\\Request))
#62 C:\\Users\\SINCHINE DAS\\OneDrive\\Desktop\\first\\hospitalMS\\vendor\\laravel\\framework\\src\\Illuminate\\Foundation\\Http\\Middleware\\TrimStrings.php(40): Illuminate\\Foundation\\Http\\Middleware\\TransformsRequest->handle(Object(Illuminate\\Http\\Request), Object(Closure))
#63 C:\\Users\\SINCHINE DAS\\OneDrive\\Desktop\\first\\hospitalMS\\vendor\\laravel\\framework\\src\\Illuminate\\Pipeline\\Pipeline.php(167): Illuminate\\Foundation\\Http\\Middleware\\TrimStrings->handle(Object(Illuminate\\Http\\Request), Object(Closure))
#64 C:\\Users\\SINCHINE DAS\\OneDrive\\Desktop\\first\\hospitalMS\\vendor\\laravel\\framework\\src\\Illuminate\\Foundation\\Http\\Middleware\\ValidatePostSize.php(27): Illuminate\\Pipeline\\Pipeline->Illuminate\\Pipeline\\{closure}(Object(Illuminate\\Http\\Request))
#65 C:\\Users\\SINCHINE DAS\\OneDrive\\Desktop\\first\\hospitalMS\\vendor\\laravel\\framework\\src\\Illuminate\\Pipeline\\Pipeline.php(167): Illuminate\\Foundation\\Http\\Middleware\\ValidatePostSize->handle(Object(Illuminate\\Http\\Request), Object(Closure))
#66 C:\\Users\\SINCHINE DAS\\OneDrive\\Desktop\\first\\hospitalMS\\vendor\\laravel\\framework\\src\\Illuminate\\Foundation\\Http\\Middleware\\PreventRequestsDuringMaintenance.php(86): Illuminate\\Pipeline\\Pipeline->Illuminate\\Pipeline\\{closure}(Object(Illuminate\\Http\\Request))
#67 C:\\Users\\SINCHINE DAS\\OneDrive\\Desktop\\first\\hospitalMS\\vendor\\laravel\\framework\\src\\Illuminate\\Pipeline\\Pipeline.php(167): Illuminate\\Foundation\\Http\\Middleware\\PreventRequestsDuringMaintenance->handle(Object(Illuminate\\Http\\Request), Object(Closure))
#68 C:\\Users\\SINCHINE DAS\\OneDrive\\Desktop\\first\\hospitalMS\\vendor\\fruitcake\\laravel-cors\\src\\HandleCors.php(38): Illuminate\\Pipeline\\Pipeline->Illuminate\\Pipeline\\{closure}(Object(Illuminate\\Http\\Request))
#69 C:\\Users\\SINCHINE DAS\\OneDrive\\Desktop\\first\\hospitalMS\\vendor\\laravel\\framework\\src\\Illuminate\\Pipeline\\Pipeline.php(167): Fruitcake\\Cors\\HandleCors->handle(Object(Illuminate\\Http\\Request), Object(Closure))
#70 C:\\Users\\SINCHINE DAS\\OneDrive\\Desktop\\first\\hospitalMS\\vendor\\fideloper\\proxy\\src\\TrustProxies.php(57): Illuminate\\Pipeline\\Pipeline->Illuminate\\Pipeline\\{closure}(Object(Illuminate\\Http\\Request))
#71 C:\\Users\\SINCHINE DAS\\OneDrive\\Desktop\\first\\hospitalMS\\vendor\\laravel\\framework\\src\\Illuminate\\Pipeline\\Pipeline.php(167): Fideloper\\Proxy\\TrustProxies->handle(Object(Illuminate\\Http\\Request), Object(Closure))
#72 C:\\Users\\SINCHINE DAS\\OneDrive\\Desktop\\first\\hospitalMS\\vendor\\laravel\\framework\\src\\Illuminate\\Pipeline\\Pipeline.php(103): Illuminate\\Pipeline\\Pipeline->Illuminate\\Pipeline\\{closure}(Object(Illuminate\\Http\\Request))
#73 C:\\Users\\SINCHINE DAS\\OneDrive\\Desktop\\first\\hospitalMS\\vendor\\laravel\\framework\\src\\Illuminate\\Foundation\\Http\\Kernel.php(142): Illuminate\\Pipeline\\Pipeline->then(Object(Closure))
#74 C:\\Users\\SINCHINE DAS\\OneDrive\\Desktop\\first\\hospitalMS\\vendor\\laravel\\framework\\src\\Illuminate\\Foundation\\Http\\Kernel.php(111): Illuminate\\Foundation\\Http\\Kernel->sendRequestThroughRouter(Object(Illuminate\\Http\\Request))
#75 C:\\Users\\SINCHINE DAS\\OneDrive\\Desktop\\first\\hospitalMS\\public\\index.php(51): Illuminate\\Foundation\\Http\\Kernel->handle(Object(Illuminate\\Http\\Request))
#76 C:\\Users\\SINCHINE DAS\\OneDrive\\Desktop\\first\\hospitalMS\\server.php(21): require_once('C:\\\\Users\\\\SINCHI...')
#77 {main}
"} 
[2025-04-30 03:41:06] local.ERROR: SQLSTATE[HY000] [2002] No connection could be made because the target machine actively refused it (SQL: select * from `settings` where `settings`.`deleted_at` is null order by `created_at` desc limit 1) (View: C:\Users\SINCHINE DAS\OneDrive\Desktop\first\hospitalMS\resources\views\index.blade.php) {"view":{"view":"C:\\Users\\SINCHINE DAS\\OneDrive\\Desktop\\first\\hospitalMS\\vendor\\laravel\\framework\\src\\Illuminate\\Database\\Connection.php","data":[]},"exception":"[object] (Facade\\Ignition\\Exceptions\\ViewException(code: 0): SQLSTATE[HY000] [2002] No connection could be made because the target machine actively refused it (SQL: select * from `settings` where `settings`.`deleted_at` is null order by `created_at` desc limit 1) (View: C:\\Users\\SINCHINE DAS\\OneDrive\\Desktop\\first\\hospitalMS\\resources\\views\\index.blade.php) at C:\\Users\\SINCHINE DAS\\OneDrive\\Desktop\\first\\hospitalMS\\vendor\\laravel\\framework\\src\\Illuminate\\Database\\Connection.php:712)
[stacktrace]
#0 C:\\Users\\SINCHINE DAS\\OneDrive\\Desktop\\first\\hospitalMS\\vendor\\laravel\\framework\\src\\Illuminate\\Database\\Connection.php(672): Illuminate\\Database\\Connection->runQueryCallback('select * from `...', Array, Object(Closure))
#1 C:\\Users\\SINCHINE DAS\\OneDrive\\Desktop\\first\\hospitalMS\\vendor\\laravel\\framework\\src\\Illuminate\\Database\\Connection.php(359): Illuminate\\Database\\Connection->run('select * from `...', Array, Object(Closure))
#2 C:\\Users\\SINCHINE DAS\\OneDrive\\Desktop\\first\\hospitalMS\\vendor\\laravel\\framework\\src\\Illuminate\\Database\\Query\\Builder.php(2413): Illuminate\\Database\\Connection->select('select * from `...', Array, true)
#3 C:\\Users\\SINCHINE DAS\\OneDrive\\Desktop\\first\\hospitalMS\\vendor\\laravel\\framework\\src\\Illuminate\\Database\\Query\\Builder.php(2402): Illuminate\\Database\\Query\\Builder->runSelect()
#4 C:\\Users\\SINCHINE DAS\\OneDrive\\Desktop\\first\\hospitalMS\\vendor\\laravel\\framework\\src\\Illuminate\\Database\\Query\\Builder.php(2936): Illuminate\\Database\\Query\\Builder->Illuminate\\Database\\Query\\{closure}()
#5 C:\\Users\\SINCHINE DAS\\OneDrive\\Desktop\\first\\hospitalMS\\vendor\\laravel\\framework\\src\\Illuminate\\Database\\Query\\Builder.php(2401): Illuminate\\Database\\Query\\Builder->onceWithColumns(Array, Object(Closure))
#6 C:\\Users\\SINCHINE DAS\\OneDrive\\Desktop\\first\\hospitalMS\\vendor\\laravel\\framework\\src\\Illuminate\\Database\\Eloquent\\Builder.php(625): Illuminate\\Database\\Query\\Builder->get(Array)
#7 C:\\Users\\SINCHINE DAS\\OneDrive\\Desktop\\first\\hospitalMS\\vendor\\laravel\\framework\\src\\Illuminate\\Database\\Eloquent\\Builder.php(609): Illuminate\\Database\\Eloquent\\Builder->getModels(Array)
#8 C:\\Users\\SINCHINE DAS\\OneDrive\\Desktop\\first\\hospitalMS\\vendor\\laravel\\framework\\src\\Illuminate\\Database\\Concerns\\BuildsQueries.php(294): Illuminate\\Database\\Eloquent\\Builder->get(Array)
#9 C:\\Users\\SINCHINE DAS\\OneDrive\\Desktop\\first\\hospitalMS\\resources\\views/index.blade.php(3): Illuminate\\Database\\Eloquent\\Builder->first()
#10 C:\\Users\\SINCHINE DAS\\OneDrive\\Desktop\\first\\hospitalMS\\vendor\\laravel\\framework\\src\\Illuminate\\Filesystem\\Filesystem.php(107): require('C:\\\\Users\\\\SINCHI...')
#11 C:\\Users\\SINCHINE DAS\\OneDrive\\Desktop\\first\\hospitalMS\\vendor\\laravel\\framework\\src\\Illuminate\\Filesystem\\Filesystem.php(108): Illuminate\\Filesystem\\Filesystem::Illuminate\\Filesystem\\{closure}()
#12 C:\\Users\\SINCHINE DAS\\OneDrive\\Desktop\\first\\hospitalMS\\vendor\\laravel\\framework\\src\\Illuminate\\View\\Engines\\PhpEngine.php(58): Illuminate\\Filesystem\\Filesystem->getRequire('C:\\\\Users\\\\SINCHI...', Array)
#13 C:\\Users\\SINCHINE DAS\\OneDrive\\Desktop\\first\\hospitalMS\\vendor\\livewire\\livewire\\src\\ComponentConcerns\\RendersLivewireComponents.php(69): Illuminate\\View\\Engines\\PhpEngine->evaluatePath('C:\\\\Users\\\\SINCHI...', Array)
#14 C:\\Users\\SINCHINE DAS\\OneDrive\\Desktop\\first\\hospitalMS\\vendor\\laravel\\framework\\src\\Illuminate\\View\\Engines\\CompilerEngine.php(61): Livewire\\CompilerEngineForIgnition->evaluatePath('C:\\\\Users\\\\SINCHI...', Array)
#15 C:\\Users\\SINCHINE DAS\\OneDrive\\Desktop\\first\\hospitalMS\\vendor\\facade\\ignition\\src\\Views\\Engines\\CompilerEngine.php(37): Illuminate\\View\\Engines\\CompilerEngine->get('C:\\\\Users\\\\SINCHI...', Array)
#16 C:\\Users\\SINCHINE DAS\\OneDrive\\Desktop\\first\\hospitalMS\\vendor\\livewire\\livewire\\src\\ComponentConcerns\\RendersLivewireComponents.php(35): Facade\\Ignition\\Views\\Engines\\CompilerEngine->get('C:\\\\Users\\\\SINCHI...', Array)
#17 C:\\Users\\SINCHINE DAS\\OneDrive\\Desktop\\first\\hospitalMS\\vendor\\laravel\\framework\\src\\Illuminate\\View\\View.php(139): Livewire\\CompilerEngineForIgnition->get('C:\\\\Users\\\\SINCHI...', Array)
#18 C:\\Users\\SINCHINE DAS\\OneDrive\\Desktop\\first\\hospitalMS\\vendor\\laravel\\framework\\src\\Illuminate\\View\\View.php(122): Illuminate\\View\\View->getContents()
#19 C:\\Users\\SINCHINE DAS\\OneDrive\\Desktop\\first\\hospitalMS\\vendor\\laravel\\framework\\src\\Illuminate\\View\\View.php(91): Illuminate\\View\\View->renderContents()
#20 C:\\Users\\SINCHINE DAS\\OneDrive\\Desktop\\first\\hospitalMS\\vendor\\laravel\\framework\\src\\Illuminate\\Http\\Response.php(69): Illuminate\\View\\View->render()
#21 C:\\Users\\SINCHINE DAS\\OneDrive\\Desktop\\first\\hospitalMS\\vendor\\laravel\\framework\\src\\Illuminate\\Http\\Response.php(35): Illuminate\\Http\\Response->setContent(Object(Illuminate\\View\\View))
#22 C:\\Users\\SINCHINE DAS\\OneDrive\\Desktop\\first\\hospitalMS\\vendor\\laravel\\framework\\src\\Illuminate\\Routing\\Router.php(820): Illuminate\\Http\\Response->__construct(Object(Illuminate\\View\\View), 200, Array)
#23 C:\\Users\\SINCHINE DAS\\OneDrive\\Desktop\\first\\hospitalMS\\vendor\\laravel\\framework\\src\\Illuminate\\Routing\\Router.php(789): Illuminate\\Routing\\Router::toResponse(Object(Illuminate\\Http\\Request), Object(Illuminate\\View\\View))
#24 C:\\Users\\SINCHINE DAS\\OneDrive\\Desktop\\first\\hospitalMS\\vendor\\laravel\\framework\\src\\Illuminate\\Routing\\Router.php(720): Illuminate\\Routing\\Router->prepareResponse(Object(Illuminate\\Http\\Request), Object(Illuminate\\View\\View))
#25 C:\\Users\\SINCHINE DAS\\OneDrive\\Desktop\\first\\hospitalMS\\vendor\\laravel\\framework\\src\\Illuminate\\Pipeline\\Pipeline.php(128): Illuminate\\Routing\\Router->Illuminate\\Routing\\{closure}(Object(Illuminate\\Http\\Request))
#26 C:\\Users\\SINCHINE DAS\\OneDrive\\Desktop\\first\\hospitalMS\\vendor\\laravel\\framework\\src\\Illuminate\\Routing\\Middleware\\SubstituteBindings.php(50): Illuminate\\Pipeline\\Pipeline->Illuminate\\Pipeline\\{closure}(Object(Illuminate\\Http\\Request))
#27 C:\\Users\\SINCHINE DAS\\OneDrive\\Desktop\\first\\hospitalMS\\vendor\\laravel\\framework\\src\\Illuminate\\Pipeline\\Pipeline.php(167): Illuminate\\Routing\\Middleware\\SubstituteBindings->handle(Object(Illuminate\\Http\\Request), Object(Closure))
#28 C:\\Users\\SINCHINE DAS\\OneDrive\\Desktop\\first\\hospitalMS\\vendor\\laravel\\framework\\src\\Illuminate\\Foundation\\Http\\Middleware\\VerifyCsrfToken.php(78): Illuminate\\Pipeline\\Pipeline->Illuminate\\Pipeline\\{closure}(Object(Illuminate\\Http\\Request))
#29 C:\\Users\\SINCHINE DAS\\OneDrive\\Desktop\\first\\hospitalMS\\vendor\\laravel\\framework\\src\\Illuminate\\Pipeline\\Pipeline.php(167): Illuminate\\Foundation\\Http\\Middleware\\VerifyCsrfToken->handle(Object(Illuminate\\Http\\Request), Object(Closure))
#30 C:\\Users\\SINCHINE DAS\\OneDrive\\Desktop\\first\\hospitalMS\\vendor\\laravel\\framework\\src\\Illuminate\\View\\Middleware\\ShareErrorsFromSession.php(49): Illuminate\\Pipeline\\Pipeline->Illuminate\\Pipeline\\{closure}(Object(Illuminate\\Http\\Request))
#31 C:\\Users\\SINCHINE DAS\\OneDrive\\Desktop\\first\\hospitalMS\\vendor\\laravel\\framework\\src\\Illuminate\\Pipeline\\Pipeline.php(167): Illuminate\\View\\Middleware\\ShareErrorsFromSession->handle(Object(Illuminate\\Http\\Request), Object(Closure))
#32 C:\\Users\\SINCHINE DAS\\OneDrive\\Desktop\\first\\hospitalMS\\vendor\\laravel\\framework\\src\\Illuminate\\Session\\Middleware\\StartSession.php(121): Illuminate\\Pipeline\\Pipeline->Illuminate\\Pipeline\\{closure}(Object(Illuminate\\Http\\Request))
#33 C:\\Users\\SINCHINE DAS\\OneDrive\\Desktop\\first\\hospitalMS\\vendor\\laravel\\framework\\src\\Illuminate\\Session\\Middleware\\StartSession.php(64): Illuminate\\Session\\Middleware\\StartSession->handleStatefulRequest(Object(Illuminate\\Http\\Request), Object(Illuminate\\Session\\Store), Object(Closure))
#34 C:\\Users\\SINCHINE DAS\\OneDrive\\Desktop\\first\\hospitalMS\\vendor\\laravel\\framework\\src\\Illuminate\\Pipeline\\Pipeline.php(167): Illuminate\\Session\\Middleware\\StartSession->handle(Object(Illuminate\\Http\\Request), Object(Closure))
#35 C:\\Users\\SINCHINE DAS\\OneDrive\\Desktop\\first\\hospitalMS\\vendor\\laravel\\framework\\src\\Illuminate\\Cookie\\Middleware\\AddQueuedCookiesToResponse.php(37): Illuminate\\Pipeline\\Pipeline->Illuminate\\Pipeline\\{closure}(Object(Illuminate\\Http\\Request))
#36 C:\\Users\\SINCHINE DAS\\OneDrive\\Desktop\\first\\hospitalMS\\vendor\\laravel\\framework\\src\\Illuminate\\Pipeline\\Pipeline.php(167): Illuminate\\Cookie\\Middleware\\AddQueuedCookiesToResponse->handle(Object(Illuminate\\Http\\Request), Object(Closure))
#37 C:\\Users\\SINCHINE DAS\\OneDrive\\Desktop\\first\\hospitalMS\\vendor\\laravel\\framework\\src\\Illuminate\\Cookie\\Middleware\\EncryptCookies.php(67): Illuminate\\Pipeline\\Pipeline->Illuminate\\Pipeline\\{closure}(Object(Illuminate\\Http\\Request))
#38 C:\\Users\\SINCHINE DAS\\OneDrive\\Desktop\\first\\hospitalMS\\vendor\\laravel\\framework\\src\\Illuminate\\Pipeline\\Pipeline.php(167): Illuminate\\Cookie\\Middleware\\EncryptCookies->handle(Object(Illuminate\\Http\\Request), Object(Closure))
#39 C:\\Users\\SINCHINE DAS\\OneDrive\\Desktop\\first\\hospitalMS\\vendor\\laravel\\framework\\src\\Illuminate\\Pipeline\\Pipeline.php(103): Illuminate\\Pipeline\\Pipeline->Illuminate\\Pipeline\\{closure}(Object(Illuminate\\Http\\Request))
#40 C:\\Users\\SINCHINE DAS\\OneDrive\\Desktop\\first\\hospitalMS\\vendor\\laravel\\framework\\src\\Illuminate\\Routing\\Router.php(719): Illuminate\\Pipeline\\Pipeline->then(Object(Closure))
#41 C:\\Users\\SINCHINE DAS\\OneDrive\\Desktop\\first\\hospitalMS\\vendor\\laravel\\framework\\src\\Illuminate\\Routing\\Router.php(698): Illuminate\\Routing\\Router->runRouteWithinStack(Object(Illuminate\\Routing\\Route), Object(Illuminate\\Http\\Request))
#42 C:\\Users\\SINCHINE DAS\\OneDrive\\Desktop\\first\\hospitalMS\\vendor\\laravel\\framework\\src\\Illuminate\\Routing\\Router.php(662): Illuminate\\Routing\\Router->runRoute(Object(Illuminate\\Http\\Request), Object(Illuminate\\Routing\\Route))
#43 C:\\Users\\SINCHINE DAS\\OneDrive\\Desktop\\first\\hospitalMS\\vendor\\laravel\\framework\\src\\Illuminate\\Routing\\Router.php(651): Illuminate\\Routing\\Router->dispatchToRoute(Object(Illuminate\\Http\\Request))
#44 C:\\Users\\SINCHINE DAS\\OneDrive\\Desktop\\first\\hospitalMS\\vendor\\laravel\\framework\\src\\Illuminate\\Foundation\\Http\\Kernel.php(167): Illuminate\\Routing\\Router->dispatch(Object(Illuminate\\Http\\Request))
#45 C:\\Users\\SINCHINE DAS\\OneDrive\\Desktop\\first\\hospitalMS\\vendor\\laravel\\framework\\src\\Illuminate\\Pipeline\\Pipeline.php(128): Illuminate\\Foundation\\Http\\Kernel->Illuminate\\Foundation\\Http\\{closure}(Object(Illuminate\\Http\\Request))
#46 C:\\Users\\SINCHINE DAS\\OneDrive\\Desktop\\first\\hospitalMS\\vendor\\livewire\\livewire\\src\\DisableBrowserCache.php(19): Illuminate\\Pipeline\\Pipeline->Illuminate\\Pipeline\\{closure}(Object(Illuminate\\Http\\Request))
#47 C:\\Users\\SINCHINE DAS\\OneDrive\\Desktop\\first\\hospitalMS\\vendor\\laravel\\framework\\src\\Illuminate\\Pipeline\\Pipeline.php(167): Livewire\\DisableBrowserCache->handle(Object(Illuminate\\Http\\Request), Object(Closure))
#48 C:\\Users\\SINCHINE DAS\\OneDrive\\Desktop\\first\\hospitalMS\\vendor\\laravel\\framework\\src\\Illuminate\\Foundation\\Http\\Middleware\\TransformsRequest.php(21): Illuminate\\Pipeline\\Pipeline->Illuminate\\Pipeline\\{closure}(Object(Illuminate\\Http\\Request))
#49 C:\\Users\\SINCHINE DAS\\OneDrive\\Desktop\\first\\hospitalMS\\vendor\\laravel\\framework\\src\\Illuminate\\Foundation\\Http\\Middleware\\ConvertEmptyStringsToNull.php(31): Illuminate\\Foundation\\Http\\Middleware\\TransformsRequest->handle(Object(Illuminate\\Http\\Request), Object(Closure))
#50 C:\\Users\\SINCHINE DAS\\OneDrive\\Desktop\\first\\hospitalMS\\vendor\\laravel\\framework\\src\\Illuminate\\Pipeline\\Pipeline.php(167): Illuminate\\Foundation\\Http\\Middleware\\ConvertEmptyStringsToNull->handle(Object(Illuminate\\Http\\Request), Object(Closure))
#51 C:\\Users\\SINCHINE DAS\\OneDrive\\Desktop\\first\\hospitalMS\\vendor\\laravel\\framework\\src\\Illuminate\\Foundation\\Http\\Middleware\\TransformsRequest.php(21): Illuminate\\Pipeline\\Pipeline->Illuminate\\Pipeline\\{closure}(Object(Illuminate\\Http\\Request))
#52 C:\\Users\\SINCHINE DAS\\OneDrive\\Desktop\\first\\hospitalMS\\vendor\\laravel\\framework\\src\\Illuminate\\Foundation\\Http\\Middleware\\TrimStrings.php(40): Illuminate\\Foundation\\Http\\Middleware\\TransformsRequest->handle(Object(Illuminate\\Http\\Request), Object(Closure))
#53 C:\\Users\\SINCHINE DAS\\OneDrive\\Desktop\\first\\hospitalMS\\vendor\\laravel\\framework\\src\\Illuminate\\Pipeline\\Pipeline.php(167): Illuminate\\Foundation\\Http\\Middleware\\TrimStrings->handle(Object(Illuminate\\Http\\Request), Object(Closure))
#54 C:\\Users\\SINCHINE DAS\\OneDrive\\Desktop\\first\\hospitalMS\\vendor\\laravel\\framework\\src\\Illuminate\\Foundation\\Http\\Middleware\\ValidatePostSize.php(27): Illuminate\\Pipeline\\Pipeline->Illuminate\\Pipeline\\{closure}(Object(Illuminate\\Http\\Request))
#55 C:\\Users\\SINCHINE DAS\\OneDrive\\Desktop\\first\\hospitalMS\\vendor\\laravel\\framework\\src\\Illuminate\\Pipeline\\Pipeline.php(167): Illuminate\\Foundation\\Http\\Middleware\\ValidatePostSize->handle(Object(Illuminate\\Http\\Request), Object(Closure))
#56 C:\\Users\\SINCHINE DAS\\OneDrive\\Desktop\\first\\hospitalMS\\vendor\\laravel\\framework\\src\\Illuminate\\Foundation\\Http\\Middleware\\PreventRequestsDuringMaintenance.php(86): Illuminate\\Pipeline\\Pipeline->Illuminate\\Pipeline\\{closure}(Object(Illuminate\\Http\\Request))
#57 C:\\Users\\SINCHINE DAS\\OneDrive\\Desktop\\first\\hospitalMS\\vendor\\laravel\\framework\\src\\Illuminate\\Pipeline\\Pipeline.php(167): Illuminate\\Foundation\\Http\\Middleware\\PreventRequestsDuringMaintenance->handle(Object(Illuminate\\Http\\Request), Object(Closure))
#58 C:\\Users\\SINCHINE DAS\\OneDrive\\Desktop\\first\\hospitalMS\\vendor\\fruitcake\\laravel-cors\\src\\HandleCors.php(38): Illuminate\\Pipeline\\Pipeline->Illuminate\\Pipeline\\{closure}(Object(Illuminate\\Http\\Request))
#59 C:\\Users\\SINCHINE DAS\\OneDrive\\Desktop\\first\\hospitalMS\\vendor\\laravel\\framework\\src\\Illuminate\\Pipeline\\Pipeline.php(167): Fruitcake\\Cors\\HandleCors->handle(Object(Illuminate\\Http\\Request), Object(Closure))
#60 C:\\Users\\SINCHINE DAS\\OneDrive\\Desktop\\first\\hospitalMS\\vendor\\fideloper\\proxy\\src\\TrustProxies.php(57): Illuminate\\Pipeline\\Pipeline->Illuminate\\Pipeline\\{closure}(Object(Illuminate\\Http\\Request))
#61 C:\\Users\\SINCHINE DAS\\OneDrive\\Desktop\\first\\hospitalMS\\vendor\\laravel\\framework\\src\\Illuminate\\Pipeline\\Pipeline.php(167): Fideloper\\Proxy\\TrustProxies->handle(Object(Illuminate\\Http\\Request), Object(Closure))
#62 C:\\Users\\SINCHINE DAS\\OneDrive\\Desktop\\first\\hospitalMS\\vendor\\laravel\\framework\\src\\Illuminate\\Pipeline\\Pipeline.php(103): Illuminate\\Pipeline\\Pipeline->Illuminate\\Pipeline\\{closure}(Object(Illuminate\\Http\\Request))
#63 C:\\Users\\SINCHINE DAS\\OneDrive\\Desktop\\first\\hospitalMS\\vendor\\laravel\\framework\\src\\Illuminate\\Foundation\\Http\\Kernel.php(142): Illuminate\\Pipeline\\Pipeline->then(Object(Closure))
#64 C:\\Users\\SINCHINE DAS\\OneDrive\\Desktop\\first\\hospitalMS\\vendor\\laravel\\framework\\src\\Illuminate\\Foundation\\Http\\Kernel.php(111): Illuminate\\Foundation\\Http\\Kernel->sendRequestThroughRouter(Object(Illuminate\\Http\\Request))
#65 C:\\Users\\SINCHINE DAS\\OneDrive\\Desktop\\first\\hospitalMS\\public\\index.php(51): Illuminate\\Foundation\\Http\\Kernel->handle(Object(Illuminate\\Http\\Request))
#66 C:\\Users\\SINCHINE DAS\\OneDrive\\Desktop\\first\\hospitalMS\\server.php(21): require_once('C:\\\\Users\\\\SINCHI...')
#67 {main}

[previous exception] [object] (Illuminate\\Database\\QueryException(code: 2002): SQLSTATE[HY000] [2002] No connection could be made because the target machine actively refused it (SQL: select * from `settings` where `settings`.`deleted_at` is null order by `created_at` desc limit 1) at C:\\Users\\SINCHINE DAS\\OneDrive\\Desktop\\first\\hospitalMS\\vendor\\laravel\\framework\\src\\Illuminate\\Database\\Connection.php:712)
[stacktrace]
#0 C:\\Users\\SINCHINE DAS\\OneDrive\\Desktop\\first\\hospitalMS\\vendor\\laravel\\framework\\src\\Illuminate\\Database\\Connection.php(672): Illuminate\\Database\\Connection->runQueryCallback('select * from `...', Array, Object(Closure))
#1 C:\\Users\\SINCHINE DAS\\OneDrive\\Desktop\\first\\hospitalMS\\vendor\\laravel\\framework\\src\\Illuminate\\Database\\Connection.php(359): Illuminate\\Database\\Connection->run('select * from `...', Array, Object(Closure))
#2 C:\\Users\\SINCHINE DAS\\OneDrive\\Desktop\\first\\hospitalMS\\vendor\\laravel\\framework\\src\\Illuminate\\Database\\Query\\Builder.php(2413): Illuminate\\Database\\Connection->select('select * from `...', Array, true)
#3 C:\\Users\\SINCHINE DAS\\OneDrive\\Desktop\\first\\hospitalMS\\vendor\\laravel\\framework\\src\\Illuminate\\Database\\Query\\Builder.php(2402): Illuminate\\Database\\Query\\Builder->runSelect()
#4 C:\\Users\\SINCHINE DAS\\OneDrive\\Desktop\\first\\hospitalMS\\vendor\\laravel\\framework\\src\\Illuminate\\Database\\Query\\Builder.php(2936): Illuminate\\Database\\Query\\Builder->Illuminate\\Database\\Query\\{closure}()
#5 C:\\Users\\SINCHINE DAS\\OneDrive\\Desktop\\first\\hospitalMS\\vendor\\laravel\\framework\\src\\Illuminate\\Database\\Query\\Builder.php(2401): Illuminate\\Database\\Query\\Builder->onceWithColumns(Array, Object(Closure))
#6 C:\\Users\\SINCHINE DAS\\OneDrive\\Desktop\\first\\hospitalMS\\vendor\\laravel\\framework\\src\\Illuminate\\Database\\Eloquent\\Builder.php(625): Illuminate\\Database\\Query\\Builder->get(Array)
#7 C:\\Users\\SINCHINE DAS\\OneDrive\\Desktop\\first\\hospitalMS\\vendor\\laravel\\framework\\src\\Illuminate\\Database\\Eloquent\\Builder.php(609): Illuminate\\Database\\Eloquent\\Builder->getModels(Array)
#8 C:\\Users\\SINCHINE DAS\\OneDrive\\Desktop\\first\\hospitalMS\\vendor\\laravel\\framework\\src\\Illuminate\\Database\\Concerns\\BuildsQueries.php(294): Illuminate\\Database\\Eloquent\\Builder->get(Array)
#9 C:\\Users\\SINCHINE DAS\\OneDrive\\Desktop\\first\\hospitalMS\\storage\\framework\\views\\3eb6400fb2ce03f9287d039c54a36dac141ef7a0.php(3): Illuminate\\Database\\Eloquent\\Builder->first()
#10 C:\\Users\\SINCHINE DAS\\OneDrive\\Desktop\\first\\hospitalMS\\vendor\\laravel\\framework\\src\\Illuminate\\Filesystem\\Filesystem.php(107): require('C:\\\\Users\\\\SINCHI...')
#11 C:\\Users\\SINCHINE DAS\\OneDrive\\Desktop\\first\\hospitalMS\\vendor\\laravel\\framework\\src\\Illuminate\\Filesystem\\Filesystem.php(108): Illuminate\\Filesystem\\Filesystem::Illuminate\\Filesystem\\{closure}()
#12 C:\\Users\\SINCHINE DAS\\OneDrive\\Desktop\\first\\hospitalMS\\vendor\\laravel\\framework\\src\\Illuminate\\View\\Engines\\PhpEngine.php(58): Illuminate\\Filesystem\\Filesystem->getRequire('C:\\\\Users\\\\SINCHI...', Array)
#13 C:\\Users\\SINCHINE DAS\\OneDrive\\Desktop\\first\\hospitalMS\\vendor\\livewire\\livewire\\src\\ComponentConcerns\\RendersLivewireComponents.php(69): Illuminate\\View\\Engines\\PhpEngine->evaluatePath('C:\\\\Users\\\\SINCHI...', Array)
#14 C:\\Users\\SINCHINE DAS\\OneDrive\\Desktop\\first\\hospitalMS\\vendor\\laravel\\framework\\src\\Illuminate\\View\\Engines\\CompilerEngine.php(61): Livewire\\CompilerEngineForIgnition->evaluatePath('C:\\\\Users\\\\SINCHI...', Array)
#15 C:\\Users\\SINCHINE DAS\\OneDrive\\Desktop\\first\\hospitalMS\\vendor\\facade\\ignition\\src\\Views\\Engines\\CompilerEngine.php(37): Illuminate\\View\\Engines\\CompilerEngine->get('C:\\\\Users\\\\SINCHI...', Array)
#16 C:\\Users\\SINCHINE DAS\\OneDrive\\Desktop\\first\\hospitalMS\\vendor\\livewire\\livewire\\src\\ComponentConcerns\\RendersLivewireComponents.php(35): Facade\\Ignition\\Views\\Engines\\CompilerEngine->get('C:\\\\Users\\\\SINCHI...', Array)
#17 C:\\Users\\SINCHINE DAS\\OneDrive\\Desktop\\first\\hospitalMS\\vendor\\laravel\\framework\\src\\Illuminate\\View\\View.php(139): Livewire\\CompilerEngineForIgnition->get('C:\\\\Users\\\\SINCHI...', Array)
#18 C:\\Users\\SINCHINE DAS\\OneDrive\\Desktop\\first\\hospitalMS\\vendor\\laravel\\framework\\src\\Illuminate\\View\\View.php(122): Illuminate\\View\\View->getContents()
#19 C:\\Users\\SINCHINE DAS\\OneDrive\\Desktop\\first\\hospitalMS\\vendor\\laravel\\framework\\src\\Illuminate\\View\\View.php(91): Illuminate\\View\\View->renderContents()
#20 C:\\Users\\SINCHINE DAS\\OneDrive\\Desktop\\first\\hospitalMS\\vendor\\laravel\\framework\\src\\Illuminate\\Http\\Response.php(69): Illuminate\\View\\View->render()
#21 C:\\Users\\SINCHINE DAS\\OneDrive\\Desktop\\first\\hospitalMS\\vendor\\laravel\\framework\\src\\Illuminate\\Http\\Response.php(35): Illuminate\\Http\\Response->setContent(Object(Illuminate\\View\\View))
#22 C:\\Users\\SINCHINE DAS\\OneDrive\\Desktop\\first\\hospitalMS\\vendor\\laravel\\framework\\src\\Illuminate\\Routing\\Router.php(820): Illuminate\\Http\\Response->__construct(Object(Illuminate\\View\\View), 200, Array)
#23 C:\\Users\\SINCHINE DAS\\OneDrive\\Desktop\\first\\hospitalMS\\vendor\\laravel\\framework\\src\\Illuminate\\Routing\\Router.php(789): Illuminate\\Routing\\Router::toResponse(Object(Illuminate\\Http\\Request), Object(Illuminate\\View\\View))
#24 C:\\Users\\SINCHINE DAS\\OneDrive\\Desktop\\first\\hospitalMS\\vendor\\laravel\\framework\\src\\Illuminate\\Routing\\Router.php(720): Illuminate\\Routing\\Router->prepareResponse(Object(Illuminate\\Http\\Request), Object(Illuminate\\View\\View))
#25 C:\\Users\\SINCHINE DAS\\OneDrive\\Desktop\\first\\hospitalMS\\vendor\\laravel\\framework\\src\\Illuminate\\Pipeline\\Pipeline.php(128): Illuminate\\Routing\\Router->Illuminate\\Routing\\{closure}(Object(Illuminate\\Http\\Request))
#26 C:\\Users\\SINCHINE DAS\\OneDrive\\Desktop\\first\\hospitalMS\\vendor\\laravel\\framework\\src\\Illuminate\\Routing\\Middleware\\SubstituteBindings.php(50): Illuminate\\Pipeline\\Pipeline->Illuminate\\Pipeline\\{closure}(Object(Illuminate\\Http\\Request))
#27 C:\\Users\\SINCHINE DAS\\OneDrive\\Desktop\\first\\hospitalMS\\vendor\\laravel\\framework\\src\\Illuminate\\Pipeline\\Pipeline.php(167): Illuminate\\Routing\\Middleware\\SubstituteBindings->handle(Object(Illuminate\\Http\\Request), Object(Closure))
#28 C:\\Users\\SINCHINE DAS\\OneDrive\\Desktop\\first\\hospitalMS\\vendor\\laravel\\framework\\src\\Illuminate\\Foundation\\Http\\Middleware\\VerifyCsrfToken.php(78): Illuminate\\Pipeline\\Pipeline->Illuminate\\Pipeline\\{closure}(Object(Illuminate\\Http\\Request))
#29 C:\\Users\\SINCHINE DAS\\OneDrive\\Desktop\\first\\hospitalMS\\vendor\\laravel\\framework\\src\\Illuminate\\Pipeline\\Pipeline.php(167): Illuminate\\Foundation\\Http\\Middleware\\VerifyCsrfToken->handle(Object(Illuminate\\Http\\Request), Object(Closure))
#30 C:\\Users\\SINCHINE DAS\\OneDrive\\Desktop\\first\\hospitalMS\\vendor\\laravel\\framework\\src\\Illuminate\\View\\Middleware\\ShareErrorsFromSession.php(49): Illuminate\\Pipeline\\Pipeline->Illuminate\\Pipeline\\{closure}(Object(Illuminate\\Http\\Request))
#31 C:\\Users\\SINCHINE DAS\\OneDrive\\Desktop\\first\\hospitalMS\\vendor\\laravel\\framework\\src\\Illuminate\\Pipeline\\Pipeline.php(167): Illuminate\\View\\Middleware\\ShareErrorsFromSession->handle(Object(Illuminate\\Http\\Request), Object(Closure))
#32 C:\\Users\\SINCHINE DAS\\OneDrive\\Desktop\\first\\hospitalMS\\vendor\\laravel\\framework\\src\\Illuminate\\Session\\Middleware\\StartSession.php(121): Illuminate\\Pipeline\\Pipeline->Illuminate\\Pipeline\\{closure}(Object(Illuminate\\Http\\Request))
#33 C:\\Users\\SINCHINE DAS\\OneDrive\\Desktop\\first\\hospitalMS\\vendor\\laravel\\framework\\src\\Illuminate\\Session\\Middleware\\StartSession.php(64): Illuminate\\Session\\Middleware\\StartSession->handleStatefulRequest(Object(Illuminate\\Http\\Request), Object(Illuminate\\Session\\Store), Object(Closure))
#34 C:\\Users\\SINCHINE DAS\\OneDrive\\Desktop\\first\\hospitalMS\\vendor\\laravel\\framework\\src\\Illuminate\\Pipeline\\Pipeline.php(167): Illuminate\\Session\\Middleware\\StartSession->handle(Object(Illuminate\\Http\\Request), Object(Closure))
#35 C:\\Users\\SINCHINE DAS\\OneDrive\\Desktop\\first\\hospitalMS\\vendor\\laravel\\framework\\src\\Illuminate\\Cookie\\Middleware\\AddQueuedCookiesToResponse.php(37): Illuminate\\Pipeline\\Pipeline->Illuminate\\Pipeline\\{closure}(Object(Illuminate\\Http\\Request))
#36 C:\\Users\\SINCHINE DAS\\OneDrive\\Desktop\\first\\hospitalMS\\vendor\\laravel\\framework\\src\\Illuminate\\Pipeline\\Pipeline.php(167): Illuminate\\Cookie\\Middleware\\AddQueuedCookiesToResponse->handle(Object(Illuminate\\Http\\Request), Object(Closure))
#37 C:\\Users\\SINCHINE DAS\\OneDrive\\Desktop\\first\\hospitalMS\\vendor\\laravel\\framework\\src\\Illuminate\\Cookie\\Middleware\\EncryptCookies.php(67): Illuminate\\Pipeline\\Pipeline->Illuminate\\Pipeline\\{closure}(Object(Illuminate\\Http\\Request))
#38 C:\\Users\\SINCHINE DAS\\OneDrive\\Desktop\\first\\hospitalMS\\vendor\\laravel\\framework\\src\\Illuminate\\Pipeline\\Pipeline.php(167): Illuminate\\Cookie\\Middleware\\EncryptCookies->handle(Object(Illuminate\\Http\\Request), Object(Closure))
#39 C:\\Users\\SINCHINE DAS\\OneDrive\\Desktop\\first\\hospitalMS\\vendor\\laravel\\framework\\src\\Illuminate\\Pipeline\\Pipeline.php(103): Illuminate\\Pipeline\\Pipeline->Illuminate\\Pipeline\\{closure}(Object(Illuminate\\Http\\Request))
#40 C:\\Users\\SINCHINE DAS\\OneDrive\\Desktop\\first\\hospitalMS\\vendor\\laravel\\framework\\src\\Illuminate\\Routing\\Router.php(719): Illuminate\\Pipeline\\Pipeline->then(Object(Closure))
#41 C:\\Users\\SINCHINE DAS\\OneDrive\\Desktop\\first\\hospitalMS\\vendor\\laravel\\framework\\src\\Illuminate\\Routing\\Router.php(698): Illuminate\\Routing\\Router->runRouteWithinStack(Object(Illuminate\\Routing\\Route), Object(Illuminate\\Http\\Request))
#42 C:\\Users\\SINCHINE DAS\\OneDrive\\Desktop\\first\\hospitalMS\\vendor\\laravel\\framework\\src\\Illuminate\\Routing\\Router.php(662): Illuminate\\Routing\\Router->runRoute(Object(Illuminate\\Http\\Request), Object(Illuminate\\Routing\\Route))
#43 C:\\Users\\SINCHINE DAS\\OneDrive\\Desktop\\first\\hospitalMS\\vendor\\laravel\\framework\\src\\Illuminate\\Routing\\Router.php(651): Illuminate\\Routing\\Router->dispatchToRoute(Object(Illuminate\\Http\\Request))
#44 C:\\Users\\SINCHINE DAS\\OneDrive\\Desktop\\first\\hospitalMS\\vendor\\laravel\\framework\\src\\Illuminate\\Foundation\\Http\\Kernel.php(167): Illuminate\\Routing\\Router->dispatch(Object(Illuminate\\Http\\Request))
#45 C:\\Users\\SINCHINE DAS\\OneDrive\\Desktop\\first\\hospitalMS\\vendor\\laravel\\framework\\src\\Illuminate\\Pipeline\\Pipeline.php(128): Illuminate\\Foundation\\Http\\Kernel->Illuminate\\Foundation\\Http\\{closure}(Object(Illuminate\\Http\\Request))
#46 C:\\Users\\SINCHINE DAS\\OneDrive\\Desktop\\first\\hospitalMS\\vendor\\livewire\\livewire\\src\\DisableBrowserCache.php(19): Illuminate\\Pipeline\\Pipeline->Illuminate\\Pipeline\\{closure}(Object(Illuminate\\Http\\Request))
#47 C:\\Users\\SINCHINE DAS\\OneDrive\\Desktop\\first\\hospitalMS\\vendor\\laravel\\framework\\src\\Illuminate\\Pipeline\\Pipeline.php(167): Livewire\\DisableBrowserCache->handle(Object(Illuminate\\Http\\Request), Object(Closure))
#48 C:\\Users\\SINCHINE DAS\\OneDrive\\Desktop\\first\\hospitalMS\\vendor\\laravel\\framework\\src\\Illuminate\\Foundation\\Http\\Middleware\\TransformsRequest.php(21): Illuminate\\Pipeline\\Pipeline->Illuminate\\Pipeline\\{closure}(Object(Illuminate\\Http\\Request))
#49 C:\\Users\\SINCHINE DAS\\OneDrive\\Desktop\\first\\hospitalMS\\vendor\\laravel\\framework\\src\\Illuminate\\Foundation\\Http\\Middleware\\ConvertEmptyStringsToNull.php(31): Illuminate\\Foundation\\Http\\Middleware\\TransformsRequest->handle(Object(Illuminate\\Http\\Request), Object(Closure))
#50 C:\\Users\\SINCHINE DAS\\OneDrive\\Desktop\\first\\hospitalMS\\vendor\\laravel\\framework\\src\\Illuminate\\Pipeline\\Pipeline.php(167): Illuminate\\Foundation\\Http\\Middleware\\ConvertEmptyStringsToNull->handle(Object(Illuminate\\Http\\Request), Object(Closure))
#51 C:\\Users\\SINCHINE DAS\\OneDrive\\Desktop\\first\\hospitalMS\\vendor\\laravel\\framework\\src\\Illuminate\\Foundation\\Http\\Middleware\\TransformsRequest.php(21): Illuminate\\Pipeline\\Pipeline->Illuminate\\Pipeline\\{closure}(Object(Illuminate\\Http\\Request))
#52 C:\\Users\\SINCHINE DAS\\OneDrive\\Desktop\\first\\hospitalMS\\vendor\\laravel\\framework\\src\\Illuminate\\Foundation\\Http\\Middleware\\TrimStrings.php(40): Illuminate\\Foundation\\Http\\Middleware\\TransformsRequest->handle(Object(Illuminate\\Http\\Request), Object(Closure))
#53 C:\\Users\\SINCHINE DAS\\OneDrive\\Desktop\\first\\hospitalMS\\vendor\\laravel\\framework\\src\\Illuminate\\Pipeline\\Pipeline.php(167): Illuminate\\Foundation\\Http\\Middleware\\TrimStrings->handle(Object(Illuminate\\Http\\Request), Object(Closure))
#54 C:\\Users\\SINCHINE DAS\\OneDrive\\Desktop\\first\\hospitalMS\\vendor\\laravel\\framework\\src\\Illuminate\\Foundation\\Http\\Middleware\\ValidatePostSize.php(27): Illuminate\\Pipeline\\Pipeline->Illuminate\\Pipeline\\{closure}(Object(Illuminate\\Http\\Request))
#55 C:\\Users\\SINCHINE DAS\\OneDrive\\Desktop\\first\\hospitalMS\\vendor\\laravel\\framework\\src\\Illuminate\\Pipeline\\Pipeline.php(167): Illuminate\\Foundation\\Http\\Middleware\\ValidatePostSize->handle(Object(Illuminate\\Http\\Request), Object(Closure))
#56 C:\\Users\\SINCHINE DAS\\OneDrive\\Desktop\\first\\hospitalMS\\vendor\\laravel\\framework\\src\\Illuminate\\Foundation\\Http\\Middleware\\PreventRequestsDuringMaintenance.php(86): Illuminate\\Pipeline\\Pipeline->Illuminate\\Pipeline\\{closure}(Object(Illuminate\\Http\\Request))
#57 C:\\Users\\SINCHINE DAS\\OneDrive\\Desktop\\first\\hospitalMS\\vendor\\laravel\\framework\\src\\Illuminate\\Pipeline\\Pipeline.php(167): Illuminate\\Foundation\\Http\\Middleware\\PreventRequestsDuringMaintenance->handle(Object(Illuminate\\Http\\Request), Object(Closure))
#58 C:\\Users\\SINCHINE DAS\\OneDrive\\Desktop\\first\\hospitalMS\\vendor\\fruitcake\\laravel-cors\\src\\HandleCors.php(38): Illuminate\\Pipeline\\Pipeline->Illuminate\\Pipeline\\{closure}(Object(Illuminate\\Http\\Request))
#59 C:\\Users\\SINCHINE DAS\\OneDrive\\Desktop\\first\\hospitalMS\\vendor\\laravel\\framework\\src\\Illuminate\\Pipeline\\Pipeline.php(167): Fruitcake\\Cors\\HandleCors->handle(Object(Illuminate\\Http\\Request), Object(Closure))
#60 C:\\Users\\SINCHINE DAS\\OneDrive\\Desktop\\first\\hospitalMS\\vendor\\fideloper\\proxy\\src\\TrustProxies.php(57): Illuminate\\Pipeline\\Pipeline->Illuminate\\Pipeline\\{closure}(Object(Illuminate\\Http\\Request))
#61 C:\\Users\\SINCHINE DAS\\OneDrive\\Desktop\\first\\hospitalMS\\vendor\\laravel\\framework\\src\\Illuminate\\Pipeline\\Pipeline.php(167): Fideloper\\Proxy\\TrustProxies->handle(Object(Illuminate\\Http\\Request), Object(Closure))
#62 C:\\Users\\SINCHINE DAS\\OneDrive\\Desktop\\first\\hospitalMS\\vendor\\laravel\\framework\\src\\Illuminate\\Pipeline\\Pipeline.php(103): Illuminate\\Pipeline\\Pipeline->Illuminate\\Pipeline\\{closure}(Object(Illuminate\\Http\\Request))
#63 C:\\Users\\SINCHINE DAS\\OneDrive\\Desktop\\first\\hospitalMS\\vendor\\laravel\\framework\\src\\Illuminate\\Foundation\\Http\\Kernel.php(142): Illuminate\\Pipeline\\Pipeline->then(Object(Closure))
#64 C:\\Users\\SINCHINE DAS\\OneDrive\\Desktop\\first\\hospitalMS\\vendor\\laravel\\framework\\src\\Illuminate\\Foundation\\Http\\Kernel.php(111): Illuminate\\Foundation\\Http\\Kernel->sendRequestThroughRouter(Object(Illuminate\\Http\\Request))
#65 C:\\Users\\SINCHINE DAS\\OneDrive\\Desktop\\first\\hospitalMS\\public\\index.php(51): Illuminate\\Foundation\\Http\\Kernel->handle(Object(Illuminate\\Http\\Request))
#66 C:\\Users\\SINCHINE DAS\\OneDrive\\Desktop\\first\\hospitalMS\\server.php(21): require_once('C:\\\\Users\\\\SINCHI...')
#67 {main}

[previous exception] [object] (PDOException(code: 2002): SQLSTATE[HY000] [2002] No connection could be made because the target machine actively refused it at C:\\Users\\SINCHINE DAS\\OneDrive\\Desktop\\first\\hospitalMS\\vendor\\laravel\\framework\\src\\Illuminate\\Database\\Connectors\\Connector.php:70)
[stacktrace]
#0 C:\\Users\\SINCHINE DAS\\OneDrive\\Desktop\\first\\hospitalMS\\vendor\\laravel\\framework\\src\\Illuminate\\Database\\Connectors\\Connector.php(70): PDO->__construct('mysql:host=127....', 'root', Object(SensitiveParameterValue), Array)
#1 C:\\Users\\SINCHINE DAS\\OneDrive\\Desktop\\first\\hospitalMS\\vendor\\laravel\\framework\\src\\Illuminate\\Database\\Connectors\\Connector.php(45): Illuminate\\Database\\Connectors\\Connector->createPdoConnection('mysql:host=127....', 'root', '', Array)
#2 C:\\Users\\SINCHINE DAS\\OneDrive\\Desktop\\first\\hospitalMS\\vendor\\laravel\\framework\\src\\Illuminate\\Database\\Connectors\\MySqlConnector.php(24): Illuminate\\Database\\Connectors\\Connector->createConnection('mysql:host=127....', Array, Array)
#3 C:\\Users\\SINCHINE DAS\\OneDrive\\Desktop\\first\\hospitalMS\\vendor\\laravel\\framework\\src\\Illuminate\\Database\\Connectors\\ConnectionFactory.php(184): Illuminate\\Database\\Connectors\\MySqlConnector->connect(Array)
#4 [internal function]: Illuminate\\Database\\Connectors\\ConnectionFactory->Illuminate\\Database\\Connectors\\{closure}()
#5 C:\\Users\\SINCHINE DAS\\OneDrive\\Desktop\\first\\hospitalMS\\vendor\\laravel\\framework\\src\\Illuminate\\Database\\Connection.php(1064): call_user_func(Object(Closure))
#6 C:\\Users\\SINCHINE DAS\\OneDrive\\Desktop\\first\\hospitalMS\\vendor\\laravel\\framework\\src\\Illuminate\\Database\\Connection.php(1100): Illuminate\\Database\\Connection->getPdo()
#7 C:\\Users\\SINCHINE DAS\\OneDrive\\Desktop\\first\\hospitalMS\\vendor\\laravel\\framework\\src\\Illuminate\\Database\\Connection.php(442): Illuminate\\Database\\Connection->getReadPdo()
#8 C:\\Users\\SINCHINE DAS\\OneDrive\\Desktop\\first\\hospitalMS\\vendor\\laravel\\framework\\src\\Illuminate\\Database\\Connection.php(368): Illuminate\\Database\\Connection->getPdoForSelect(true)
#9 C:\\Users\\SINCHINE DAS\\OneDrive\\Desktop\\first\\hospitalMS\\vendor\\laravel\\framework\\src\\Illuminate\\Database\\Connection.php(705): Illuminate\\Database\\Connection->Illuminate\\Database\\{closure}('select * from `...', Array)
#10 C:\\Users\\SINCHINE DAS\\OneDrive\\Desktop\\first\\hospitalMS\\vendor\\laravel\\framework\\src\\Illuminate\\Database\\Connection.php(672): Illuminate\\Database\\Connection->runQueryCallback('select * from `...', Array, Object(Closure))
#11 C:\\Users\\SINCHINE DAS\\OneDrive\\Desktop\\first\\hospitalMS\\vendor\\laravel\\framework\\src\\Illuminate\\Database\\Connection.php(359): Illuminate\\Database\\Connection->run('select * from `...', Array, Object(Closure))
#12 C:\\Users\\SINCHINE DAS\\OneDrive\\Desktop\\first\\hospitalMS\\vendor\\laravel\\framework\\src\\Illuminate\\Database\\Query\\Builder.php(2413): Illuminate\\Database\\Connection->select('select * from `...', Array, true)
#13 C:\\Users\\SINCHINE DAS\\OneDrive\\Desktop\\first\\hospitalMS\\vendor\\laravel\\framework\\src\\Illuminate\\Database\\Query\\Builder.php(2402): Illuminate\\Database\\Query\\Builder->runSelect()
#14 C:\\Users\\SINCHINE DAS\\OneDrive\\Desktop\\first\\hospitalMS\\vendor\\laravel\\framework\\src\\Illuminate\\Database\\Query\\Builder.php(2936): Illuminate\\Database\\Query\\Builder->Illuminate\\Database\\Query\\{closure}()
#15 C:\\Users\\SINCHINE DAS\\OneDrive\\Desktop\\first\\hospitalMS\\vendor\\laravel\\framework\\src\\Illuminate\\Database\\Query\\Builder.php(2401): Illuminate\\Database\\Query\\Builder->onceWithColumns(Array, Object(Closure))
#16 C:\\Users\\SINCHINE DAS\\OneDrive\\Desktop\\first\\hospitalMS\\vendor\\laravel\\framework\\src\\Illuminate\\Database\\Eloquent\\Builder.php(625): Illuminate\\Database\\Query\\Builder->get(Array)
#17 C:\\Users\\SINCHINE DAS\\OneDrive\\Desktop\\first\\hospitalMS\\vendor\\laravel\\framework\\src\\Illuminate\\Database\\Eloquent\\Builder.php(609): Illuminate\\Database\\Eloquent\\Builder->getModels(Array)
#18 C:\\Users\\SINCHINE DAS\\OneDrive\\Desktop\\first\\hospitalMS\\vendor\\laravel\\framework\\src\\Illuminate\\Database\\Concerns\\BuildsQueries.php(294): Illuminate\\Database\\Eloquent\\Builder->get(Array)
#19 C:\\Users\\SINCHINE DAS\\OneDrive\\Desktop\\first\\hospitalMS\\storage\\framework\\views\\3eb6400fb2ce03f9287d039c54a36dac141ef7a0.php(3): Illuminate\\Database\\Eloquent\\Builder->first()
#20 C:\\Users\\SINCHINE DAS\\OneDrive\\Desktop\\first\\hospitalMS\\vendor\\laravel\\framework\\src\\Illuminate\\Filesystem\\Filesystem.php(107): require('C:\\\\Users\\\\SINCHI...')
#21 C:\\Users\\SINCHINE DAS\\OneDrive\\Desktop\\first\\hospitalMS\\vendor\\laravel\\framework\\src\\Illuminate\\Filesystem\\Filesystem.php(108): Illuminate\\Filesystem\\Filesystem::Illuminate\\Filesystem\\{closure}()
#22 C:\\Users\\SINCHINE DAS\\OneDrive\\Desktop\\first\\hospitalMS\\vendor\\laravel\\framework\\src\\Illuminate\\View\\Engines\\PhpEngine.php(58): Illuminate\\Filesystem\\Filesystem->getRequire('C:\\\\Users\\\\SINCHI...', Array)
#23 C:\\Users\\SINCHINE DAS\\OneDrive\\Desktop\\first\\hospitalMS\\vendor\\livewire\\livewire\\src\\ComponentConcerns\\RendersLivewireComponents.php(69): Illuminate\\View\\Engines\\PhpEngine->evaluatePath('C:\\\\Users\\\\SINCHI...', Array)
#24 C:\\Users\\SINCHINE DAS\\OneDrive\\Desktop\\first\\hospitalMS\\vendor\\laravel\\framework\\src\\Illuminate\\View\\Engines\\CompilerEngine.php(61): Livewire\\CompilerEngineForIgnition->evaluatePath('C:\\\\Users\\\\SINCHI...', Array)
#25 C:\\Users\\SINCHINE DAS\\OneDrive\\Desktop\\first\\hospitalMS\\vendor\\facade\\ignition\\src\\Views\\Engines\\CompilerEngine.php(37): Illuminate\\View\\Engines\\CompilerEngine->get('C:\\\\Users\\\\SINCHI...', Array)
#26 C:\\Users\\SINCHINE DAS\\OneDrive\\Desktop\\first\\hospitalMS\\vendor\\livewire\\livewire\\src\\ComponentConcerns\\RendersLivewireComponents.php(35): Facade\\Ignition\\Views\\Engines\\CompilerEngine->get('C:\\\\Users\\\\SINCHI...', Array)
#27 C:\\Users\\SINCHINE DAS\\OneDrive\\Desktop\\first\\hospitalMS\\vendor\\laravel\\framework\\src\\Illuminate\\View\\View.php(139): Livewire\\CompilerEngineForIgnition->get('C:\\\\Users\\\\SINCHI...', Array)
#28 C:\\Users\\SINCHINE DAS\\OneDrive\\Desktop\\first\\hospitalMS\\vendor\\laravel\\framework\\src\\Illuminate\\View\\View.php(122): Illuminate\\View\\View->getContents()
#29 C:\\Users\\SINCHINE DAS\\OneDrive\\Desktop\\first\\hospitalMS\\vendor\\laravel\\framework\\src\\Illuminate\\View\\View.php(91): Illuminate\\View\\View->renderContents()
#30 C:\\Users\\SINCHINE DAS\\OneDrive\\Desktop\\first\\hospitalMS\\vendor\\laravel\\framework\\src\\Illuminate\\Http\\Response.php(69): Illuminate\\View\\View->render()
#31 C:\\Users\\SINCHINE DAS\\OneDrive\\Desktop\\first\\hospitalMS\\vendor\\laravel\\framework\\src\\Illuminate\\Http\\Response.php(35): Illuminate\\Http\\Response->setContent(Object(Illuminate\\View\\View))
#32 C:\\Users\\SINCHINE DAS\\OneDrive\\Desktop\\first\\hospitalMS\\vendor\\laravel\\framework\\src\\Illuminate\\Routing\\Router.php(820): Illuminate\\Http\\Response->__construct(Object(Illuminate\\View\\View), 200, Array)
#33 C:\\Users\\SINCHINE DAS\\OneDrive\\Desktop\\first\\hospitalMS\\vendor\\laravel\\framework\\src\\Illuminate\\Routing\\Router.php(789): Illuminate\\Routing\\Router::toResponse(Object(Illuminate\\Http\\Request), Object(Illuminate\\View\\View))
#34 C:\\Users\\SINCHINE DAS\\OneDrive\\Desktop\\first\\hospitalMS\\vendor\\laravel\\framework\\src\\Illuminate\\Routing\\Router.php(720): Illuminate\\Routing\\Router->prepareResponse(Object(Illuminate\\Http\\Request), Object(Illuminate\\View\\View))
#35 C:\\Users\\SINCHINE DAS\\OneDrive\\Desktop\\first\\hospitalMS\\vendor\\laravel\\framework\\src\\Illuminate\\Pipeline\\Pipeline.php(128): Illuminate\\Routing\\Router->Illuminate\\Routing\\{closure}(Object(Illuminate\\Http\\Request))
#36 C:\\Users\\SINCHINE DAS\\OneDrive\\Desktop\\first\\hospitalMS\\vendor\\laravel\\framework\\src\\Illuminate\\Routing\\Middleware\\SubstituteBindings.php(50): Illuminate\\Pipeline\\Pipeline->Illuminate\\Pipeline\\{closure}(Object(Illuminate\\Http\\Request))
#37 C:\\Users\\SINCHINE DAS\\OneDrive\\Desktop\\first\\hospitalMS\\vendor\\laravel\\framework\\src\\Illuminate\\Pipeline\\Pipeline.php(167): Illuminate\\Routing\\Middleware\\SubstituteBindings->handle(Object(Illuminate\\Http\\Request), Object(Closure))
#38 C:\\Users\\SINCHINE DAS\\OneDrive\\Desktop\\first\\hospitalMS\\vendor\\laravel\\framework\\src\\Illuminate\\Foundation\\Http\\Middleware\\VerifyCsrfToken.php(78): Illuminate\\Pipeline\\Pipeline->Illuminate\\Pipeline\\{closure}(Object(Illuminate\\Http\\Request))
#39 C:\\Users\\SINCHINE DAS\\OneDrive\\Desktop\\first\\hospitalMS\\vendor\\laravel\\framework\\src\\Illuminate\\Pipeline\\Pipeline.php(167): Illuminate\\Foundation\\Http\\Middleware\\VerifyCsrfToken->handle(Object(Illuminate\\Http\\Request), Object(Closure))
#40 C:\\Users\\SINCHINE DAS\\OneDrive\\Desktop\\first\\hospitalMS\\vendor\\laravel\\framework\\src\\Illuminate\\View\\Middleware\\ShareErrorsFromSession.php(49): Illuminate\\Pipeline\\Pipeline->Illuminate\\Pipeline\\{closure}(Object(Illuminate\\Http\\Request))
#41 C:\\Users\\SINCHINE DAS\\OneDrive\\Desktop\\first\\hospitalMS\\vendor\\laravel\\framework\\src\\Illuminate\\Pipeline\\Pipeline.php(167): Illuminate\\View\\Middleware\\ShareErrorsFromSession->handle(Object(Illuminate\\Http\\Request), Object(Closure))
#42 C:\\Users\\SINCHINE DAS\\OneDrive\\Desktop\\first\\hospitalMS\\vendor\\laravel\\framework\\src\\Illuminate\\Session\\Middleware\\StartSession.php(121): Illuminate\\Pipeline\\Pipeline->Illuminate\\Pipeline\\{closure}(Object(Illuminate\\Http\\Request))
#43 C:\\Users\\SINCHINE DAS\\OneDrive\\Desktop\\first\\hospitalMS\\vendor\\laravel\\framework\\src\\Illuminate\\Session\\Middleware\\StartSession.php(64): Illuminate\\Session\\Middleware\\StartSession->handleStatefulRequest(Object(Illuminate\\Http\\Request), Object(Illuminate\\Session\\Store), Object(Closure))
#44 C:\\Users\\SINCHINE DAS\\OneDrive\\Desktop\\first\\hospitalMS\\vendor\\laravel\\framework\\src\\Illuminate\\Pipeline\\Pipeline.php(167): Illuminate\\Session\\Middleware\\StartSession->handle(Object(Illuminate\\Http\\Request), Object(Closure))
#45 C:\\Users\\SINCHINE DAS\\OneDrive\\Desktop\\first\\hospitalMS\\vendor\\laravel\\framework\\src\\Illuminate\\Cookie\\Middleware\\AddQueuedCookiesToResponse.php(37): Illuminate\\Pipeline\\Pipeline->Illuminate\\Pipeline\\{closure}(Object(Illuminate\\Http\\Request))
#46 C:\\Users\\SINCHINE DAS\\OneDrive\\Desktop\\first\\hospitalMS\\vendor\\laravel\\framework\\src\\Illuminate\\Pipeline\\Pipeline.php(167): Illuminate\\Cookie\\Middleware\\AddQueuedCookiesToResponse->handle(Object(Illuminate\\Http\\Request), Object(Closure))
#47 C:\\Users\\SINCHINE DAS\\OneDrive\\Desktop\\first\\hospitalMS\\vendor\\laravel\\framework\\src\\Illuminate\\Cookie\\Middleware\\EncryptCookies.php(67): Illuminate\\Pipeline\\Pipeline->Illuminate\\Pipeline\\{closure}(Object(Illuminate\\Http\\Request))
#48 C:\\Users\\SINCHINE DAS\\OneDrive\\Desktop\\first\\hospitalMS\\vendor\\laravel\\framework\\src\\Illuminate\\Pipeline\\Pipeline.php(167): Illuminate\\Cookie\\Middleware\\EncryptCookies->handle(Object(Illuminate\\Http\\Request), Object(Closure))
#49 C:\\Users\\SINCHINE DAS\\OneDrive\\Desktop\\first\\hospitalMS\\vendor\\laravel\\framework\\src\\Illuminate\\Pipeline\\Pipeline.php(103): Illuminate\\Pipeline\\Pipeline->Illuminate\\Pipeline\\{closure}(Object(Illuminate\\Http\\Request))
#50 C:\\Users\\SINCHINE DAS\\OneDrive\\Desktop\\first\\hospitalMS\\vendor\\laravel\\framework\\src\\Illuminate\\Routing\\Router.php(719): Illuminate\\Pipeline\\Pipeline->then(Object(Closure))
#51 C:\\Users\\SINCHINE DAS\\OneDrive\\Desktop\\first\\hospitalMS\\vendor\\laravel\\framework\\src\\Illuminate\\Routing\\Router.php(698): Illuminate\\Routing\\Router->runRouteWithinStack(Object(Illuminate\\Routing\\Route), Object(Illuminate\\Http\\Request))
#52 C:\\Users\\SINCHINE DAS\\OneDrive\\Desktop\\first\\hospitalMS\\vendor\\laravel\\framework\\src\\Illuminate\\Routing\\Router.php(662): Illuminate\\Routing\\Router->runRoute(Object(Illuminate\\Http\\Request), Object(Illuminate\\Routing\\Route))
#53 C:\\Users\\SINCHINE DAS\\OneDrive\\Desktop\\first\\hospitalMS\\vendor\\laravel\\framework\\src\\Illuminate\\Routing\\Router.php(651): Illuminate\\Routing\\Router->dispatchToRoute(Object(Illuminate\\Http\\Request))
#54 C:\\Users\\SINCHINE DAS\\OneDrive\\Desktop\\first\\hospitalMS\\vendor\\laravel\\framework\\src\\Illuminate\\Foundation\\Http\\Kernel.php(167): Illuminate\\Routing\\Router->dispatch(Object(Illuminate\\Http\\Request))
#55 C:\\Users\\SINCHINE DAS\\OneDrive\\Desktop\\first\\hospitalMS\\vendor\\laravel\\framework\\src\\Illuminate\\Pipeline\\Pipeline.php(128): Illuminate\\Foundation\\Http\\Kernel->Illuminate\\Foundation\\Http\\{closure}(Object(Illuminate\\Http\\Request))
#56 C:\\Users\\SINCHINE DAS\\OneDrive\\Desktop\\first\\hospitalMS\\vendor\\livewire\\livewire\\src\\DisableBrowserCache.php(19): Illuminate\\Pipeline\\Pipeline->Illuminate\\Pipeline\\{closure}(Object(Illuminate\\Http\\Request))
#57 C:\\Users\\SINCHINE DAS\\OneDrive\\Desktop\\first\\hospitalMS\\vendor\\laravel\\framework\\src\\Illuminate\\Pipeline\\Pipeline.php(167): Livewire\\DisableBrowserCache->handle(Object(Illuminate\\Http\\Request), Object(Closure))
#58 C:\\Users\\SINCHINE DAS\\OneDrive\\Desktop\\first\\hospitalMS\\vendor\\laravel\\framework\\src\\Illuminate\\Foundation\\Http\\Middleware\\TransformsRequest.php(21): Illuminate\\Pipeline\\Pipeline->Illuminate\\Pipeline\\{closure}(Object(Illuminate\\Http\\Request))
#59 C:\\Users\\SINCHINE DAS\\OneDrive\\Desktop\\first\\hospitalMS\\vendor\\laravel\\framework\\src\\Illuminate\\Foundation\\Http\\Middleware\\ConvertEmptyStringsToNull.php(31): Illuminate\\Foundation\\Http\\Middleware\\TransformsRequest->handle(Object(Illuminate\\Http\\Request), Object(Closure))
#60 C:\\Users\\SINCHINE DAS\\OneDrive\\Desktop\\first\\hospitalMS\\vendor\\laravel\\framework\\src\\Illuminate\\Pipeline\\Pipeline.php(167): Illuminate\\Foundation\\Http\\Middleware\\ConvertEmptyStringsToNull->handle(Object(Illuminate\\Http\\Request), Object(Closure))
#61 C:\\Users\\SINCHINE DAS\\OneDrive\\Desktop\\first\\hospitalMS\\vendor\\laravel\\framework\\src\\Illuminate\\Foundation\\Http\\Middleware\\TransformsRequest.php(21): Illuminate\\Pipeline\\Pipeline->Illuminate\\Pipeline\\{closure}(Object(Illuminate\\Http\\Request))
#62 C:\\Users\\SINCHINE DAS\\OneDrive\\Desktop\\first\\hospitalMS\\vendor\\laravel\\framework\\src\\Illuminate\\Foundation\\Http\\Middleware\\TrimStrings.php(40): Illuminate\\Foundation\\Http\\Middleware\\TransformsRequest->handle(Object(Illuminate\\Http\\Request), Object(Closure))
#63 C:\\Users\\SINCHINE DAS\\OneDrive\\Desktop\\first\\hospitalMS\\vendor\\laravel\\framework\\src\\Illuminate\\Pipeline\\Pipeline.php(167): Illuminate\\Foundation\\Http\\Middleware\\TrimStrings->handle(Object(Illuminate\\Http\\Request), Object(Closure))
#64 C:\\Users\\SINCHINE DAS\\OneDrive\\Desktop\\first\\hospitalMS\\vendor\\laravel\\framework\\src\\Illuminate\\Foundation\\Http\\Middleware\\ValidatePostSize.php(27): Illuminate\\Pipeline\\Pipeline->Illuminate\\Pipeline\\{closure}(Object(Illuminate\\Http\\Request))
#65 C:\\Users\\SINCHINE DAS\\OneDrive\\Desktop\\first\\hospitalMS\\vendor\\laravel\\framework\\src\\Illuminate\\Pipeline\\Pipeline.php(167): Illuminate\\Foundation\\Http\\Middleware\\ValidatePostSize->handle(Object(Illuminate\\Http\\Request), Object(Closure))
#66 C:\\Users\\SINCHINE DAS\\OneDrive\\Desktop\\first\\hospitalMS\\vendor\\laravel\\framework\\src\\Illuminate\\Foundation\\Http\\Middleware\\PreventRequestsDuringMaintenance.php(86): Illuminate\\Pipeline\\Pipeline->Illuminate\\Pipeline\\{closure}(Object(Illuminate\\Http\\Request))
#67 C:\\Users\\SINCHINE DAS\\OneDrive\\Desktop\\first\\hospitalMS\\vendor\\laravel\\framework\\src\\Illuminate\\Pipeline\\Pipeline.php(167): Illuminate\\Foundation\\Http\\Middleware\\PreventRequestsDuringMaintenance->handle(Object(Illuminate\\Http\\Request), Object(Closure))
#68 C:\\Users\\SINCHINE DAS\\OneDrive\\Desktop\\first\\hospitalMS\\vendor\\fruitcake\\laravel-cors\\src\\HandleCors.php(38): Illuminate\\Pipeline\\Pipeline->Illuminate\\Pipeline\\{closure}(Object(Illuminate\\Http\\Request))
#69 C:\\Users\\SINCHINE DAS\\OneDrive\\Desktop\\first\\hospitalMS\\vendor\\laravel\\framework\\src\\Illuminate\\Pipeline\\Pipeline.php(167): Fruitcake\\Cors\\HandleCors->handle(Object(Illuminate\\Http\\Request), Object(Closure))
#70 C:\\Users\\SINCHINE DAS\\OneDrive\\Desktop\\first\\hospitalMS\\vendor\\fideloper\\proxy\\src\\TrustProxies.php(57): Illuminate\\Pipeline\\Pipeline->Illuminate\\Pipeline\\{closure}(Object(Illuminate\\Http\\Request))
#71 C:\\Users\\SINCHINE DAS\\OneDrive\\Desktop\\first\\hospitalMS\\vendor\\laravel\\framework\\src\\Illuminate\\Pipeline\\Pipeline.php(167): Fideloper\\Proxy\\TrustProxies->handle(Object(Illuminate\\Http\\Request), Object(Closure))
#72 C:\\Users\\SINCHINE DAS\\OneDrive\\Desktop\\first\\hospitalMS\\vendor\\laravel\\framework\\src\\Illuminate\\Pipeline\\Pipeline.php(103): Illuminate\\Pipeline\\Pipeline->Illuminate\\Pipeline\\{closure}(Object(Illuminate\\Http\\Request))
#73 C:\\Users\\SINCHINE DAS\\OneDrive\\Desktop\\first\\hospitalMS\\vendor\\laravel\\framework\\src\\Illuminate\\Foundation\\Http\\Kernel.php(142): Illuminate\\Pipeline\\Pipeline->then(Object(Closure))
#74 C:\\Users\\SINCHINE DAS\\OneDrive\\Desktop\\first\\hospitalMS\\vendor\\laravel\\framework\\src\\Illuminate\\Foundation\\Http\\Kernel.php(111): Illuminate\\Foundation\\Http\\Kernel->sendRequestThroughRouter(Object(Illuminate\\Http\\Request))
#75 C:\\Users\\SINCHINE DAS\\OneDrive\\Desktop\\first\\hospitalMS\\public\\index.php(51): Illuminate\\Foundation\\Http\\Kernel->handle(Object(Illuminate\\Http\\Request))
#76 C:\\Users\\SINCHINE DAS\\OneDrive\\Desktop\\first\\hospitalMS\\server.php(21): require_once('C:\\\\Users\\\\SINCHI...')
#77 {main}
"} 
[2025-04-30 03:41:38] local.ERROR: SQLSTATE[HY000] [2002] No connection could be made because the target machine actively refused it (SQL: select * from `settings` where `settings`.`deleted_at` is null order by `created_at` desc limit 1) (View: C:\Users\SINCHINE DAS\OneDrive\Desktop\first\hospitalMS\resources\views\index.blade.php) {"view":{"view":"C:\\Users\\SINCHINE DAS\\OneDrive\\Desktop\\first\\hospitalMS\\vendor\\laravel\\framework\\src\\Illuminate\\Database\\Connection.php","data":[]},"exception":"[object] (Facade\\Ignition\\Exceptions\\ViewException(code: 0): SQLSTATE[HY000] [2002] No connection could be made because the target machine actively refused it (SQL: select * from `settings` where `settings`.`deleted_at` is null order by `created_at` desc limit 1) (View: C:\\Users\\SINCHINE DAS\\OneDrive\\Desktop\\first\\hospitalMS\\resources\\views\\index.blade.php) at C:\\Users\\SINCHINE DAS\\OneDrive\\Desktop\\first\\hospitalMS\\vendor\\laravel\\framework\\src\\Illuminate\\Database\\Connection.php:712)
[stacktrace]
#0 C:\\Users\\SINCHINE DAS\\OneDrive\\Desktop\\first\\hospitalMS\\vendor\\laravel\\framework\\src\\Illuminate\\Database\\Connection.php(672): Illuminate\\Database\\Connection->runQueryCallback('select * from `...', Array, Object(Closure))
#1 C:\\Users\\SINCHINE DAS\\OneDrive\\Desktop\\first\\hospitalMS\\vendor\\laravel\\framework\\src\\Illuminate\\Database\\Connection.php(359): Illuminate\\Database\\Connection->run('select * from `...', Array, Object(Closure))
#2 C:\\Users\\SINCHINE DAS\\OneDrive\\Desktop\\first\\hospitalMS\\vendor\\laravel\\framework\\src\\Illuminate\\Database\\Query\\Builder.php(2413): Illuminate\\Database\\Connection->select('select * from `...', Array, true)
#3 C:\\Users\\SINCHINE DAS\\OneDrive\\Desktop\\first\\hospitalMS\\vendor\\laravel\\framework\\src\\Illuminate\\Database\\Query\\Builder.php(2402): Illuminate\\Database\\Query\\Builder->runSelect()
#4 C:\\Users\\SINCHINE DAS\\OneDrive\\Desktop\\first\\hospitalMS\\vendor\\laravel\\framework\\src\\Illuminate\\Database\\Query\\Builder.php(2936): Illuminate\\Database\\Query\\Builder->Illuminate\\Database\\Query\\{closure}()
#5 C:\\Users\\SINCHINE DAS\\OneDrive\\Desktop\\first\\hospitalMS\\vendor\\laravel\\framework\\src\\Illuminate\\Database\\Query\\Builder.php(2401): Illuminate\\Database\\Query\\Builder->onceWithColumns(Array, Object(Closure))
#6 C:\\Users\\SINCHINE DAS\\OneDrive\\Desktop\\first\\hospitalMS\\vendor\\laravel\\framework\\src\\Illuminate\\Database\\Eloquent\\Builder.php(625): Illuminate\\Database\\Query\\Builder->get(Array)
#7 C:\\Users\\SINCHINE DAS\\OneDrive\\Desktop\\first\\hospitalMS\\vendor\\laravel\\framework\\src\\Illuminate\\Database\\Eloquent\\Builder.php(609): Illuminate\\Database\\Eloquent\\Builder->getModels(Array)
#8 C:\\Users\\SINCHINE DAS\\OneDrive\\Desktop\\first\\hospitalMS\\vendor\\laravel\\framework\\src\\Illuminate\\Database\\Concerns\\BuildsQueries.php(294): Illuminate\\Database\\Eloquent\\Builder->get(Array)
#9 C:\\Users\\SINCHINE DAS\\OneDrive\\Desktop\\first\\hospitalMS\\resources\\views/index.blade.php(3): Illuminate\\Database\\Eloquent\\Builder->first()
#10 C:\\Users\\SINCHINE DAS\\OneDrive\\Desktop\\first\\hospitalMS\\vendor\\laravel\\framework\\src\\Illuminate\\Filesystem\\Filesystem.php(107): require('C:\\\\Users\\\\SINCHI...')
#11 C:\\Users\\SINCHINE DAS\\OneDrive\\Desktop\\first\\hospitalMS\\vendor\\laravel\\framework\\src\\Illuminate\\Filesystem\\Filesystem.php(108): Illuminate\\Filesystem\\Filesystem::Illuminate\\Filesystem\\{closure}()
#12 C:\\Users\\SINCHINE DAS\\OneDrive\\Desktop\\first\\hospitalMS\\vendor\\laravel\\framework\\src\\Illuminate\\View\\Engines\\PhpEngine.php(58): Illuminate\\Filesystem\\Filesystem->getRequire('C:\\\\Users\\\\SINCHI...', Array)
#13 C:\\Users\\SINCHINE DAS\\OneDrive\\Desktop\\first\\hospitalMS\\vendor\\livewire\\livewire\\src\\ComponentConcerns\\RendersLivewireComponents.php(69): Illuminate\\View\\Engines\\PhpEngine->evaluatePath('C:\\\\Users\\\\SINCHI...', Array)
#14 C:\\Users\\SINCHINE DAS\\OneDrive\\Desktop\\first\\hospitalMS\\vendor\\laravel\\framework\\src\\Illuminate\\View\\Engines\\CompilerEngine.php(61): Livewire\\CompilerEngineForIgnition->evaluatePath('C:\\\\Users\\\\SINCHI...', Array)
#15 C:\\Users\\SINCHINE DAS\\OneDrive\\Desktop\\first\\hospitalMS\\vendor\\facade\\ignition\\src\\Views\\Engines\\CompilerEngine.php(37): Illuminate\\View\\Engines\\CompilerEngine->get('C:\\\\Users\\\\SINCHI...', Array)
#16 C:\\Users\\SINCHINE DAS\\OneDrive\\Desktop\\first\\hospitalMS\\vendor\\livewire\\livewire\\src\\ComponentConcerns\\RendersLivewireComponents.php(35): Facade\\Ignition\\Views\\Engines\\CompilerEngine->get('C:\\\\Users\\\\SINCHI...', Array)
#17 C:\\Users\\SINCHINE DAS\\OneDrive\\Desktop\\first\\hospitalMS\\vendor\\laravel\\framework\\src\\Illuminate\\View\\View.php(139): Livewire\\CompilerEngineForIgnition->get('C:\\\\Users\\\\SINCHI...', Array)
#18 C:\\Users\\SINCHINE DAS\\OneDrive\\Desktop\\first\\hospitalMS\\vendor\\laravel\\framework\\src\\Illuminate\\View\\View.php(122): Illuminate\\View\\View->getContents()
#19 C:\\Users\\SINCHINE DAS\\OneDrive\\Desktop\\first\\hospitalMS\\vendor\\laravel\\framework\\src\\Illuminate\\View\\View.php(91): Illuminate\\View\\View->renderContents()
#20 C:\\Users\\SINCHINE DAS\\OneDrive\\Desktop\\first\\hospitalMS\\vendor\\laravel\\framework\\src\\Illuminate\\Http\\Response.php(69): Illuminate\\View\\View->render()
#21 C:\\Users\\SINCHINE DAS\\OneDrive\\Desktop\\first\\hospitalMS\\vendor\\laravel\\framework\\src\\Illuminate\\Http\\Response.php(35): Illuminate\\Http\\Response->setContent(Object(Illuminate\\View\\View))
#22 C:\\Users\\SINCHINE DAS\\OneDrive\\Desktop\\first\\hospitalMS\\vendor\\laravel\\framework\\src\\Illuminate\\Routing\\Router.php(820): Illuminate\\Http\\Response->__construct(Object(Illuminate\\View\\View), 200, Array)
#23 C:\\Users\\SINCHINE DAS\\OneDrive\\Desktop\\first\\hospitalMS\\vendor\\laravel\\framework\\src\\Illuminate\\Routing\\Router.php(789): Illuminate\\Routing\\Router::toResponse(Object(Illuminate\\Http\\Request), Object(Illuminate\\View\\View))
#24 C:\\Users\\SINCHINE DAS\\OneDrive\\Desktop\\first\\hospitalMS\\vendor\\laravel\\framework\\src\\Illuminate\\Routing\\Router.php(720): Illuminate\\Routing\\Router->prepareResponse(Object(Illuminate\\Http\\Request), Object(Illuminate\\View\\View))
#25 C:\\Users\\SINCHINE DAS\\OneDrive\\Desktop\\first\\hospitalMS\\vendor\\laravel\\framework\\src\\Illuminate\\Pipeline\\Pipeline.php(128): Illuminate\\Routing\\Router->Illuminate\\Routing\\{closure}(Object(Illuminate\\Http\\Request))
#26 C:\\Users\\SINCHINE DAS\\OneDrive\\Desktop\\first\\hospitalMS\\vendor\\laravel\\framework\\src\\Illuminate\\Routing\\Middleware\\SubstituteBindings.php(50): Illuminate\\Pipeline\\Pipeline->Illuminate\\Pipeline\\{closure}(Object(Illuminate\\Http\\Request))
#27 C:\\Users\\SINCHINE DAS\\OneDrive\\Desktop\\first\\hospitalMS\\vendor\\laravel\\framework\\src\\Illuminate\\Pipeline\\Pipeline.php(167): Illuminate\\Routing\\Middleware\\SubstituteBindings->handle(Object(Illuminate\\Http\\Request), Object(Closure))
#28 C:\\Users\\SINCHINE DAS\\OneDrive\\Desktop\\first\\hospitalMS\\vendor\\laravel\\framework\\src\\Illuminate\\Foundation\\Http\\Middleware\\VerifyCsrfToken.php(78): Illuminate\\Pipeline\\Pipeline->Illuminate\\Pipeline\\{closure}(Object(Illuminate\\Http\\Request))
#29 C:\\Users\\SINCHINE DAS\\OneDrive\\Desktop\\first\\hospitalMS\\vendor\\laravel\\framework\\src\\Illuminate\\Pipeline\\Pipeline.php(167): Illuminate\\Foundation\\Http\\Middleware\\VerifyCsrfToken->handle(Object(Illuminate\\Http\\Request), Object(Closure))
#30 C:\\Users\\SINCHINE DAS\\OneDrive\\Desktop\\first\\hospitalMS\\vendor\\laravel\\framework\\src\\Illuminate\\View\\Middleware\\ShareErrorsFromSession.php(49): Illuminate\\Pipeline\\Pipeline->Illuminate\\Pipeline\\{closure}(Object(Illuminate\\Http\\Request))
#31 C:\\Users\\SINCHINE DAS\\OneDrive\\Desktop\\first\\hospitalMS\\vendor\\laravel\\framework\\src\\Illuminate\\Pipeline\\Pipeline.php(167): Illuminate\\View\\Middleware\\ShareErrorsFromSession->handle(Object(Illuminate\\Http\\Request), Object(Closure))
#32 C:\\Users\\SINCHINE DAS\\OneDrive\\Desktop\\first\\hospitalMS\\vendor\\laravel\\framework\\src\\Illuminate\\Session\\Middleware\\StartSession.php(121): Illuminate\\Pipeline\\Pipeline->Illuminate\\Pipeline\\{closure}(Object(Illuminate\\Http\\Request))
#33 C:\\Users\\SINCHINE DAS\\OneDrive\\Desktop\\first\\hospitalMS\\vendor\\laravel\\framework\\src\\Illuminate\\Session\\Middleware\\StartSession.php(64): Illuminate\\Session\\Middleware\\StartSession->handleStatefulRequest(Object(Illuminate\\Http\\Request), Object(Illuminate\\Session\\Store), Object(Closure))
#34 C:\\Users\\SINCHINE DAS\\OneDrive\\Desktop\\first\\hospitalMS\\vendor\\laravel\\framework\\src\\Illuminate\\Pipeline\\Pipeline.php(167): Illuminate\\Session\\Middleware\\StartSession->handle(Object(Illuminate\\Http\\Request), Object(Closure))
#35 C:\\Users\\SINCHINE DAS\\OneDrive\\Desktop\\first\\hospitalMS\\vendor\\laravel\\framework\\src\\Illuminate\\Cookie\\Middleware\\AddQueuedCookiesToResponse.php(37): Illuminate\\Pipeline\\Pipeline->Illuminate\\Pipeline\\{closure}(Object(Illuminate\\Http\\Request))
#36 C:\\Users\\SINCHINE DAS\\OneDrive\\Desktop\\first\\hospitalMS\\vendor\\laravel\\framework\\src\\Illuminate\\Pipeline\\Pipeline.php(167): Illuminate\\Cookie\\Middleware\\AddQueuedCookiesToResponse->handle(Object(Illuminate\\Http\\Request), Object(Closure))
#37 C:\\Users\\SINCHINE DAS\\OneDrive\\Desktop\\first\\hospitalMS\\vendor\\laravel\\framework\\src\\Illuminate\\Cookie\\Middleware\\EncryptCookies.php(67): Illuminate\\Pipeline\\Pipeline->Illuminate\\Pipeline\\{closure}(Object(Illuminate\\Http\\Request))
#38 C:\\Users\\SINCHINE DAS\\OneDrive\\Desktop\\first\\hospitalMS\\vendor\\laravel\\framework\\src\\Illuminate\\Pipeline\\Pipeline.php(167): Illuminate\\Cookie\\Middleware\\EncryptCookies->handle(Object(Illuminate\\Http\\Request), Object(Closure))
#39 C:\\Users\\SINCHINE DAS\\OneDrive\\Desktop\\first\\hospitalMS\\vendor\\laravel\\framework\\src\\Illuminate\\Pipeline\\Pipeline.php(103): Illuminate\\Pipeline\\Pipeline->Illuminate\\Pipeline\\{closure}(Object(Illuminate\\Http\\Request))
#40 C:\\Users\\SINCHINE DAS\\OneDrive\\Desktop\\first\\hospitalMS\\vendor\\laravel\\framework\\src\\Illuminate\\Routing\\Router.php(719): Illuminate\\Pipeline\\Pipeline->then(Object(Closure))
#41 C:\\Users\\SINCHINE DAS\\OneDrive\\Desktop\\first\\hospitalMS\\vendor\\laravel\\framework\\src\\Illuminate\\Routing\\Router.php(698): Illuminate\\Routing\\Router->runRouteWithinStack(Object(Illuminate\\Routing\\Route), Object(Illuminate\\Http\\Request))
#42 C:\\Users\\SINCHINE DAS\\OneDrive\\Desktop\\first\\hospitalMS\\vendor\\laravel\\framework\\src\\Illuminate\\Routing\\Router.php(662): Illuminate\\Routing\\Router->runRoute(Object(Illuminate\\Http\\Request), Object(Illuminate\\Routing\\Route))
#43 C:\\Users\\SINCHINE DAS\\OneDrive\\Desktop\\first\\hospitalMS\\vendor\\laravel\\framework\\src\\Illuminate\\Routing\\Router.php(651): Illuminate\\Routing\\Router->dispatchToRoute(Object(Illuminate\\Http\\Request))
#44 C:\\Users\\SINCHINE DAS\\OneDrive\\Desktop\\first\\hospitalMS\\vendor\\laravel\\framework\\src\\Illuminate\\Foundation\\Http\\Kernel.php(167): Illuminate\\Routing\\Router->dispatch(Object(Illuminate\\Http\\Request))
#45 C:\\Users\\SINCHINE DAS\\OneDrive\\Desktop\\first\\hospitalMS\\vendor\\laravel\\framework\\src\\Illuminate\\Pipeline\\Pipeline.php(128): Illuminate\\Foundation\\Http\\Kernel->Illuminate\\Foundation\\Http\\{closure}(Object(Illuminate\\Http\\Request))
#46 C:\\Users\\SINCHINE DAS\\OneDrive\\Desktop\\first\\hospitalMS\\vendor\\livewire\\livewire\\src\\DisableBrowserCache.php(19): Illuminate\\Pipeline\\Pipeline->Illuminate\\Pipeline\\{closure}(Object(Illuminate\\Http\\Request))
#47 C:\\Users\\SINCHINE DAS\\OneDrive\\Desktop\\first\\hospitalMS\\vendor\\laravel\\framework\\src\\Illuminate\\Pipeline\\Pipeline.php(167): Livewire\\DisableBrowserCache->handle(Object(Illuminate\\Http\\Request), Object(Closure))
#48 C:\\Users\\SINCHINE DAS\\OneDrive\\Desktop\\first\\hospitalMS\\vendor\\laravel\\framework\\src\\Illuminate\\Foundation\\Http\\Middleware\\TransformsRequest.php(21): Illuminate\\Pipeline\\Pipeline->Illuminate\\Pipeline\\{closure}(Object(Illuminate\\Http\\Request))
#49 C:\\Users\\SINCHINE DAS\\OneDrive\\Desktop\\first\\hospitalMS\\vendor\\laravel\\framework\\src\\Illuminate\\Foundation\\Http\\Middleware\\ConvertEmptyStringsToNull.php(31): Illuminate\\Foundation\\Http\\Middleware\\TransformsRequest->handle(Object(Illuminate\\Http\\Request), Object(Closure))
#50 C:\\Users\\SINCHINE DAS\\OneDrive\\Desktop\\first\\hospitalMS\\vendor\\laravel\\framework\\src\\Illuminate\\Pipeline\\Pipeline.php(167): Illuminate\\Foundation\\Http\\Middleware\\ConvertEmptyStringsToNull->handle(Object(Illuminate\\Http\\Request), Object(Closure))
#51 C:\\Users\\SINCHINE DAS\\OneDrive\\Desktop\\first\\hospitalMS\\vendor\\laravel\\framework\\src\\Illuminate\\Foundation\\Http\\Middleware\\TransformsRequest.php(21): Illuminate\\Pipeline\\Pipeline->Illuminate\\Pipeline\\{closure}(Object(Illuminate\\Http\\Request))
#52 C:\\Users\\SINCHINE DAS\\OneDrive\\Desktop\\first\\hospitalMS\\vendor\\laravel\\framework\\src\\Illuminate\\Foundation\\Http\\Middleware\\TrimStrings.php(40): Illuminate\\Foundation\\Http\\Middleware\\TransformsRequest->handle(Object(Illuminate\\Http\\Request), Object(Closure))
#53 C:\\Users\\SINCHINE DAS\\OneDrive\\Desktop\\first\\hospitalMS\\vendor\\laravel\\framework\\src\\Illuminate\\Pipeline\\Pipeline.php(167): Illuminate\\Foundation\\Http\\Middleware\\TrimStrings->handle(Object(Illuminate\\Http\\Request), Object(Closure))
#54 C:\\Users\\SINCHINE DAS\\OneDrive\\Desktop\\first\\hospitalMS\\vendor\\laravel\\framework\\src\\Illuminate\\Foundation\\Http\\Middleware\\ValidatePostSize.php(27): Illuminate\\Pipeline\\Pipeline->Illuminate\\Pipeline\\{closure}(Object(Illuminate\\Http\\Request))
#55 C:\\Users\\SINCHINE DAS\\OneDrive\\Desktop\\first\\hospitalMS\\vendor\\laravel\\framework\\src\\Illuminate\\Pipeline\\Pipeline.php(167): Illuminate\\Foundation\\Http\\Middleware\\ValidatePostSize->handle(Object(Illuminate\\Http\\Request), Object(Closure))
#56 C:\\Users\\SINCHINE DAS\\OneDrive\\Desktop\\first\\hospitalMS\\vendor\\laravel\\framework\\src\\Illuminate\\Foundation\\Http\\Middleware\\PreventRequestsDuringMaintenance.php(86): Illuminate\\Pipeline\\Pipeline->Illuminate\\Pipeline\\{closure}(Object(Illuminate\\Http\\Request))
#57 C:\\Users\\SINCHINE DAS\\OneDrive\\Desktop\\first\\hospitalMS\\vendor\\laravel\\framework\\src\\Illuminate\\Pipeline\\Pipeline.php(167): Illuminate\\Foundation\\Http\\Middleware\\PreventRequestsDuringMaintenance->handle(Object(Illuminate\\Http\\Request), Object(Closure))
#58 C:\\Users\\SINCHINE DAS\\OneDrive\\Desktop\\first\\hospitalMS\\vendor\\fruitcake\\laravel-cors\\src\\HandleCors.php(38): Illuminate\\Pipeline\\Pipeline->Illuminate\\Pipeline\\{closure}(Object(Illuminate\\Http\\Request))
#59 C:\\Users\\SINCHINE DAS\\OneDrive\\Desktop\\first\\hospitalMS\\vendor\\laravel\\framework\\src\\Illuminate\\Pipeline\\Pipeline.php(167): Fruitcake\\Cors\\HandleCors->handle(Object(Illuminate\\Http\\Request), Object(Closure))
#60 C:\\Users\\SINCHINE DAS\\OneDrive\\Desktop\\first\\hospitalMS\\vendor\\fideloper\\proxy\\src\\TrustProxies.php(57): Illuminate\\Pipeline\\Pipeline->Illuminate\\Pipeline\\{closure}(Object(Illuminate\\Http\\Request))
#61 C:\\Users\\SINCHINE DAS\\OneDrive\\Desktop\\first\\hospitalMS\\vendor\\laravel\\framework\\src\\Illuminate\\Pipeline\\Pipeline.php(167): Fideloper\\Proxy\\TrustProxies->handle(Object(Illuminate\\Http\\Request), Object(Closure))
#62 C:\\Users\\SINCHINE DAS\\OneDrive\\Desktop\\first\\hospitalMS\\vendor\\laravel\\framework\\src\\Illuminate\\Pipeline\\Pipeline.php(103): Illuminate\\Pipeline\\Pipeline->Illuminate\\Pipeline\\{closure}(Object(Illuminate\\Http\\Request))
#63 C:\\Users\\SINCHINE DAS\\OneDrive\\Desktop\\first\\hospitalMS\\vendor\\laravel\\framework\\src\\Illuminate\\Foundation\\Http\\Kernel.php(142): Illuminate\\Pipeline\\Pipeline->then(Object(Closure))
#64 C:\\Users\\SINCHINE DAS\\OneDrive\\Desktop\\first\\hospitalMS\\vendor\\laravel\\framework\\src\\Illuminate\\Foundation\\Http\\Kernel.php(111): Illuminate\\Foundation\\Http\\Kernel->sendRequestThroughRouter(Object(Illuminate\\Http\\Request))
#65 C:\\Users\\SINCHINE DAS\\OneDrive\\Desktop\\first\\hospitalMS\\public\\index.php(51): Illuminate\\Foundation\\Http\\Kernel->handle(Object(Illuminate\\Http\\Request))
#66 C:\\Users\\SINCHINE DAS\\OneDrive\\Desktop\\first\\hospitalMS\\server.php(21): require_once('C:\\\\Users\\\\SINCHI...')
#67 {main}

[previous exception] [object] (Illuminate\\Database\\QueryException(code: 2002): SQLSTATE[HY000] [2002] No connection could be made because the target machine actively refused it (SQL: select * from `settings` where `settings`.`deleted_at` is null order by `created_at` desc limit 1) at C:\\Users\\SINCHINE DAS\\OneDrive\\Desktop\\first\\hospitalMS\\vendor\\laravel\\framework\\src\\Illuminate\\Database\\Connection.php:712)
[stacktrace]
#0 C:\\Users\\SINCHINE DAS\\OneDrive\\Desktop\\first\\hospitalMS\\vendor\\laravel\\framework\\src\\Illuminate\\Database\\Connection.php(672): Illuminate\\Database\\Connection->runQueryCallback('select * from `...', Array, Object(Closure))
#1 C:\\Users\\SINCHINE DAS\\OneDrive\\Desktop\\first\\hospitalMS\\vendor\\laravel\\framework\\src\\Illuminate\\Database\\Connection.php(359): Illuminate\\Database\\Connection->run('select * from `...', Array, Object(Closure))
#2 C:\\Users\\SINCHINE DAS\\OneDrive\\Desktop\\first\\hospitalMS\\vendor\\laravel\\framework\\src\\Illuminate\\Database\\Query\\Builder.php(2413): Illuminate\\Database\\Connection->select('select * from `...', Array, true)
#3 C:\\Users\\SINCHINE DAS\\OneDrive\\Desktop\\first\\hospitalMS\\vendor\\laravel\\framework\\src\\Illuminate\\Database\\Query\\Builder.php(2402): Illuminate\\Database\\Query\\Builder->runSelect()
#4 C:\\Users\\SINCHINE DAS\\OneDrive\\Desktop\\first\\hospitalMS\\vendor\\laravel\\framework\\src\\Illuminate\\Database\\Query\\Builder.php(2936): Illuminate\\Database\\Query\\Builder->Illuminate\\Database\\Query\\{closure}()
#5 C:\\Users\\SINCHINE DAS\\OneDrive\\Desktop\\first\\hospitalMS\\vendor\\laravel\\framework\\src\\Illuminate\\Database\\Query\\Builder.php(2401): Illuminate\\Database\\Query\\Builder->onceWithColumns(Array, Object(Closure))
#6 C:\\Users\\SINCHINE DAS\\OneDrive\\Desktop\\first\\hospitalMS\\vendor\\laravel\\framework\\src\\Illuminate\\Database\\Eloquent\\Builder.php(625): Illuminate\\Database\\Query\\Builder->get(Array)
#7 C:\\Users\\SINCHINE DAS\\OneDrive\\Desktop\\first\\hospitalMS\\vendor\\laravel\\framework\\src\\Illuminate\\Database\\Eloquent\\Builder.php(609): Illuminate\\Database\\Eloquent\\Builder->getModels(Array)
#8 C:\\Users\\SINCHINE DAS\\OneDrive\\Desktop\\first\\hospitalMS\\vendor\\laravel\\framework\\src\\Illuminate\\Database\\Concerns\\BuildsQueries.php(294): Illuminate\\Database\\Eloquent\\Builder->get(Array)
#9 C:\\Users\\SINCHINE DAS\\OneDrive\\Desktop\\first\\hospitalMS\\storage\\framework\\views\\3eb6400fb2ce03f9287d039c54a36dac141ef7a0.php(3): Illuminate\\Database\\Eloquent\\Builder->first()
#10 C:\\Users\\SINCHINE DAS\\OneDrive\\Desktop\\first\\hospitalMS\\vendor\\laravel\\framework\\src\\Illuminate\\Filesystem\\Filesystem.php(107): require('C:\\\\Users\\\\SINCHI...')
#11 C:\\Users\\SINCHINE DAS\\OneDrive\\Desktop\\first\\hospitalMS\\vendor\\laravel\\framework\\src\\Illuminate\\Filesystem\\Filesystem.php(108): Illuminate\\Filesystem\\Filesystem::Illuminate\\Filesystem\\{closure}()
#12 C:\\Users\\SINCHINE DAS\\OneDrive\\Desktop\\first\\hospitalMS\\vendor\\laravel\\framework\\src\\Illuminate\\View\\Engines\\PhpEngine.php(58): Illuminate\\Filesystem\\Filesystem->getRequire('C:\\\\Users\\\\SINCHI...', Array)
#13 C:\\Users\\SINCHINE DAS\\OneDrive\\Desktop\\first\\hospitalMS\\vendor\\livewire\\livewire\\src\\ComponentConcerns\\RendersLivewireComponents.php(69): Illuminate\\View\\Engines\\PhpEngine->evaluatePath('C:\\\\Users\\\\SINCHI...', Array)
#14 C:\\Users\\SINCHINE DAS\\OneDrive\\Desktop\\first\\hospitalMS\\vendor\\laravel\\framework\\src\\Illuminate\\View\\Engines\\CompilerEngine.php(61): Livewire\\CompilerEngineForIgnition->evaluatePath('C:\\\\Users\\\\SINCHI...', Array)
#15 C:\\Users\\SINCHINE DAS\\OneDrive\\Desktop\\first\\hospitalMS\\vendor\\facade\\ignition\\src\\Views\\Engines\\CompilerEngine.php(37): Illuminate\\View\\Engines\\CompilerEngine->get('C:\\\\Users\\\\SINCHI...', Array)
#16 C:\\Users\\SINCHINE DAS\\OneDrive\\Desktop\\first\\hospitalMS\\vendor\\livewire\\livewire\\src\\ComponentConcerns\\RendersLivewireComponents.php(35): Facade\\Ignition\\Views\\Engines\\CompilerEngine->get('C:\\\\Users\\\\SINCHI...', Array)
#17 C:\\Users\\SINCHINE DAS\\OneDrive\\Desktop\\first\\hospitalMS\\vendor\\laravel\\framework\\src\\Illuminate\\View\\View.php(139): Livewire\\CompilerEngineForIgnition->get('C:\\\\Users\\\\SINCHI...', Array)
#18 C:\\Users\\SINCHINE DAS\\OneDrive\\Desktop\\first\\hospitalMS\\vendor\\laravel\\framework\\src\\Illuminate\\View\\View.php(122): Illuminate\\View\\View->getContents()
#19 C:\\Users\\SINCHINE DAS\\OneDrive\\Desktop\\first\\hospitalMS\\vendor\\laravel\\framework\\src\\Illuminate\\View\\View.php(91): Illuminate\\View\\View->renderContents()
#20 C:\\Users\\SINCHINE DAS\\OneDrive\\Desktop\\first\\hospitalMS\\vendor\\laravel\\framework\\src\\Illuminate\\Http\\Response.php(69): Illuminate\\View\\View->render()
#21 C:\\Users\\SINCHINE DAS\\OneDrive\\Desktop\\first\\hospitalMS\\vendor\\laravel\\framework\\src\\Illuminate\\Http\\Response.php(35): Illuminate\\Http\\Response->setContent(Object(Illuminate\\View\\View))
#22 C:\\Users\\SINCHINE DAS\\OneDrive\\Desktop\\first\\hospitalMS\\vendor\\laravel\\framework\\src\\Illuminate\\Routing\\Router.php(820): Illuminate\\Http\\Response->__construct(Object(Illuminate\\View\\View), 200, Array)
#23 C:\\Users\\SINCHINE DAS\\OneDrive\\Desktop\\first\\hospitalMS\\vendor\\laravel\\framework\\src\\Illuminate\\Routing\\Router.php(789): Illuminate\\Routing\\Router::toResponse(Object(Illuminate\\Http\\Request), Object(Illuminate\\View\\View))
#24 C:\\Users\\SINCHINE DAS\\OneDrive\\Desktop\\first\\hospitalMS\\vendor\\laravel\\framework\\src\\Illuminate\\Routing\\Router.php(720): Illuminate\\Routing\\Router->prepareResponse(Object(Illuminate\\Http\\Request), Object(Illuminate\\View\\View))
#25 C:\\Users\\SINCHINE DAS\\OneDrive\\Desktop\\first\\hospitalMS\\vendor\\laravel\\framework\\src\\Illuminate\\Pipeline\\Pipeline.php(128): Illuminate\\Routing\\Router->Illuminate\\Routing\\{closure}(Object(Illuminate\\Http\\Request))
#26 C:\\Users\\SINCHINE DAS\\OneDrive\\Desktop\\first\\hospitalMS\\vendor\\laravel\\framework\\src\\Illuminate\\Routing\\Middleware\\SubstituteBindings.php(50): Illuminate\\Pipeline\\Pipeline->Illuminate\\Pipeline\\{closure}(Object(Illuminate\\Http\\Request))
#27 C:\\Users\\SINCHINE DAS\\OneDrive\\Desktop\\first\\hospitalMS\\vendor\\laravel\\framework\\src\\Illuminate\\Pipeline\\Pipeline.php(167): Illuminate\\Routing\\Middleware\\SubstituteBindings->handle(Object(Illuminate\\Http\\Request), Object(Closure))
#28 C:\\Users\\SINCHINE DAS\\OneDrive\\Desktop\\first\\hospitalMS\\vendor\\laravel\\framework\\src\\Illuminate\\Foundation\\Http\\Middleware\\VerifyCsrfToken.php(78): Illuminate\\Pipeline\\Pipeline->Illuminate\\Pipeline\\{closure}(Object(Illuminate\\Http\\Request))
#29 C:\\Users\\SINCHINE DAS\\OneDrive\\Desktop\\first\\hospitalMS\\vendor\\laravel\\framework\\src\\Illuminate\\Pipeline\\Pipeline.php(167): Illuminate\\Foundation\\Http\\Middleware\\VerifyCsrfToken->handle(Object(Illuminate\\Http\\Request), Object(Closure))
#30 C:\\Users\\SINCHINE DAS\\OneDrive\\Desktop\\first\\hospitalMS\\vendor\\laravel\\framework\\src\\Illuminate\\View\\Middleware\\ShareErrorsFromSession.php(49): Illuminate\\Pipeline\\Pipeline->Illuminate\\Pipeline\\{closure}(Object(Illuminate\\Http\\Request))
#31 C:\\Users\\SINCHINE DAS\\OneDrive\\Desktop\\first\\hospitalMS\\vendor\\laravel\\framework\\src\\Illuminate\\Pipeline\\Pipeline.php(167): Illuminate\\View\\Middleware\\ShareErrorsFromSession->handle(Object(Illuminate\\Http\\Request), Object(Closure))
#32 C:\\Users\\SINCHINE DAS\\OneDrive\\Desktop\\first\\hospitalMS\\vendor\\laravel\\framework\\src\\Illuminate\\Session\\Middleware\\StartSession.php(121): Illuminate\\Pipeline\\Pipeline->Illuminate\\Pipeline\\{closure}(Object(Illuminate\\Http\\Request))
#33 C:\\Users\\SINCHINE DAS\\OneDrive\\Desktop\\first\\hospitalMS\\vendor\\laravel\\framework\\src\\Illuminate\\Session\\Middleware\\StartSession.php(64): Illuminate\\Session\\Middleware\\StartSession->handleStatefulRequest(Object(Illuminate\\Http\\Request), Object(Illuminate\\Session\\Store), Object(Closure))
#34 C:\\Users\\SINCHINE DAS\\OneDrive\\Desktop\\first\\hospitalMS\\vendor\\laravel\\framework\\src\\Illuminate\\Pipeline\\Pipeline.php(167): Illuminate\\Session\\Middleware\\StartSession->handle(Object(Illuminate\\Http\\Request), Object(Closure))
#35 C:\\Users\\SINCHINE DAS\\OneDrive\\Desktop\\first\\hospitalMS\\vendor\\laravel\\framework\\src\\Illuminate\\Cookie\\Middleware\\AddQueuedCookiesToResponse.php(37): Illuminate\\Pipeline\\Pipeline->Illuminate\\Pipeline\\{closure}(Object(Illuminate\\Http\\Request))
#36 C:\\Users\\SINCHINE DAS\\OneDrive\\Desktop\\first\\hospitalMS\\vendor\\laravel\\framework\\src\\Illuminate\\Pipeline\\Pipeline.php(167): Illuminate\\Cookie\\Middleware\\AddQueuedCookiesToResponse->handle(Object(Illuminate\\Http\\Request), Object(Closure))
#37 C:\\Users\\SINCHINE DAS\\OneDrive\\Desktop\\first\\hospitalMS\\vendor\\laravel\\framework\\src\\Illuminate\\Cookie\\Middleware\\EncryptCookies.php(67): Illuminate\\Pipeline\\Pipeline->Illuminate\\Pipeline\\{closure}(Object(Illuminate\\Http\\Request))
#38 C:\\Users\\SINCHINE DAS\\OneDrive\\Desktop\\first\\hospitalMS\\vendor\\laravel\\framework\\src\\Illuminate\\Pipeline\\Pipeline.php(167): Illuminate\\Cookie\\Middleware\\EncryptCookies->handle(Object(Illuminate\\Http\\Request), Object(Closure))
#39 C:\\Users\\SINCHINE DAS\\OneDrive\\Desktop\\first\\hospitalMS\\vendor\\laravel\\framework\\src\\Illuminate\\Pipeline\\Pipeline.php(103): Illuminate\\Pipeline\\Pipeline->Illuminate\\Pipeline\\{closure}(Object(Illuminate\\Http\\Request))
#40 C:\\Users\\SINCHINE DAS\\OneDrive\\Desktop\\first\\hospitalMS\\vendor\\laravel\\framework\\src\\Illuminate\\Routing\\Router.php(719): Illuminate\\Pipeline\\Pipeline->then(Object(Closure))
#41 C:\\Users\\SINCHINE DAS\\OneDrive\\Desktop\\first\\hospitalMS\\vendor\\laravel\\framework\\src\\Illuminate\\Routing\\Router.php(698): Illuminate\\Routing\\Router->runRouteWithinStack(Object(Illuminate\\Routing\\Route), Object(Illuminate\\Http\\Request))
#42 C:\\Users\\SINCHINE DAS\\OneDrive\\Desktop\\first\\hospitalMS\\vendor\\laravel\\framework\\src\\Illuminate\\Routing\\Router.php(662): Illuminate\\Routing\\Router->runRoute(Object(Illuminate\\Http\\Request), Object(Illuminate\\Routing\\Route))
#43 C:\\Users\\SINCHINE DAS\\OneDrive\\Desktop\\first\\hospitalMS\\vendor\\laravel\\framework\\src\\Illuminate\\Routing\\Router.php(651): Illuminate\\Routing\\Router->dispatchToRoute(Object(Illuminate\\Http\\Request))
#44 C:\\Users\\SINCHINE DAS\\OneDrive\\Desktop\\first\\hospitalMS\\vendor\\laravel\\framework\\src\\Illuminate\\Foundation\\Http\\Kernel.php(167): Illuminate\\Routing\\Router->dispatch(Object(Illuminate\\Http\\Request))
#45 C:\\Users\\SINCHINE DAS\\OneDrive\\Desktop\\first\\hospitalMS\\vendor\\laravel\\framework\\src\\Illuminate\\Pipeline\\Pipeline.php(128): Illuminate\\Foundation\\Http\\Kernel->Illuminate\\Foundation\\Http\\{closure}(Object(Illuminate\\Http\\Request))
#46 C:\\Users\\SINCHINE DAS\\OneDrive\\Desktop\\first\\hospitalMS\\vendor\\livewire\\livewire\\src\\DisableBrowserCache.php(19): Illuminate\\Pipeline\\Pipeline->Illuminate\\Pipeline\\{closure}(Object(Illuminate\\Http\\Request))
#47 C:\\Users\\SINCHINE DAS\\OneDrive\\Desktop\\first\\hospitalMS\\vendor\\laravel\\framework\\src\\Illuminate\\Pipeline\\Pipeline.php(167): Livewire\\DisableBrowserCache->handle(Object(Illuminate\\Http\\Request), Object(Closure))
#48 C:\\Users\\SINCHINE DAS\\OneDrive\\Desktop\\first\\hospitalMS\\vendor\\laravel\\framework\\src\\Illuminate\\Foundation\\Http\\Middleware\\TransformsRequest.php(21): Illuminate\\Pipeline\\Pipeline->Illuminate\\Pipeline\\{closure}(Object(Illuminate\\Http\\Request))
#49 C:\\Users\\SINCHINE DAS\\OneDrive\\Desktop\\first\\hospitalMS\\vendor\\laravel\\framework\\src\\Illuminate\\Foundation\\Http\\Middleware\\ConvertEmptyStringsToNull.php(31): Illuminate\\Foundation\\Http\\Middleware\\TransformsRequest->handle(Object(Illuminate\\Http\\Request), Object(Closure))
#50 C:\\Users\\SINCHINE DAS\\OneDrive\\Desktop\\first\\hospitalMS\\vendor\\laravel\\framework\\src\\Illuminate\\Pipeline\\Pipeline.php(167): Illuminate\\Foundation\\Http\\Middleware\\ConvertEmptyStringsToNull->handle(Object(Illuminate\\Http\\Request), Object(Closure))
#51 C:\\Users\\SINCHINE DAS\\OneDrive\\Desktop\\first\\hospitalMS\\vendor\\laravel\\framework\\src\\Illuminate\\Foundation\\Http\\Middleware\\TransformsRequest.php(21): Illuminate\\Pipeline\\Pipeline->Illuminate\\Pipeline\\{closure}(Object(Illuminate\\Http\\Request))
#52 C:\\Users\\SINCHINE DAS\\OneDrive\\Desktop\\first\\hospitalMS\\vendor\\laravel\\framework\\src\\Illuminate\\Foundation\\Http\\Middleware\\TrimStrings.php(40): Illuminate\\Foundation\\Http\\Middleware\\TransformsRequest->handle(Object(Illuminate\\Http\\Request), Object(Closure))
#53 C:\\Users\\SINCHINE DAS\\OneDrive\\Desktop\\first\\hospitalMS\\vendor\\laravel\\framework\\src\\Illuminate\\Pipeline\\Pipeline.php(167): Illuminate\\Foundation\\Http\\Middleware\\TrimStrings->handle(Object(Illuminate\\Http\\Request), Object(Closure))
#54 C:\\Users\\SINCHINE DAS\\OneDrive\\Desktop\\first\\hospitalMS\\vendor\\laravel\\framework\\src\\Illuminate\\Foundation\\Http\\Middleware\\ValidatePostSize.php(27): Illuminate\\Pipeline\\Pipeline->Illuminate\\Pipeline\\{closure}(Object(Illuminate\\Http\\Request))
#55 C:\\Users\\SINCHINE DAS\\OneDrive\\Desktop\\first\\hospitalMS\\vendor\\laravel\\framework\\src\\Illuminate\\Pipeline\\Pipeline.php(167): Illuminate\\Foundation\\Http\\Middleware\\ValidatePostSize->handle(Object(Illuminate\\Http\\Request), Object(Closure))
#56 C:\\Users\\SINCHINE DAS\\OneDrive\\Desktop\\first\\hospitalMS\\vendor\\laravel\\framework\\src\\Illuminate\\Foundation\\Http\\Middleware\\PreventRequestsDuringMaintenance.php(86): Illuminate\\Pipeline\\Pipeline->Illuminate\\Pipeline\\{closure}(Object(Illuminate\\Http\\Request))
#57 C:\\Users\\SINCHINE DAS\\OneDrive\\Desktop\\first\\hospitalMS\\vendor\\laravel\\framework\\src\\Illuminate\\Pipeline\\Pipeline.php(167): Illuminate\\Foundation\\Http\\Middleware\\PreventRequestsDuringMaintenance->handle(Object(Illuminate\\Http\\Request), Object(Closure))
#58 C:\\Users\\SINCHINE DAS\\OneDrive\\Desktop\\first\\hospitalMS\\vendor\\fruitcake\\laravel-cors\\src\\HandleCors.php(38): Illuminate\\Pipeline\\Pipeline->Illuminate\\Pipeline\\{closure}(Object(Illuminate\\Http\\Request))
#59 C:\\Users\\SINCHINE DAS\\OneDrive\\Desktop\\first\\hospitalMS\\vendor\\laravel\\framework\\src\\Illuminate\\Pipeline\\Pipeline.php(167): Fruitcake\\Cors\\HandleCors->handle(Object(Illuminate\\Http\\Request), Object(Closure))
#60 C:\\Users\\SINCHINE DAS\\OneDrive\\Desktop\\first\\hospitalMS\\vendor\\fideloper\\proxy\\src\\TrustProxies.php(57): Illuminate\\Pipeline\\Pipeline->Illuminate\\Pipeline\\{closure}(Object(Illuminate\\Http\\Request))
#61 C:\\Users\\SINCHINE DAS\\OneDrive\\Desktop\\first\\hospitalMS\\vendor\\laravel\\framework\\src\\Illuminate\\Pipeline\\Pipeline.php(167): Fideloper\\Proxy\\TrustProxies->handle(Object(Illuminate\\Http\\Request), Object(Closure))
#62 C:\\Users\\SINCHINE DAS\\OneDrive\\Desktop\\first\\hospitalMS\\vendor\\laravel\\framework\\src\\Illuminate\\Pipeline\\Pipeline.php(103): Illuminate\\Pipeline\\Pipeline->Illuminate\\Pipeline\\{closure}(Object(Illuminate\\Http\\Request))
#63 C:\\Users\\SINCHINE DAS\\OneDrive\\Desktop\\first\\hospitalMS\\vendor\\laravel\\framework\\src\\Illuminate\\Foundation\\Http\\Kernel.php(142): Illuminate\\Pipeline\\Pipeline->then(Object(Closure))
#64 C:\\Users\\SINCHINE DAS\\OneDrive\\Desktop\\first\\hospitalMS\\vendor\\laravel\\framework\\src\\Illuminate\\Foundation\\Http\\Kernel.php(111): Illuminate\\Foundation\\Http\\Kernel->sendRequestThroughRouter(Object(Illuminate\\Http\\Request))
#65 C:\\Users\\SINCHINE DAS\\OneDrive\\Desktop\\first\\hospitalMS\\public\\index.php(51): Illuminate\\Foundation\\Http\\Kernel->handle(Object(Illuminate\\Http\\Request))
#66 C:\\Users\\SINCHINE DAS\\OneDrive\\Desktop\\first\\hospitalMS\\server.php(21): require_once('C:\\\\Users\\\\SINCHI...')
#67 {main}

[previous exception] [object] (PDOException(code: 2002): SQLSTATE[HY000] [2002] No connection could be made because the target machine actively refused it at C:\\Users\\SINCHINE DAS\\OneDrive\\Desktop\\first\\hospitalMS\\vendor\\laravel\\framework\\src\\Illuminate\\Database\\Connectors\\Connector.php:70)
[stacktrace]
#0 C:\\Users\\SINCHINE DAS\\OneDrive\\Desktop\\first\\hospitalMS\\vendor\\laravel\\framework\\src\\Illuminate\\Database\\Connectors\\Connector.php(70): PDO->__construct('mysql:host=127....', 'root', Object(SensitiveParameterValue), Array)
#1 C:\\Users\\SINCHINE DAS\\OneDrive\\Desktop\\first\\hospitalMS\\vendor\\laravel\\framework\\src\\Illuminate\\Database\\Connectors\\Connector.php(45): Illuminate\\Database\\Connectors\\Connector->createPdoConnection('mysql:host=127....', 'root', '', Array)
#2 C:\\Users\\SINCHINE DAS\\OneDrive\\Desktop\\first\\hospitalMS\\vendor\\laravel\\framework\\src\\Illuminate\\Database\\Connectors\\MySqlConnector.php(24): Illuminate\\Database\\Connectors\\Connector->createConnection('mysql:host=127....', Array, Array)
#3 C:\\Users\\SINCHINE DAS\\OneDrive\\Desktop\\first\\hospitalMS\\vendor\\laravel\\framework\\src\\Illuminate\\Database\\Connectors\\ConnectionFactory.php(184): Illuminate\\Database\\Connectors\\MySqlConnector->connect(Array)
#4 [internal function]: Illuminate\\Database\\Connectors\\ConnectionFactory->Illuminate\\Database\\Connectors\\{closure}()
#5 C:\\Users\\SINCHINE DAS\\OneDrive\\Desktop\\first\\hospitalMS\\vendor\\laravel\\framework\\src\\Illuminate\\Database\\Connection.php(1064): call_user_func(Object(Closure))
#6 C:\\Users\\SINCHINE DAS\\OneDrive\\Desktop\\first\\hospitalMS\\vendor\\laravel\\framework\\src\\Illuminate\\Database\\Connection.php(1100): Illuminate\\Database\\Connection->getPdo()
#7 C:\\Users\\SINCHINE DAS\\OneDrive\\Desktop\\first\\hospitalMS\\vendor\\laravel\\framework\\src\\Illuminate\\Database\\Connection.php(442): Illuminate\\Database\\Connection->getReadPdo()
#8 C:\\Users\\SINCHINE DAS\\OneDrive\\Desktop\\first\\hospitalMS\\vendor\\laravel\\framework\\src\\Illuminate\\Database\\Connection.php(368): Illuminate\\Database\\Connection->getPdoForSelect(true)
#9 C:\\Users\\SINCHINE DAS\\OneDrive\\Desktop\\first\\hospitalMS\\vendor\\laravel\\framework\\src\\Illuminate\\Database\\Connection.php(705): Illuminate\\Database\\Connection->Illuminate\\Database\\{closure}('select * from `...', Array)
#10 C:\\Users\\SINCHINE DAS\\OneDrive\\Desktop\\first\\hospitalMS\\vendor\\laravel\\framework\\src\\Illuminate\\Database\\Connection.php(672): Illuminate\\Database\\Connection->runQueryCallback('select * from `...', Array, Object(Closure))
#11 C:\\Users\\SINCHINE DAS\\OneDrive\\Desktop\\first\\hospitalMS\\vendor\\laravel\\framework\\src\\Illuminate\\Database\\Connection.php(359): Illuminate\\Database\\Connection->run('select * from `...', Array, Object(Closure))
#12 C:\\Users\\SINCHINE DAS\\OneDrive\\Desktop\\first\\hospitalMS\\vendor\\laravel\\framework\\src\\Illuminate\\Database\\Query\\Builder.php(2413): Illuminate\\Database\\Connection->select('select * from `...', Array, true)
#13 C:\\Users\\SINCHINE DAS\\OneDrive\\Desktop\\first\\hospitalMS\\vendor\\laravel\\framework\\src\\Illuminate\\Database\\Query\\Builder.php(2402): Illuminate\\Database\\Query\\Builder->runSelect()
#14 C:\\Users\\SINCHINE DAS\\OneDrive\\Desktop\\first\\hospitalMS\\vendor\\laravel\\framework\\src\\Illuminate\\Database\\Query\\Builder.php(2936): Illuminate\\Database\\Query\\Builder->Illuminate\\Database\\Query\\{closure}()
#15 C:\\Users\\SINCHINE DAS\\OneDrive\\Desktop\\first\\hospitalMS\\vendor\\laravel\\framework\\src\\Illuminate\\Database\\Query\\Builder.php(2401): Illuminate\\Database\\Query\\Builder->onceWithColumns(Array, Object(Closure))
#16 C:\\Users\\SINCHINE DAS\\OneDrive\\Desktop\\first\\hospitalMS\\vendor\\laravel\\framework\\src\\Illuminate\\Database\\Eloquent\\Builder.php(625): Illuminate\\Database\\Query\\Builder->get(Array)
#17 C:\\Users\\SINCHINE DAS\\OneDrive\\Desktop\\first\\hospitalMS\\vendor\\laravel\\framework\\src\\Illuminate\\Database\\Eloquent\\Builder.php(609): Illuminate\\Database\\Eloquent\\Builder->getModels(Array)
#18 C:\\Users\\SINCHINE DAS\\OneDrive\\Desktop\\first\\hospitalMS\\vendor\\laravel\\framework\\src\\Illuminate\\Database\\Concerns\\BuildsQueries.php(294): Illuminate\\Database\\Eloquent\\Builder->get(Array)
#19 C:\\Users\\SINCHINE DAS\\OneDrive\\Desktop\\first\\hospitalMS\\storage\\framework\\views\\3eb6400fb2ce03f9287d039c54a36dac141ef7a0.php(3): Illuminate\\Database\\Eloquent\\Builder->first()
#20 C:\\Users\\SINCHINE DAS\\OneDrive\\Desktop\\first\\hospitalMS\\vendor\\laravel\\framework\\src\\Illuminate\\Filesystem\\Filesystem.php(107): require('C:\\\\Users\\\\SINCHI...')
#21 C:\\Users\\SINCHINE DAS\\OneDrive\\Desktop\\first\\hospitalMS\\vendor\\laravel\\framework\\src\\Illuminate\\Filesystem\\Filesystem.php(108): Illuminate\\Filesystem\\Filesystem::Illuminate\\Filesystem\\{closure}()
#22 C:\\Users\\SINCHINE DAS\\OneDrive\\Desktop\\first\\hospitalMS\\vendor\\laravel\\framework\\src\\Illuminate\\View\\Engines\\PhpEngine.php(58): Illuminate\\Filesystem\\Filesystem->getRequire('C:\\\\Users\\\\SINCHI...', Array)
#23 C:\\Users\\SINCHINE DAS\\OneDrive\\Desktop\\first\\hospitalMS\\vendor\\livewire\\livewire\\src\\ComponentConcerns\\RendersLivewireComponents.php(69): Illuminate\\View\\Engines\\PhpEngine->evaluatePath('C:\\\\Users\\\\SINCHI...', Array)
#24 C:\\Users\\SINCHINE DAS\\OneDrive\\Desktop\\first\\hospitalMS\\vendor\\laravel\\framework\\src\\Illuminate\\View\\Engines\\CompilerEngine.php(61): Livewire\\CompilerEngineForIgnition->evaluatePath('C:\\\\Users\\\\SINCHI...', Array)
#25 C:\\Users\\SINCHINE DAS\\OneDrive\\Desktop\\first\\hospitalMS\\vendor\\facade\\ignition\\src\\Views\\Engines\\CompilerEngine.php(37): Illuminate\\View\\Engines\\CompilerEngine->get('C:\\\\Users\\\\SINCHI...', Array)
#26 C:\\Users\\SINCHINE DAS\\OneDrive\\Desktop\\first\\hospitalMS\\vendor\\livewire\\livewire\\src\\ComponentConcerns\\RendersLivewireComponents.php(35): Facade\\Ignition\\Views\\Engines\\CompilerEngine->get('C:\\\\Users\\\\SINCHI...', Array)
#27 C:\\Users\\SINCHINE DAS\\OneDrive\\Desktop\\first\\hospitalMS\\vendor\\laravel\\framework\\src\\Illuminate\\View\\View.php(139): Livewire\\CompilerEngineForIgnition->get('C:\\\\Users\\\\SINCHI...', Array)
#28 C:\\Users\\SINCHINE DAS\\OneDrive\\Desktop\\first\\hospitalMS\\vendor\\laravel\\framework\\src\\Illuminate\\View\\View.php(122): Illuminate\\View\\View->getContents()
#29 C:\\Users\\SINCHINE DAS\\OneDrive\\Desktop\\first\\hospitalMS\\vendor\\laravel\\framework\\src\\Illuminate\\View\\View.php(91): Illuminate\\View\\View->renderContents()
#30 C:\\Users\\SINCHINE DAS\\OneDrive\\Desktop\\first\\hospitalMS\\vendor\\laravel\\framework\\src\\Illuminate\\Http\\Response.php(69): Illuminate\\View\\View->render()
#31 C:\\Users\\SINCHINE DAS\\OneDrive\\Desktop\\first\\hospitalMS\\vendor\\laravel\\framework\\src\\Illuminate\\Http\\Response.php(35): Illuminate\\Http\\Response->setContent(Object(Illuminate\\View\\View))
#32 C:\\Users\\SINCHINE DAS\\OneDrive\\Desktop\\first\\hospitalMS\\vendor\\laravel\\framework\\src\\Illuminate\\Routing\\Router.php(820): Illuminate\\Http\\Response->__construct(Object(Illuminate\\View\\View), 200, Array)
#33 C:\\Users\\SINCHINE DAS\\OneDrive\\Desktop\\first\\hospitalMS\\vendor\\laravel\\framework\\src\\Illuminate\\Routing\\Router.php(789): Illuminate\\Routing\\Router::toResponse(Object(Illuminate\\Http\\Request), Object(Illuminate\\View\\View))
#34 C:\\Users\\SINCHINE DAS\\OneDrive\\Desktop\\first\\hospitalMS\\vendor\\laravel\\framework\\src\\Illuminate\\Routing\\Router.php(720): Illuminate\\Routing\\Router->prepareResponse(Object(Illuminate\\Http\\Request), Object(Illuminate\\View\\View))
#35 C:\\Users\\SINCHINE DAS\\OneDrive\\Desktop\\first\\hospitalMS\\vendor\\laravel\\framework\\src\\Illuminate\\Pipeline\\Pipeline.php(128): Illuminate\\Routing\\Router->Illuminate\\Routing\\{closure}(Object(Illuminate\\Http\\Request))
#36 C:\\Users\\SINCHINE DAS\\OneDrive\\Desktop\\first\\hospitalMS\\vendor\\laravel\\framework\\src\\Illuminate\\Routing\\Middleware\\SubstituteBindings.php(50): Illuminate\\Pipeline\\Pipeline->Illuminate\\Pipeline\\{closure}(Object(Illuminate\\Http\\Request))
#37 C:\\Users\\SINCHINE DAS\\OneDrive\\Desktop\\first\\hospitalMS\\vendor\\laravel\\framework\\src\\Illuminate\\Pipeline\\Pipeline.php(167): Illuminate\\Routing\\Middleware\\SubstituteBindings->handle(Object(Illuminate\\Http\\Request), Object(Closure))
#38 C:\\Users\\SINCHINE DAS\\OneDrive\\Desktop\\first\\hospitalMS\\vendor\\laravel\\framework\\src\\Illuminate\\Foundation\\Http\\Middleware\\VerifyCsrfToken.php(78): Illuminate\\Pipeline\\Pipeline->Illuminate\\Pipeline\\{closure}(Object(Illuminate\\Http\\Request))
#39 C:\\Users\\SINCHINE DAS\\OneDrive\\Desktop\\first\\hospitalMS\\vendor\\laravel\\framework\\src\\Illuminate\\Pipeline\\Pipeline.php(167): Illuminate\\Foundation\\Http\\Middleware\\VerifyCsrfToken->handle(Object(Illuminate\\Http\\Request), Object(Closure))
#40 C:\\Users\\SINCHINE DAS\\OneDrive\\Desktop\\first\\hospitalMS\\vendor\\laravel\\framework\\src\\Illuminate\\View\\Middleware\\ShareErrorsFromSession.php(49): Illuminate\\Pipeline\\Pipeline->Illuminate\\Pipeline\\{closure}(Object(Illuminate\\Http\\Request))
#41 C:\\Users\\SINCHINE DAS\\OneDrive\\Desktop\\first\\hospitalMS\\vendor\\laravel\\framework\\src\\Illuminate\\Pipeline\\Pipeline.php(167): Illuminate\\View\\Middleware\\ShareErrorsFromSession->handle(Object(Illuminate\\Http\\Request), Object(Closure))
#42 C:\\Users\\SINCHINE DAS\\OneDrive\\Desktop\\first\\hospitalMS\\vendor\\laravel\\framework\\src\\Illuminate\\Session\\Middleware\\StartSession.php(121): Illuminate\\Pipeline\\Pipeline->Illuminate\\Pipeline\\{closure}(Object(Illuminate\\Http\\Request))
#43 C:\\Users\\SINCHINE DAS\\OneDrive\\Desktop\\first\\hospitalMS\\vendor\\laravel\\framework\\src\\Illuminate\\Session\\Middleware\\StartSession.php(64): Illuminate\\Session\\Middleware\\StartSession->handleStatefulRequest(Object(Illuminate\\Http\\Request), Object(Illuminate\\Session\\Store), Object(Closure))
#44 C:\\Users\\SINCHINE DAS\\OneDrive\\Desktop\\first\\hospitalMS\\vendor\\laravel\\framework\\src\\Illuminate\\Pipeline\\Pipeline.php(167): Illuminate\\Session\\Middleware\\StartSession->handle(Object(Illuminate\\Http\\Request), Object(Closure))
#45 C:\\Users\\SINCHINE DAS\\OneDrive\\Desktop\\first\\hospitalMS\\vendor\\laravel\\framework\\src\\Illuminate\\Cookie\\Middleware\\AddQueuedCookiesToResponse.php(37): Illuminate\\Pipeline\\Pipeline->Illuminate\\Pipeline\\{closure}(Object(Illuminate\\Http\\Request))
#46 C:\\Users\\SINCHINE DAS\\OneDrive\\Desktop\\first\\hospitalMS\\vendor\\laravel\\framework\\src\\Illuminate\\Pipeline\\Pipeline.php(167): Illuminate\\Cookie\\Middleware\\AddQueuedCookiesToResponse->handle(Object(Illuminate\\Http\\Request), Object(Closure))
#47 C:\\Users\\SINCHINE DAS\\OneDrive\\Desktop\\first\\hospitalMS\\vendor\\laravel\\framework\\src\\Illuminate\\Cookie\\Middleware\\EncryptCookies.php(67): Illuminate\\Pipeline\\Pipeline->Illuminate\\Pipeline\\{closure}(Object(Illuminate\\Http\\Request))
#48 C:\\Users\\SINCHINE DAS\\OneDrive\\Desktop\\first\\hospitalMS\\vendor\\laravel\\framework\\src\\Illuminate\\Pipeline\\Pipeline.php(167): Illuminate\\Cookie\\Middleware\\EncryptCookies->handle(Object(Illuminate\\Http\\Request), Object(Closure))
#49 C:\\Users\\SINCHINE DAS\\OneDrive\\Desktop\\first\\hospitalMS\\vendor\\laravel\\framework\\src\\Illuminate\\Pipeline\\Pipeline.php(103): Illuminate\\Pipeline\\Pipeline->Illuminate\\Pipeline\\{closure}(Object(Illuminate\\Http\\Request))
#50 C:\\Users\\SINCHINE DAS\\OneDrive\\Desktop\\first\\hospitalMS\\vendor\\laravel\\framework\\src\\Illuminate\\Routing\\Router.php(719): Illuminate\\Pipeline\\Pipeline->then(Object(Closure))
#51 C:\\Users\\SINCHINE DAS\\OneDrive\\Desktop\\first\\hospitalMS\\vendor\\laravel\\framework\\src\\Illuminate\\Routing\\Router.php(698): Illuminate\\Routing\\Router->runRouteWithinStack(Object(Illuminate\\Routing\\Route), Object(Illuminate\\Http\\Request))
#52 C:\\Users\\SINCHINE DAS\\OneDrive\\Desktop\\first\\hospitalMS\\vendor\\laravel\\framework\\src\\Illuminate\\Routing\\Router.php(662): Illuminate\\Routing\\Router->runRoute(Object(Illuminate\\Http\\Request), Object(Illuminate\\Routing\\Route))
#53 C:\\Users\\SINCHINE DAS\\OneDrive\\Desktop\\first\\hospitalMS\\vendor\\laravel\\framework\\src\\Illuminate\\Routing\\Router.php(651): Illuminate\\Routing\\Router->dispatchToRoute(Object(Illuminate\\Http\\Request))
#54 C:\\Users\\SINCHINE DAS\\OneDrive\\Desktop\\first\\hospitalMS\\vendor\\laravel\\framework\\src\\Illuminate\\Foundation\\Http\\Kernel.php(167): Illuminate\\Routing\\Router->dispatch(Object(Illuminate\\Http\\Request))
#55 C:\\Users\\SINCHINE DAS\\OneDrive\\Desktop\\first\\hospitalMS\\vendor\\laravel\\framework\\src\\Illuminate\\Pipeline\\Pipeline.php(128): Illuminate\\Foundation\\Http\\Kernel->Illuminate\\Foundation\\Http\\{closure}(Object(Illuminate\\Http\\Request))
#56 C:\\Users\\SINCHINE DAS\\OneDrive\\Desktop\\first\\hospitalMS\\vendor\\livewire\\livewire\\src\\DisableBrowserCache.php(19): Illuminate\\Pipeline\\Pipeline->Illuminate\\Pipeline\\{closure}(Object(Illuminate\\Http\\Request))
#57 C:\\Users\\SINCHINE DAS\\OneDrive\\Desktop\\first\\hospitalMS\\vendor\\laravel\\framework\\src\\Illuminate\\Pipeline\\Pipeline.php(167): Livewire\\DisableBrowserCache->handle(Object(Illuminate\\Http\\Request), Object(Closure))
#58 C:\\Users\\SINCHINE DAS\\OneDrive\\Desktop\\first\\hospitalMS\\vendor\\laravel\\framework\\src\\Illuminate\\Foundation\\Http\\Middleware\\TransformsRequest.php(21): Illuminate\\Pipeline\\Pipeline->Illuminate\\Pipeline\\{closure}(Object(Illuminate\\Http\\Request))
#59 C:\\Users\\SINCHINE DAS\\OneDrive\\Desktop\\first\\hospitalMS\\vendor\\laravel\\framework\\src\\Illuminate\\Foundation\\Http\\Middleware\\ConvertEmptyStringsToNull.php(31): Illuminate\\Foundation\\Http\\Middleware\\TransformsRequest->handle(Object(Illuminate\\Http\\Request), Object(Closure))
#60 C:\\Users\\SINCHINE DAS\\OneDrive\\Desktop\\first\\hospitalMS\\vendor\\laravel\\framework\\src\\Illuminate\\Pipeline\\Pipeline.php(167): Illuminate\\Foundation\\Http\\Middleware\\ConvertEmptyStringsToNull->handle(Object(Illuminate\\Http\\Request), Object(Closure))
#61 C:\\Users\\SINCHINE DAS\\OneDrive\\Desktop\\first\\hospitalMS\\vendor\\laravel\\framework\\src\\Illuminate\\Foundation\\Http\\Middleware\\TransformsRequest.php(21): Illuminate\\Pipeline\\Pipeline->Illuminate\\Pipeline\\{closure}(Object(Illuminate\\Http\\Request))
#62 C:\\Users\\SINCHINE DAS\\OneDrive\\Desktop\\first\\hospitalMS\\vendor\\laravel\\framework\\src\\Illuminate\\Foundation\\Http\\Middleware\\TrimStrings.php(40): Illuminate\\Foundation\\Http\\Middleware\\TransformsRequest->handle(Object(Illuminate\\Http\\Request), Object(Closure))
#63 C:\\Users\\SINCHINE DAS\\OneDrive\\Desktop\\first\\hospitalMS\\vendor\\laravel\\framework\\src\\Illuminate\\Pipeline\\Pipeline.php(167): Illuminate\\Foundation\\Http\\Middleware\\TrimStrings->handle(Object(Illuminate\\Http\\Request), Object(Closure))
#64 C:\\Users\\SINCHINE DAS\\OneDrive\\Desktop\\first\\hospitalMS\\vendor\\laravel\\framework\\src\\Illuminate\\Foundation\\Http\\Middleware\\ValidatePostSize.php(27): Illuminate\\Pipeline\\Pipeline->Illuminate\\Pipeline\\{closure}(Object(Illuminate\\Http\\Request))
#65 C:\\Users\\SINCHINE DAS\\OneDrive\\Desktop\\first\\hospitalMS\\vendor\\laravel\\framework\\src\\Illuminate\\Pipeline\\Pipeline.php(167): Illuminate\\Foundation\\Http\\Middleware\\ValidatePostSize->handle(Object(Illuminate\\Http\\Request), Object(Closure))
#66 C:\\Users\\SINCHINE DAS\\OneDrive\\Desktop\\first\\hospitalMS\\vendor\\laravel\\framework\\src\\Illuminate\\Foundation\\Http\\Middleware\\PreventRequestsDuringMaintenance.php(86): Illuminate\\Pipeline\\Pipeline->Illuminate\\Pipeline\\{closure}(Object(Illuminate\\Http\\Request))
#67 C:\\Users\\SINCHINE DAS\\OneDrive\\Desktop\\first\\hospitalMS\\vendor\\laravel\\framework\\src\\Illuminate\\Pipeline\\Pipeline.php(167): Illuminate\\Foundation\\Http\\Middleware\\PreventRequestsDuringMaintenance->handle(Object(Illuminate\\Http\\Request), Object(Closure))
#68 C:\\Users\\SINCHINE DAS\\OneDrive\\Desktop\\first\\hospitalMS\\vendor\\fruitcake\\laravel-cors\\src\\HandleCors.php(38): Illuminate\\Pipeline\\Pipeline->Illuminate\\Pipeline\\{closure}(Object(Illuminate\\Http\\Request))
#69 C:\\Users\\SINCHINE DAS\\OneDrive\\Desktop\\first\\hospitalMS\\vendor\\laravel\\framework\\src\\Illuminate\\Pipeline\\Pipeline.php(167): Fruitcake\\Cors\\HandleCors->handle(Object(Illuminate\\Http\\Request), Object(Closure))
#70 C:\\Users\\SINCHINE DAS\\OneDrive\\Desktop\\first\\hospitalMS\\vendor\\fideloper\\proxy\\src\\TrustProxies.php(57): Illuminate\\Pipeline\\Pipeline->Illuminate\\Pipeline\\{closure}(Object(Illuminate\\Http\\Request))
#71 C:\\Users\\SINCHINE DAS\\OneDrive\\Desktop\\first\\hospitalMS\\vendor\\laravel\\framework\\src\\Illuminate\\Pipeline\\Pipeline.php(167): Fideloper\\Proxy\\TrustProxies->handle(Object(Illuminate\\Http\\Request), Object(Closure))
#72 C:\\Users\\SINCHINE DAS\\OneDrive\\Desktop\\first\\hospitalMS\\vendor\\laravel\\framework\\src\\Illuminate\\Pipeline\\Pipeline.php(103): Illuminate\\Pipeline\\Pipeline->Illuminate\\Pipeline\\{closure}(Object(Illuminate\\Http\\Request))
#73 C:\\Users\\SINCHINE DAS\\OneDrive\\Desktop\\first\\hospitalMS\\vendor\\laravel\\framework\\src\\Illuminate\\Foundation\\Http\\Kernel.php(142): Illuminate\\Pipeline\\Pipeline->then(Object(Closure))
#74 C:\\Users\\SINCHINE DAS\\OneDrive\\Desktop\\first\\hospitalMS\\vendor\\laravel\\framework\\src\\Illuminate\\Foundation\\Http\\Kernel.php(111): Illuminate\\Foundation\\Http\\Kernel->sendRequestThroughRouter(Object(Illuminate\\Http\\Request))
#75 C:\\Users\\SINCHINE DAS\\OneDrive\\Desktop\\first\\hospitalMS\\public\\index.php(51): Illuminate\\Foundation\\Http\\Kernel->handle(Object(Illuminate\\Http\\Request))
#76 C:\\Users\\SINCHINE DAS\\OneDrive\\Desktop\\first\\hospitalMS\\server.php(21): require_once('C:\\\\Users\\\\SINCHI...')
#77 {main}
"} 
[2025-04-30 03:42:28] local.ERROR: SQLSTATE[HY000] [2002] No connection could be made because the target machine actively refused it (SQL: select * from `settings` where `settings`.`deleted_at` is null order by `created_at` desc limit 1) (View: C:\Users\SINCHINE DAS\OneDrive\Desktop\first\hospitalMS\resources\views\index.blade.php) {"view":{"view":"C:\\Users\\SINCHINE DAS\\OneDrive\\Desktop\\first\\hospitalMS\\vendor\\laravel\\framework\\src\\Illuminate\\Database\\Connection.php","data":[]},"exception":"[object] (Facade\\Ignition\\Exceptions\\ViewException(code: 0): SQLSTATE[HY000] [2002] No connection could be made because the target machine actively refused it (SQL: select * from `settings` where `settings`.`deleted_at` is null order by `created_at` desc limit 1) (View: C:\\Users\\SINCHINE DAS\\OneDrive\\Desktop\\first\\hospitalMS\\resources\\views\\index.blade.php) at C:\\Users\\SINCHINE DAS\\OneDrive\\Desktop\\first\\hospitalMS\\vendor\\laravel\\framework\\src\\Illuminate\\Database\\Connection.php:712)
[stacktrace]
#0 C:\\Users\\SINCHINE DAS\\OneDrive\\Desktop\\first\\hospitalMS\\vendor\\laravel\\framework\\src\\Illuminate\\Database\\Connection.php(672): Illuminate\\Database\\Connection->runQueryCallback('select * from `...', Array, Object(Closure))
#1 C:\\Users\\SINCHINE DAS\\OneDrive\\Desktop\\first\\hospitalMS\\vendor\\laravel\\framework\\src\\Illuminate\\Database\\Connection.php(359): Illuminate\\Database\\Connection->run('select * from `...', Array, Object(Closure))
#2 C:\\Users\\SINCHINE DAS\\OneDrive\\Desktop\\first\\hospitalMS\\vendor\\laravel\\framework\\src\\Illuminate\\Database\\Query\\Builder.php(2413): Illuminate\\Database\\Connection->select('select * from `...', Array, true)
#3 C:\\Users\\SINCHINE DAS\\OneDrive\\Desktop\\first\\hospitalMS\\vendor\\laravel\\framework\\src\\Illuminate\\Database\\Query\\Builder.php(2402): Illuminate\\Database\\Query\\Builder->runSelect()
#4 C:\\Users\\SINCHINE DAS\\OneDrive\\Desktop\\first\\hospitalMS\\vendor\\laravel\\framework\\src\\Illuminate\\Database\\Query\\Builder.php(2936): Illuminate\\Database\\Query\\Builder->Illuminate\\Database\\Query\\{closure}()
#5 C:\\Users\\SINCHINE DAS\\OneDrive\\Desktop\\first\\hospitalMS\\vendor\\laravel\\framework\\src\\Illuminate\\Database\\Query\\Builder.php(2401): Illuminate\\Database\\Query\\Builder->onceWithColumns(Array, Object(Closure))
#6 C:\\Users\\SINCHINE DAS\\OneDrive\\Desktop\\first\\hospitalMS\\vendor\\laravel\\framework\\src\\Illuminate\\Database\\Eloquent\\Builder.php(625): Illuminate\\Database\\Query\\Builder->get(Array)
#7 C:\\Users\\SINCHINE DAS\\OneDrive\\Desktop\\first\\hospitalMS\\vendor\\laravel\\framework\\src\\Illuminate\\Database\\Eloquent\\Builder.php(609): Illuminate\\Database\\Eloquent\\Builder->getModels(Array)
#8 C:\\Users\\SINCHINE DAS\\OneDrive\\Desktop\\first\\hospitalMS\\vendor\\laravel\\framework\\src\\Illuminate\\Database\\Concerns\\BuildsQueries.php(294): Illuminate\\Database\\Eloquent\\Builder->get(Array)
#9 C:\\Users\\SINCHINE DAS\\OneDrive\\Desktop\\first\\hospitalMS\\resources\\views/index.blade.php(3): Illuminate\\Database\\Eloquent\\Builder->first()
#10 C:\\Users\\SINCHINE DAS\\OneDrive\\Desktop\\first\\hospitalMS\\vendor\\laravel\\framework\\src\\Illuminate\\Filesystem\\Filesystem.php(107): require('C:\\\\Users\\\\SINCHI...')
#11 C:\\Users\\SINCHINE DAS\\OneDrive\\Desktop\\first\\hospitalMS\\vendor\\laravel\\framework\\src\\Illuminate\\Filesystem\\Filesystem.php(108): Illuminate\\Filesystem\\Filesystem::Illuminate\\Filesystem\\{closure}()
#12 C:\\Users\\SINCHINE DAS\\OneDrive\\Desktop\\first\\hospitalMS\\vendor\\laravel\\framework\\src\\Illuminate\\View\\Engines\\PhpEngine.php(58): Illuminate\\Filesystem\\Filesystem->getRequire('C:\\\\Users\\\\SINCHI...', Array)
#13 C:\\Users\\SINCHINE DAS\\OneDrive\\Desktop\\first\\hospitalMS\\vendor\\livewire\\livewire\\src\\ComponentConcerns\\RendersLivewireComponents.php(69): Illuminate\\View\\Engines\\PhpEngine->evaluatePath('C:\\\\Users\\\\SINCHI...', Array)
#14 C:\\Users\\SINCHINE DAS\\OneDrive\\Desktop\\first\\hospitalMS\\vendor\\laravel\\framework\\src\\Illuminate\\View\\Engines\\CompilerEngine.php(61): Livewire\\CompilerEngineForIgnition->evaluatePath('C:\\\\Users\\\\SINCHI...', Array)
#15 C:\\Users\\SINCHINE DAS\\OneDrive\\Desktop\\first\\hospitalMS\\vendor\\facade\\ignition\\src\\Views\\Engines\\CompilerEngine.php(37): Illuminate\\View\\Engines\\CompilerEngine->get('C:\\\\Users\\\\SINCHI...', Array)
#16 C:\\Users\\SINCHINE DAS\\OneDrive\\Desktop\\first\\hospitalMS\\vendor\\livewire\\livewire\\src\\ComponentConcerns\\RendersLivewireComponents.php(35): Facade\\Ignition\\Views\\Engines\\CompilerEngine->get('C:\\\\Users\\\\SINCHI...', Array)
#17 C:\\Users\\SINCHINE DAS\\OneDrive\\Desktop\\first\\hospitalMS\\vendor\\laravel\\framework\\src\\Illuminate\\View\\View.php(139): Livewire\\CompilerEngineForIgnition->get('C:\\\\Users\\\\SINCHI...', Array)
#18 C:\\Users\\SINCHINE DAS\\OneDrive\\Desktop\\first\\hospitalMS\\vendor\\laravel\\framework\\src\\Illuminate\\View\\View.php(122): Illuminate\\View\\View->getContents()
#19 C:\\Users\\SINCHINE DAS\\OneDrive\\Desktop\\first\\hospitalMS\\vendor\\laravel\\framework\\src\\Illuminate\\View\\View.php(91): Illuminate\\View\\View->renderContents()
#20 C:\\Users\\SINCHINE DAS\\OneDrive\\Desktop\\first\\hospitalMS\\vendor\\laravel\\framework\\src\\Illuminate\\Http\\Response.php(69): Illuminate\\View\\View->render()
#21 C:\\Users\\SINCHINE DAS\\OneDrive\\Desktop\\first\\hospitalMS\\vendor\\laravel\\framework\\src\\Illuminate\\Http\\Response.php(35): Illuminate\\Http\\Response->setContent(Object(Illuminate\\View\\View))
#22 C:\\Users\\SINCHINE DAS\\OneDrive\\Desktop\\first\\hospitalMS\\vendor\\laravel\\framework\\src\\Illuminate\\Routing\\Router.php(820): Illuminate\\Http\\Response->__construct(Object(Illuminate\\View\\View), 200, Array)
#23 C:\\Users\\SINCHINE DAS\\OneDrive\\Desktop\\first\\hospitalMS\\vendor\\laravel\\framework\\src\\Illuminate\\Routing\\Router.php(789): Illuminate\\Routing\\Router::toResponse(Object(Illuminate\\Http\\Request), Object(Illuminate\\View\\View))
#24 C:\\Users\\SINCHINE DAS\\OneDrive\\Desktop\\first\\hospitalMS\\vendor\\laravel\\framework\\src\\Illuminate\\Routing\\Router.php(720): Illuminate\\Routing\\Router->prepareResponse(Object(Illuminate\\Http\\Request), Object(Illuminate\\View\\View))
#25 C:\\Users\\SINCHINE DAS\\OneDrive\\Desktop\\first\\hospitalMS\\vendor\\laravel\\framework\\src\\Illuminate\\Pipeline\\Pipeline.php(128): Illuminate\\Routing\\Router->Illuminate\\Routing\\{closure}(Object(Illuminate\\Http\\Request))
#26 C:\\Users\\SINCHINE DAS\\OneDrive\\Desktop\\first\\hospitalMS\\vendor\\laravel\\framework\\src\\Illuminate\\Routing\\Middleware\\SubstituteBindings.php(50): Illuminate\\Pipeline\\Pipeline->Illuminate\\Pipeline\\{closure}(Object(Illuminate\\Http\\Request))
#27 C:\\Users\\SINCHINE DAS\\OneDrive\\Desktop\\first\\hospitalMS\\vendor\\laravel\\framework\\src\\Illuminate\\Pipeline\\Pipeline.php(167): Illuminate\\Routing\\Middleware\\SubstituteBindings->handle(Object(Illuminate\\Http\\Request), Object(Closure))
#28 C:\\Users\\SINCHINE DAS\\OneDrive\\Desktop\\first\\hospitalMS\\vendor\\laravel\\framework\\src\\Illuminate\\Foundation\\Http\\Middleware\\VerifyCsrfToken.php(78): Illuminate\\Pipeline\\Pipeline->Illuminate\\Pipeline\\{closure}(Object(Illuminate\\Http\\Request))
#29 C:\\Users\\SINCHINE DAS\\OneDrive\\Desktop\\first\\hospitalMS\\vendor\\laravel\\framework\\src\\Illuminate\\Pipeline\\Pipeline.php(167): Illuminate\\Foundation\\Http\\Middleware\\VerifyCsrfToken->handle(Object(Illuminate\\Http\\Request), Object(Closure))
#30 C:\\Users\\SINCHINE DAS\\OneDrive\\Desktop\\first\\hospitalMS\\vendor\\laravel\\framework\\src\\Illuminate\\View\\Middleware\\ShareErrorsFromSession.php(49): Illuminate\\Pipeline\\Pipeline->Illuminate\\Pipeline\\{closure}(Object(Illuminate\\Http\\Request))
#31 C:\\Users\\SINCHINE DAS\\OneDrive\\Desktop\\first\\hospitalMS\\vendor\\laravel\\framework\\src\\Illuminate\\Pipeline\\Pipeline.php(167): Illuminate\\View\\Middleware\\ShareErrorsFromSession->handle(Object(Illuminate\\Http\\Request), Object(Closure))
#32 C:\\Users\\SINCHINE DAS\\OneDrive\\Desktop\\first\\hospitalMS\\vendor\\laravel\\framework\\src\\Illuminate\\Session\\Middleware\\StartSession.php(121): Illuminate\\Pipeline\\Pipeline->Illuminate\\Pipeline\\{closure}(Object(Illuminate\\Http\\Request))
#33 C:\\Users\\SINCHINE DAS\\OneDrive\\Desktop\\first\\hospitalMS\\vendor\\laravel\\framework\\src\\Illuminate\\Session\\Middleware\\StartSession.php(64): Illuminate\\Session\\Middleware\\StartSession->handleStatefulRequest(Object(Illuminate\\Http\\Request), Object(Illuminate\\Session\\Store), Object(Closure))
#34 C:\\Users\\SINCHINE DAS\\OneDrive\\Desktop\\first\\hospitalMS\\vendor\\laravel\\framework\\src\\Illuminate\\Pipeline\\Pipeline.php(167): Illuminate\\Session\\Middleware\\StartSession->handle(Object(Illuminate\\Http\\Request), Object(Closure))
#35 C:\\Users\\SINCHINE DAS\\OneDrive\\Desktop\\first\\hospitalMS\\vendor\\laravel\\framework\\src\\Illuminate\\Cookie\\Middleware\\AddQueuedCookiesToResponse.php(37): Illuminate\\Pipeline\\Pipeline->Illuminate\\Pipeline\\{closure}(Object(Illuminate\\Http\\Request))
#36 C:\\Users\\SINCHINE DAS\\OneDrive\\Desktop\\first\\hospitalMS\\vendor\\laravel\\framework\\src\\Illuminate\\Pipeline\\Pipeline.php(167): Illuminate\\Cookie\\Middleware\\AddQueuedCookiesToResponse->handle(Object(Illuminate\\Http\\Request), Object(Closure))
#37 C:\\Users\\SINCHINE DAS\\OneDrive\\Desktop\\first\\hospitalMS\\vendor\\laravel\\framework\\src\\Illuminate\\Cookie\\Middleware\\EncryptCookies.php(67): Illuminate\\Pipeline\\Pipeline->Illuminate\\Pipeline\\{closure}(Object(Illuminate\\Http\\Request))
#38 C:\\Users\\SINCHINE DAS\\OneDrive\\Desktop\\first\\hospitalMS\\vendor\\laravel\\framework\\src\\Illuminate\\Pipeline\\Pipeline.php(167): Illuminate\\Cookie\\Middleware\\EncryptCookies->handle(Object(Illuminate\\Http\\Request), Object(Closure))
#39 C:\\Users\\SINCHINE DAS\\OneDrive\\Desktop\\first\\hospitalMS\\vendor\\laravel\\framework\\src\\Illuminate\\Pipeline\\Pipeline.php(103): Illuminate\\Pipeline\\Pipeline->Illuminate\\Pipeline\\{closure}(Object(Illuminate\\Http\\Request))
#40 C:\\Users\\SINCHINE DAS\\OneDrive\\Desktop\\first\\hospitalMS\\vendor\\laravel\\framework\\src\\Illuminate\\Routing\\Router.php(719): Illuminate\\Pipeline\\Pipeline->then(Object(Closure))
#41 C:\\Users\\SINCHINE DAS\\OneDrive\\Desktop\\first\\hospitalMS\\vendor\\laravel\\framework\\src\\Illuminate\\Routing\\Router.php(698): Illuminate\\Routing\\Router->runRouteWithinStack(Object(Illuminate\\Routing\\Route), Object(Illuminate\\Http\\Request))
#42 C:\\Users\\SINCHINE DAS\\OneDrive\\Desktop\\first\\hospitalMS\\vendor\\laravel\\framework\\src\\Illuminate\\Routing\\Router.php(662): Illuminate\\Routing\\Router->runRoute(Object(Illuminate\\Http\\Request), Object(Illuminate\\Routing\\Route))
#43 C:\\Users\\SINCHINE DAS\\OneDrive\\Desktop\\first\\hospitalMS\\vendor\\laravel\\framework\\src\\Illuminate\\Routing\\Router.php(651): Illuminate\\Routing\\Router->dispatchToRoute(Object(Illuminate\\Http\\Request))
#44 C:\\Users\\SINCHINE DAS\\OneDrive\\Desktop\\first\\hospitalMS\\vendor\\laravel\\framework\\src\\Illuminate\\Foundation\\Http\\Kernel.php(167): Illuminate\\Routing\\Router->dispatch(Object(Illuminate\\Http\\Request))
#45 C:\\Users\\SINCHINE DAS\\OneDrive\\Desktop\\first\\hospitalMS\\vendor\\laravel\\framework\\src\\Illuminate\\Pipeline\\Pipeline.php(128): Illuminate\\Foundation\\Http\\Kernel->Illuminate\\Foundation\\Http\\{closure}(Object(Illuminate\\Http\\Request))
#46 C:\\Users\\SINCHINE DAS\\OneDrive\\Desktop\\first\\hospitalMS\\vendor\\livewire\\livewire\\src\\DisableBrowserCache.php(19): Illuminate\\Pipeline\\Pipeline->Illuminate\\Pipeline\\{closure}(Object(Illuminate\\Http\\Request))
#47 C:\\Users\\SINCHINE DAS\\OneDrive\\Desktop\\first\\hospitalMS\\vendor\\laravel\\framework\\src\\Illuminate\\Pipeline\\Pipeline.php(167): Livewire\\DisableBrowserCache->handle(Object(Illuminate\\Http\\Request), Object(Closure))
#48 C:\\Users\\SINCHINE DAS\\OneDrive\\Desktop\\first\\hospitalMS\\vendor\\laravel\\framework\\src\\Illuminate\\Foundation\\Http\\Middleware\\TransformsRequest.php(21): Illuminate\\Pipeline\\Pipeline->Illuminate\\Pipeline\\{closure}(Object(Illuminate\\Http\\Request))
#49 C:\\Users\\SINCHINE DAS\\OneDrive\\Desktop\\first\\hospitalMS\\vendor\\laravel\\framework\\src\\Illuminate\\Foundation\\Http\\Middleware\\ConvertEmptyStringsToNull.php(31): Illuminate\\Foundation\\Http\\Middleware\\TransformsRequest->handle(Object(Illuminate\\Http\\Request), Object(Closure))
#50 C:\\Users\\SINCHINE DAS\\OneDrive\\Desktop\\first\\hospitalMS\\vendor\\laravel\\framework\\src\\Illuminate\\Pipeline\\Pipeline.php(167): Illuminate\\Foundation\\Http\\Middleware\\ConvertEmptyStringsToNull->handle(Object(Illuminate\\Http\\Request), Object(Closure))
#51 C:\\Users\\SINCHINE DAS\\OneDrive\\Desktop\\first\\hospitalMS\\vendor\\laravel\\framework\\src\\Illuminate\\Foundation\\Http\\Middleware\\TransformsRequest.php(21): Illuminate\\Pipeline\\Pipeline->Illuminate\\Pipeline\\{closure}(Object(Illuminate\\Http\\Request))
#52 C:\\Users\\SINCHINE DAS\\OneDrive\\Desktop\\first\\hospitalMS\\vendor\\laravel\\framework\\src\\Illuminate\\Foundation\\Http\\Middleware\\TrimStrings.php(40): Illuminate\\Foundation\\Http\\Middleware\\TransformsRequest->handle(Object(Illuminate\\Http\\Request), Object(Closure))
#53 C:\\Users\\SINCHINE DAS\\OneDrive\\Desktop\\first\\hospitalMS\\vendor\\laravel\\framework\\src\\Illuminate\\Pipeline\\Pipeline.php(167): Illuminate\\Foundation\\Http\\Middleware\\TrimStrings->handle(Object(Illuminate\\Http\\Request), Object(Closure))
#54 C:\\Users\\SINCHINE DAS\\OneDrive\\Desktop\\first\\hospitalMS\\vendor\\laravel\\framework\\src\\Illuminate\\Foundation\\Http\\Middleware\\ValidatePostSize.php(27): Illuminate\\Pipeline\\Pipeline->Illuminate\\Pipeline\\{closure}(Object(Illuminate\\Http\\Request))
#55 C:\\Users\\SINCHINE DAS\\OneDrive\\Desktop\\first\\hospitalMS\\vendor\\laravel\\framework\\src\\Illuminate\\Pipeline\\Pipeline.php(167): Illuminate\\Foundation\\Http\\Middleware\\ValidatePostSize->handle(Object(Illuminate\\Http\\Request), Object(Closure))
#56 C:\\Users\\SINCHINE DAS\\OneDrive\\Desktop\\first\\hospitalMS\\vendor\\laravel\\framework\\src\\Illuminate\\Foundation\\Http\\Middleware\\PreventRequestsDuringMaintenance.php(86): Illuminate\\Pipeline\\Pipeline->Illuminate\\Pipeline\\{closure}(Object(Illuminate\\Http\\Request))
#57 C:\\Users\\SINCHINE DAS\\OneDrive\\Desktop\\first\\hospitalMS\\vendor\\laravel\\framework\\src\\Illuminate\\Pipeline\\Pipeline.php(167): Illuminate\\Foundation\\Http\\Middleware\\PreventRequestsDuringMaintenance->handle(Object(Illuminate\\Http\\Request), Object(Closure))
#58 C:\\Users\\SINCHINE DAS\\OneDrive\\Desktop\\first\\hospitalMS\\vendor\\fruitcake\\laravel-cors\\src\\HandleCors.php(38): Illuminate\\Pipeline\\Pipeline->Illuminate\\Pipeline\\{closure}(Object(Illuminate\\Http\\Request))
#59 C:\\Users\\SINCHINE DAS\\OneDrive\\Desktop\\first\\hospitalMS\\vendor\\laravel\\framework\\src\\Illuminate\\Pipeline\\Pipeline.php(167): Fruitcake\\Cors\\HandleCors->handle(Object(Illuminate\\Http\\Request), Object(Closure))
#60 C:\\Users\\SINCHINE DAS\\OneDrive\\Desktop\\first\\hospitalMS\\vendor\\fideloper\\proxy\\src\\TrustProxies.php(57): Illuminate\\Pipeline\\Pipeline->Illuminate\\Pipeline\\{closure}(Object(Illuminate\\Http\\Request))
#61 C:\\Users\\SINCHINE DAS\\OneDrive\\Desktop\\first\\hospitalMS\\vendor\\laravel\\framework\\src\\Illuminate\\Pipeline\\Pipeline.php(167): Fideloper\\Proxy\\TrustProxies->handle(Object(Illuminate\\Http\\Request), Object(Closure))
#62 C:\\Users\\SINCHINE DAS\\OneDrive\\Desktop\\first\\hospitalMS\\vendor\\laravel\\framework\\src\\Illuminate\\Pipeline\\Pipeline.php(103): Illuminate\\Pipeline\\Pipeline->Illuminate\\Pipeline\\{closure}(Object(Illuminate\\Http\\Request))
#63 C:\\Users\\SINCHINE DAS\\OneDrive\\Desktop\\first\\hospitalMS\\vendor\\laravel\\framework\\src\\Illuminate\\Foundation\\Http\\Kernel.php(142): Illuminate\\Pipeline\\Pipeline->then(Object(Closure))
#64 C:\\Users\\SINCHINE DAS\\OneDrive\\Desktop\\first\\hospitalMS\\vendor\\laravel\\framework\\src\\Illuminate\\Foundation\\Http\\Kernel.php(111): Illuminate\\Foundation\\Http\\Kernel->sendRequestThroughRouter(Object(Illuminate\\Http\\Request))
#65 C:\\Users\\SINCHINE DAS\\OneDrive\\Desktop\\first\\hospitalMS\\public\\index.php(51): Illuminate\\Foundation\\Http\\Kernel->handle(Object(Illuminate\\Http\\Request))
#66 C:\\Users\\SINCHINE DAS\\OneDrive\\Desktop\\first\\hospitalMS\\server.php(21): require_once('C:\\\\Users\\\\SINCHI...')
#67 {main}

[previous exception] [object] (Illuminate\\Database\\QueryException(code: 2002): SQLSTATE[HY000] [2002] No connection could be made because the target machine actively refused it (SQL: select * from `settings` where `settings`.`deleted_at` is null order by `created_at` desc limit 1) at C:\\Users\\SINCHINE DAS\\OneDrive\\Desktop\\first\\hospitalMS\\vendor\\laravel\\framework\\src\\Illuminate\\Database\\Connection.php:712)
[stacktrace]
#0 C:\\Users\\SINCHINE DAS\\OneDrive\\Desktop\\first\\hospitalMS\\vendor\\laravel\\framework\\src\\Illuminate\\Database\\Connection.php(672): Illuminate\\Database\\Connection->runQueryCallback('select * from `...', Array, Object(Closure))
#1 C:\\Users\\SINCHINE DAS\\OneDrive\\Desktop\\first\\hospitalMS\\vendor\\laravel\\framework\\src\\Illuminate\\Database\\Connection.php(359): Illuminate\\Database\\Connection->run('select * from `...', Array, Object(Closure))
#2 C:\\Users\\SINCHINE DAS\\OneDrive\\Desktop\\first\\hospitalMS\\vendor\\laravel\\framework\\src\\Illuminate\\Database\\Query\\Builder.php(2413): Illuminate\\Database\\Connection->select('select * from `...', Array, true)
#3 C:\\Users\\SINCHINE DAS\\OneDrive\\Desktop\\first\\hospitalMS\\vendor\\laravel\\framework\\src\\Illuminate\\Database\\Query\\Builder.php(2402): Illuminate\\Database\\Query\\Builder->runSelect()
#4 C:\\Users\\SINCHINE DAS\\OneDrive\\Desktop\\first\\hospitalMS\\vendor\\laravel\\framework\\src\\Illuminate\\Database\\Query\\Builder.php(2936): Illuminate\\Database\\Query\\Builder->Illuminate\\Database\\Query\\{closure}()
#5 C:\\Users\\SINCHINE DAS\\OneDrive\\Desktop\\first\\hospitalMS\\vendor\\laravel\\framework\\src\\Illuminate\\Database\\Query\\Builder.php(2401): Illuminate\\Database\\Query\\Builder->onceWithColumns(Array, Object(Closure))
#6 C:\\Users\\SINCHINE DAS\\OneDrive\\Desktop\\first\\hospitalMS\\vendor\\laravel\\framework\\src\\Illuminate\\Database\\Eloquent\\Builder.php(625): Illuminate\\Database\\Query\\Builder->get(Array)
#7 C:\\Users\\SINCHINE DAS\\OneDrive\\Desktop\\first\\hospitalMS\\vendor\\laravel\\framework\\src\\Illuminate\\Database\\Eloquent\\Builder.php(609): Illuminate\\Database\\Eloquent\\Builder->getModels(Array)
#8 C:\\Users\\SINCHINE DAS\\OneDrive\\Desktop\\first\\hospitalMS\\vendor\\laravel\\framework\\src\\Illuminate\\Database\\Concerns\\BuildsQueries.php(294): Illuminate\\Database\\Eloquent\\Builder->get(Array)
#9 C:\\Users\\SINCHINE DAS\\OneDrive\\Desktop\\first\\hospitalMS\\storage\\framework\\views\\3eb6400fb2ce03f9287d039c54a36dac141ef7a0.php(3): Illuminate\\Database\\Eloquent\\Builder->first()
#10 C:\\Users\\SINCHINE DAS\\OneDrive\\Desktop\\first\\hospitalMS\\vendor\\laravel\\framework\\src\\Illuminate\\Filesystem\\Filesystem.php(107): require('C:\\\\Users\\\\SINCHI...')
#11 C:\\Users\\SINCHINE DAS\\OneDrive\\Desktop\\first\\hospitalMS\\vendor\\laravel\\framework\\src\\Illuminate\\Filesystem\\Filesystem.php(108): Illuminate\\Filesystem\\Filesystem::Illuminate\\Filesystem\\{closure}()
#12 C:\\Users\\SINCHINE DAS\\OneDrive\\Desktop\\first\\hospitalMS\\vendor\\laravel\\framework\\src\\Illuminate\\View\\Engines\\PhpEngine.php(58): Illuminate\\Filesystem\\Filesystem->getRequire('C:\\\\Users\\\\SINCHI...', Array)
#13 C:\\Users\\SINCHINE DAS\\OneDrive\\Desktop\\first\\hospitalMS\\vendor\\livewire\\livewire\\src\\ComponentConcerns\\RendersLivewireComponents.php(69): Illuminate\\View\\Engines\\PhpEngine->evaluatePath('C:\\\\Users\\\\SINCHI...', Array)
#14 C:\\Users\\SINCHINE DAS\\OneDrive\\Desktop\\first\\hospitalMS\\vendor\\laravel\\framework\\src\\Illuminate\\View\\Engines\\CompilerEngine.php(61): Livewire\\CompilerEngineForIgnition->evaluatePath('C:\\\\Users\\\\SINCHI...', Array)
#15 C:\\Users\\SINCHINE DAS\\OneDrive\\Desktop\\first\\hospitalMS\\vendor\\facade\\ignition\\src\\Views\\Engines\\CompilerEngine.php(37): Illuminate\\View\\Engines\\CompilerEngine->get('C:\\\\Users\\\\SINCHI...', Array)
#16 C:\\Users\\SINCHINE DAS\\OneDrive\\Desktop\\first\\hospitalMS\\vendor\\livewire\\livewire\\src\\ComponentConcerns\\RendersLivewireComponents.php(35): Facade\\Ignition\\Views\\Engines\\CompilerEngine->get('C:\\\\Users\\\\SINCHI...', Array)
#17 C:\\Users\\SINCHINE DAS\\OneDrive\\Desktop\\first\\hospitalMS\\vendor\\laravel\\framework\\src\\Illuminate\\View\\View.php(139): Livewire\\CompilerEngineForIgnition->get('C:\\\\Users\\\\SINCHI...', Array)
#18 C:\\Users\\SINCHINE DAS\\OneDrive\\Desktop\\first\\hospitalMS\\vendor\\laravel\\framework\\src\\Illuminate\\View\\View.php(122): Illuminate\\View\\View->getContents()
#19 C:\\Users\\SINCHINE DAS\\OneDrive\\Desktop\\first\\hospitalMS\\vendor\\laravel\\framework\\src\\Illuminate\\View\\View.php(91): Illuminate\\View\\View->renderContents()
#20 C:\\Users\\SINCHINE DAS\\OneDrive\\Desktop\\first\\hospitalMS\\vendor\\laravel\\framework\\src\\Illuminate\\Http\\Response.php(69): Illuminate\\View\\View->render()
#21 C:\\Users\\SINCHINE DAS\\OneDrive\\Desktop\\first\\hospitalMS\\vendor\\laravel\\framework\\src\\Illuminate\\Http\\Response.php(35): Illuminate\\Http\\Response->setContent(Object(Illuminate\\View\\View))
#22 C:\\Users\\SINCHINE DAS\\OneDrive\\Desktop\\first\\hospitalMS\\vendor\\laravel\\framework\\src\\Illuminate\\Routing\\Router.php(820): Illuminate\\Http\\Response->__construct(Object(Illuminate\\View\\View), 200, Array)
#23 C:\\Users\\SINCHINE DAS\\OneDrive\\Desktop\\first\\hospitalMS\\vendor\\laravel\\framework\\src\\Illuminate\\Routing\\Router.php(789): Illuminate\\Routing\\Router::toResponse(Object(Illuminate\\Http\\Request), Object(Illuminate\\View\\View))
#24 C:\\Users\\SINCHINE DAS\\OneDrive\\Desktop\\first\\hospitalMS\\vendor\\laravel\\framework\\src\\Illuminate\\Routing\\Router.php(720): Illuminate\\Routing\\Router->prepareResponse(Object(Illuminate\\Http\\Request), Object(Illuminate\\View\\View))
#25 C:\\Users\\SINCHINE DAS\\OneDrive\\Desktop\\first\\hospitalMS\\vendor\\laravel\\framework\\src\\Illuminate\\Pipeline\\Pipeline.php(128): Illuminate\\Routing\\Router->Illuminate\\Routing\\{closure}(Object(Illuminate\\Http\\Request))
#26 C:\\Users\\SINCHINE DAS\\OneDrive\\Desktop\\first\\hospitalMS\\vendor\\laravel\\framework\\src\\Illuminate\\Routing\\Middleware\\SubstituteBindings.php(50): Illuminate\\Pipeline\\Pipeline->Illuminate\\Pipeline\\{closure}(Object(Illuminate\\Http\\Request))
#27 C:\\Users\\SINCHINE DAS\\OneDrive\\Desktop\\first\\hospitalMS\\vendor\\laravel\\framework\\src\\Illuminate\\Pipeline\\Pipeline.php(167): Illuminate\\Routing\\Middleware\\SubstituteBindings->handle(Object(Illuminate\\Http\\Request), Object(Closure))
#28 C:\\Users\\SINCHINE DAS\\OneDrive\\Desktop\\first\\hospitalMS\\vendor\\laravel\\framework\\src\\Illuminate\\Foundation\\Http\\Middleware\\VerifyCsrfToken.php(78): Illuminate\\Pipeline\\Pipeline->Illuminate\\Pipeline\\{closure}(Object(Illuminate\\Http\\Request))
#29 C:\\Users\\SINCHINE DAS\\OneDrive\\Desktop\\first\\hospitalMS\\vendor\\laravel\\framework\\src\\Illuminate\\Pipeline\\Pipeline.php(167): Illuminate\\Foundation\\Http\\Middleware\\VerifyCsrfToken->handle(Object(Illuminate\\Http\\Request), Object(Closure))
#30 C:\\Users\\SINCHINE DAS\\OneDrive\\Desktop\\first\\hospitalMS\\vendor\\laravel\\framework\\src\\Illuminate\\View\\Middleware\\ShareErrorsFromSession.php(49): Illuminate\\Pipeline\\Pipeline->Illuminate\\Pipeline\\{closure}(Object(Illuminate\\Http\\Request))
#31 C:\\Users\\SINCHINE DAS\\OneDrive\\Desktop\\first\\hospitalMS\\vendor\\laravel\\framework\\src\\Illuminate\\Pipeline\\Pipeline.php(167): Illuminate\\View\\Middleware\\ShareErrorsFromSession->handle(Object(Illuminate\\Http\\Request), Object(Closure))
#32 C:\\Users\\SINCHINE DAS\\OneDrive\\Desktop\\first\\hospitalMS\\vendor\\laravel\\framework\\src\\Illuminate\\Session\\Middleware\\StartSession.php(121): Illuminate\\Pipeline\\Pipeline->Illuminate\\Pipeline\\{closure}(Object(Illuminate\\Http\\Request))
#33 C:\\Users\\SINCHINE DAS\\OneDrive\\Desktop\\first\\hospitalMS\\vendor\\laravel\\framework\\src\\Illuminate\\Session\\Middleware\\StartSession.php(64): Illuminate\\Session\\Middleware\\StartSession->handleStatefulRequest(Object(Illuminate\\Http\\Request), Object(Illuminate\\Session\\Store), Object(Closure))
#34 C:\\Users\\SINCHINE DAS\\OneDrive\\Desktop\\first\\hospitalMS\\vendor\\laravel\\framework\\src\\Illuminate\\Pipeline\\Pipeline.php(167): Illuminate\\Session\\Middleware\\StartSession->handle(Object(Illuminate\\Http\\Request), Object(Closure))
#35 C:\\Users\\SINCHINE DAS\\OneDrive\\Desktop\\first\\hospitalMS\\vendor\\laravel\\framework\\src\\Illuminate\\Cookie\\Middleware\\AddQueuedCookiesToResponse.php(37): Illuminate\\Pipeline\\Pipeline->Illuminate\\Pipeline\\{closure}(Object(Illuminate\\Http\\Request))
#36 C:\\Users\\SINCHINE DAS\\OneDrive\\Desktop\\first\\hospitalMS\\vendor\\laravel\\framework\\src\\Illuminate\\Pipeline\\Pipeline.php(167): Illuminate\\Cookie\\Middleware\\AddQueuedCookiesToResponse->handle(Object(Illuminate\\Http\\Request), Object(Closure))
#37 C:\\Users\\SINCHINE DAS\\OneDrive\\Desktop\\first\\hospitalMS\\vendor\\laravel\\framework\\src\\Illuminate\\Cookie\\Middleware\\EncryptCookies.php(67): Illuminate\\Pipeline\\Pipeline->Illuminate\\Pipeline\\{closure}(Object(Illuminate\\Http\\Request))
#38 C:\\Users\\SINCHINE DAS\\OneDrive\\Desktop\\first\\hospitalMS\\vendor\\laravel\\framework\\src\\Illuminate\\Pipeline\\Pipeline.php(167): Illuminate\\Cookie\\Middleware\\EncryptCookies->handle(Object(Illuminate\\Http\\Request), Object(Closure))
#39 C:\\Users\\SINCHINE DAS\\OneDrive\\Desktop\\first\\hospitalMS\\vendor\\laravel\\framework\\src\\Illuminate\\Pipeline\\Pipeline.php(103): Illuminate\\Pipeline\\Pipeline->Illuminate\\Pipeline\\{closure}(Object(Illuminate\\Http\\Request))
#40 C:\\Users\\SINCHINE DAS\\OneDrive\\Desktop\\first\\hospitalMS\\vendor\\laravel\\framework\\src\\Illuminate\\Routing\\Router.php(719): Illuminate\\Pipeline\\Pipeline->then(Object(Closure))
#41 C:\\Users\\SINCHINE DAS\\OneDrive\\Desktop\\first\\hospitalMS\\vendor\\laravel\\framework\\src\\Illuminate\\Routing\\Router.php(698): Illuminate\\Routing\\Router->runRouteWithinStack(Object(Illuminate\\Routing\\Route), Object(Illuminate\\Http\\Request))
#42 C:\\Users\\SINCHINE DAS\\OneDrive\\Desktop\\first\\hospitalMS\\vendor\\laravel\\framework\\src\\Illuminate\\Routing\\Router.php(662): Illuminate\\Routing\\Router->runRoute(Object(Illuminate\\Http\\Request), Object(Illuminate\\Routing\\Route))
#43 C:\\Users\\SINCHINE DAS\\OneDrive\\Desktop\\first\\hospitalMS\\vendor\\laravel\\framework\\src\\Illuminate\\Routing\\Router.php(651): Illuminate\\Routing\\Router->dispatchToRoute(Object(Illuminate\\Http\\Request))
#44 C:\\Users\\SINCHINE DAS\\OneDrive\\Desktop\\first\\hospitalMS\\vendor\\laravel\\framework\\src\\Illuminate\\Foundation\\Http\\Kernel.php(167): Illuminate\\Routing\\Router->dispatch(Object(Illuminate\\Http\\Request))
#45 C:\\Users\\SINCHINE DAS\\OneDrive\\Desktop\\first\\hospitalMS\\vendor\\laravel\\framework\\src\\Illuminate\\Pipeline\\Pipeline.php(128): Illuminate\\Foundation\\Http\\Kernel->Illuminate\\Foundation\\Http\\{closure}(Object(Illuminate\\Http\\Request))
#46 C:\\Users\\SINCHINE DAS\\OneDrive\\Desktop\\first\\hospitalMS\\vendor\\livewire\\livewire\\src\\DisableBrowserCache.php(19): Illuminate\\Pipeline\\Pipeline->Illuminate\\Pipeline\\{closure}(Object(Illuminate\\Http\\Request))
#47 C:\\Users\\SINCHINE DAS\\OneDrive\\Desktop\\first\\hospitalMS\\vendor\\laravel\\framework\\src\\Illuminate\\Pipeline\\Pipeline.php(167): Livewire\\DisableBrowserCache->handle(Object(Illuminate\\Http\\Request), Object(Closure))
#48 C:\\Users\\SINCHINE DAS\\OneDrive\\Desktop\\first\\hospitalMS\\vendor\\laravel\\framework\\src\\Illuminate\\Foundation\\Http\\Middleware\\TransformsRequest.php(21): Illuminate\\Pipeline\\Pipeline->Illuminate\\Pipeline\\{closure}(Object(Illuminate\\Http\\Request))
#49 C:\\Users\\SINCHINE DAS\\OneDrive\\Desktop\\first\\hospitalMS\\vendor\\laravel\\framework\\src\\Illuminate\\Foundation\\Http\\Middleware\\ConvertEmptyStringsToNull.php(31): Illuminate\\Foundation\\Http\\Middleware\\TransformsRequest->handle(Object(Illuminate\\Http\\Request), Object(Closure))
#50 C:\\Users\\SINCHINE DAS\\OneDrive\\Desktop\\first\\hospitalMS\\vendor\\laravel\\framework\\src\\Illuminate\\Pipeline\\Pipeline.php(167): Illuminate\\Foundation\\Http\\Middleware\\ConvertEmptyStringsToNull->handle(Object(Illuminate\\Http\\Request), Object(Closure))
#51 C:\\Users\\SINCHINE DAS\\OneDrive\\Desktop\\first\\hospitalMS\\vendor\\laravel\\framework\\src\\Illuminate\\Foundation\\Http\\Middleware\\TransformsRequest.php(21): Illuminate\\Pipeline\\Pipeline->Illuminate\\Pipeline\\{closure}(Object(Illuminate\\Http\\Request))
#52 C:\\Users\\SINCHINE DAS\\OneDrive\\Desktop\\first\\hospitalMS\\vendor\\laravel\\framework\\src\\Illuminate\\Foundation\\Http\\Middleware\\TrimStrings.php(40): Illuminate\\Foundation\\Http\\Middleware\\TransformsRequest->handle(Object(Illuminate\\Http\\Request), Object(Closure))
#53 C:\\Users\\SINCHINE DAS\\OneDrive\\Desktop\\first\\hospitalMS\\vendor\\laravel\\framework\\src\\Illuminate\\Pipeline\\Pipeline.php(167): Illuminate\\Foundation\\Http\\Middleware\\TrimStrings->handle(Object(Illuminate\\Http\\Request), Object(Closure))
#54 C:\\Users\\SINCHINE DAS\\OneDrive\\Desktop\\first\\hospitalMS\\vendor\\laravel\\framework\\src\\Illuminate\\Foundation\\Http\\Middleware\\ValidatePostSize.php(27): Illuminate\\Pipeline\\Pipeline->Illuminate\\Pipeline\\{closure}(Object(Illuminate\\Http\\Request))
#55 C:\\Users\\SINCHINE DAS\\OneDrive\\Desktop\\first\\hospitalMS\\vendor\\laravel\\framework\\src\\Illuminate\\Pipeline\\Pipeline.php(167): Illuminate\\Foundation\\Http\\Middleware\\ValidatePostSize->handle(Object(Illuminate\\Http\\Request), Object(Closure))
#56 C:\\Users\\SINCHINE DAS\\OneDrive\\Desktop\\first\\hospitalMS\\vendor\\laravel\\framework\\src\\Illuminate\\Foundation\\Http\\Middleware\\PreventRequestsDuringMaintenance.php(86): Illuminate\\Pipeline\\Pipeline->Illuminate\\Pipeline\\{closure}(Object(Illuminate\\Http\\Request))
#57 C:\\Users\\SINCHINE DAS\\OneDrive\\Desktop\\first\\hospitalMS\\vendor\\laravel\\framework\\src\\Illuminate\\Pipeline\\Pipeline.php(167): Illuminate\\Foundation\\Http\\Middleware\\PreventRequestsDuringMaintenance->handle(Object(Illuminate\\Http\\Request), Object(Closure))
#58 C:\\Users\\SINCHINE DAS\\OneDrive\\Desktop\\first\\hospitalMS\\vendor\\fruitcake\\laravel-cors\\src\\HandleCors.php(38): Illuminate\\Pipeline\\Pipeline->Illuminate\\Pipeline\\{closure}(Object(Illuminate\\Http\\Request))
#59 C:\\Users\\SINCHINE DAS\\OneDrive\\Desktop\\first\\hospitalMS\\vendor\\laravel\\framework\\src\\Illuminate\\Pipeline\\Pipeline.php(167): Fruitcake\\Cors\\HandleCors->handle(Object(Illuminate\\Http\\Request), Object(Closure))
#60 C:\\Users\\SINCHINE DAS\\OneDrive\\Desktop\\first\\hospitalMS\\vendor\\fideloper\\proxy\\src\\TrustProxies.php(57): Illuminate\\Pipeline\\Pipeline->Illuminate\\Pipeline\\{closure}(Object(Illuminate\\Http\\Request))
#61 C:\\Users\\SINCHINE DAS\\OneDrive\\Desktop\\first\\hospitalMS\\vendor\\laravel\\framework\\src\\Illuminate\\Pipeline\\Pipeline.php(167): Fideloper\\Proxy\\TrustProxies->handle(Object(Illuminate\\Http\\Request), Object(Closure))
#62 C:\\Users\\SINCHINE DAS\\OneDrive\\Desktop\\first\\hospitalMS\\vendor\\laravel\\framework\\src\\Illuminate\\Pipeline\\Pipeline.php(103): Illuminate\\Pipeline\\Pipeline->Illuminate\\Pipeline\\{closure}(Object(Illuminate\\Http\\Request))
#63 C:\\Users\\SINCHINE DAS\\OneDrive\\Desktop\\first\\hospitalMS\\vendor\\laravel\\framework\\src\\Illuminate\\Foundation\\Http\\Kernel.php(142): Illuminate\\Pipeline\\Pipeline->then(Object(Closure))
#64 C:\\Users\\SINCHINE DAS\\OneDrive\\Desktop\\first\\hospitalMS\\vendor\\laravel\\framework\\src\\Illuminate\\Foundation\\Http\\Kernel.php(111): Illuminate\\Foundation\\Http\\Kernel->sendRequestThroughRouter(Object(Illuminate\\Http\\Request))
#65 C:\\Users\\SINCHINE DAS\\OneDrive\\Desktop\\first\\hospitalMS\\public\\index.php(51): Illuminate\\Foundation\\Http\\Kernel->handle(Object(Illuminate\\Http\\Request))
#66 C:\\Users\\SINCHINE DAS\\OneDrive\\Desktop\\first\\hospitalMS\\server.php(21): require_once('C:\\\\Users\\\\SINCHI...')
#67 {main}

[previous exception] [object] (PDOException(code: 2002): SQLSTATE[HY000] [2002] No connection could be made because the target machine actively refused it at C:\\Users\\SINCHINE DAS\\OneDrive\\Desktop\\first\\hospitalMS\\vendor\\laravel\\framework\\src\\Illuminate\\Database\\Connectors\\Connector.php:70)
[stacktrace]
#0 C:\\Users\\SINCHINE DAS\\OneDrive\\Desktop\\first\\hospitalMS\\vendor\\laravel\\framework\\src\\Illuminate\\Database\\Connectors\\Connector.php(70): PDO->__construct('mysql:host=127....', 'root', Object(SensitiveParameterValue), Array)
#1 C:\\Users\\SINCHINE DAS\\OneDrive\\Desktop\\first\\hospitalMS\\vendor\\laravel\\framework\\src\\Illuminate\\Database\\Connectors\\Connector.php(45): Illuminate\\Database\\Connectors\\Connector->createPdoConnection('mysql:host=127....', 'root', '', Array)
#2 C:\\Users\\SINCHINE DAS\\OneDrive\\Desktop\\first\\hospitalMS\\vendor\\laravel\\framework\\src\\Illuminate\\Database\\Connectors\\MySqlConnector.php(24): Illuminate\\Database\\Connectors\\Connector->createConnection('mysql:host=127....', Array, Array)
#3 C:\\Users\\SINCHINE DAS\\OneDrive\\Desktop\\first\\hospitalMS\\vendor\\laravel\\framework\\src\\Illuminate\\Database\\Connectors\\ConnectionFactory.php(184): Illuminate\\Database\\Connectors\\MySqlConnector->connect(Array)
#4 [internal function]: Illuminate\\Database\\Connectors\\ConnectionFactory->Illuminate\\Database\\Connectors\\{closure}()
#5 C:\\Users\\SINCHINE DAS\\OneDrive\\Desktop\\first\\hospitalMS\\vendor\\laravel\\framework\\src\\Illuminate\\Database\\Connection.php(1064): call_user_func(Object(Closure))
#6 C:\\Users\\SINCHINE DAS\\OneDrive\\Desktop\\first\\hospitalMS\\vendor\\laravel\\framework\\src\\Illuminate\\Database\\Connection.php(1100): Illuminate\\Database\\Connection->getPdo()
#7 C:\\Users\\SINCHINE DAS\\OneDrive\\Desktop\\first\\hospitalMS\\vendor\\laravel\\framework\\src\\Illuminate\\Database\\Connection.php(442): Illuminate\\Database\\Connection->getReadPdo()
#8 C:\\Users\\SINCHINE DAS\\OneDrive\\Desktop\\first\\hospitalMS\\vendor\\laravel\\framework\\src\\Illuminate\\Database\\Connection.php(368): Illuminate\\Database\\Connection->getPdoForSelect(true)
#9 C:\\Users\\SINCHINE DAS\\OneDrive\\Desktop\\first\\hospitalMS\\vendor\\laravel\\framework\\src\\Illuminate\\Database\\Connection.php(705): Illuminate\\Database\\Connection->Illuminate\\Database\\{closure}('select * from `...', Array)
#10 C:\\Users\\SINCHINE DAS\\OneDrive\\Desktop\\first\\hospitalMS\\vendor\\laravel\\framework\\src\\Illuminate\\Database\\Connection.php(672): Illuminate\\Database\\Connection->runQueryCallback('select * from `...', Array, Object(Closure))
#11 C:\\Users\\SINCHINE DAS\\OneDrive\\Desktop\\first\\hospitalMS\\vendor\\laravel\\framework\\src\\Illuminate\\Database\\Connection.php(359): Illuminate\\Database\\Connection->run('select * from `...', Array, Object(Closure))
#12 C:\\Users\\SINCHINE DAS\\OneDrive\\Desktop\\first\\hospitalMS\\vendor\\laravel\\framework\\src\\Illuminate\\Database\\Query\\Builder.php(2413): Illuminate\\Database\\Connection->select('select * from `...', Array, true)
#13 C:\\Users\\SINCHINE DAS\\OneDrive\\Desktop\\first\\hospitalMS\\vendor\\laravel\\framework\\src\\Illuminate\\Database\\Query\\Builder.php(2402): Illuminate\\Database\\Query\\Builder->runSelect()
#14 C:\\Users\\SINCHINE DAS\\OneDrive\\Desktop\\first\\hospitalMS\\vendor\\laravel\\framework\\src\\Illuminate\\Database\\Query\\Builder.php(2936): Illuminate\\Database\\Query\\Builder->Illuminate\\Database\\Query\\{closure}()
#15 C:\\Users\\SINCHINE DAS\\OneDrive\\Desktop\\first\\hospitalMS\\vendor\\laravel\\framework\\src\\Illuminate\\Database\\Query\\Builder.php(2401): Illuminate\\Database\\Query\\Builder->onceWithColumns(Array, Object(Closure))
#16 C:\\Users\\SINCHINE DAS\\OneDrive\\Desktop\\first\\hospitalMS\\vendor\\laravel\\framework\\src\\Illuminate\\Database\\Eloquent\\Builder.php(625): Illuminate\\Database\\Query\\Builder->get(Array)
#17 C:\\Users\\SINCHINE DAS\\OneDrive\\Desktop\\first\\hospitalMS\\vendor\\laravel\\framework\\src\\Illuminate\\Database\\Eloquent\\Builder.php(609): Illuminate\\Database\\Eloquent\\Builder->getModels(Array)
#18 C:\\Users\\SINCHINE DAS\\OneDrive\\Desktop\\first\\hospitalMS\\vendor\\laravel\\framework\\src\\Illuminate\\Database\\Concerns\\BuildsQueries.php(294): Illuminate\\Database\\Eloquent\\Builder->get(Array)
#19 C:\\Users\\SINCHINE DAS\\OneDrive\\Desktop\\first\\hospitalMS\\storage\\framework\\views\\3eb6400fb2ce03f9287d039c54a36dac141ef7a0.php(3): Illuminate\\Database\\Eloquent\\Builder->first()
#20 C:\\Users\\SINCHINE DAS\\OneDrive\\Desktop\\first\\hospitalMS\\vendor\\laravel\\framework\\src\\Illuminate\\Filesystem\\Filesystem.php(107): require('C:\\\\Users\\\\SINCHI...')
#21 C:\\Users\\SINCHINE DAS\\OneDrive\\Desktop\\first\\hospitalMS\\vendor\\laravel\\framework\\src\\Illuminate\\Filesystem\\Filesystem.php(108): Illuminate\\Filesystem\\Filesystem::Illuminate\\Filesystem\\{closure}()
#22 C:\\Users\\SINCHINE DAS\\OneDrive\\Desktop\\first\\hospitalMS\\vendor\\laravel\\framework\\src\\Illuminate\\View\\Engines\\PhpEngine.php(58): Illuminate\\Filesystem\\Filesystem->getRequire('C:\\\\Users\\\\SINCHI...', Array)
#23 C:\\Users\\SINCHINE DAS\\OneDrive\\Desktop\\first\\hospitalMS\\vendor\\livewire\\livewire\\src\\ComponentConcerns\\RendersLivewireComponents.php(69): Illuminate\\View\\Engines\\PhpEngine->evaluatePath('C:\\\\Users\\\\SINCHI...', Array)
#24 C:\\Users\\SINCHINE DAS\\OneDrive\\Desktop\\first\\hospitalMS\\vendor\\laravel\\framework\\src\\Illuminate\\View\\Engines\\CompilerEngine.php(61): Livewire\\CompilerEngineForIgnition->evaluatePath('C:\\\\Users\\\\SINCHI...', Array)
#25 C:\\Users\\SINCHINE DAS\\OneDrive\\Desktop\\first\\hospitalMS\\vendor\\facade\\ignition\\src\\Views\\Engines\\CompilerEngine.php(37): Illuminate\\View\\Engines\\CompilerEngine->get('C:\\\\Users\\\\SINCHI...', Array)
#26 C:\\Users\\SINCHINE DAS\\OneDrive\\Desktop\\first\\hospitalMS\\vendor\\livewire\\livewire\\src\\ComponentConcerns\\RendersLivewireComponents.php(35): Facade\\Ignition\\Views\\Engines\\CompilerEngine->get('C:\\\\Users\\\\SINCHI...', Array)
#27 C:\\Users\\SINCHINE DAS\\OneDrive\\Desktop\\first\\hospitalMS\\vendor\\laravel\\framework\\src\\Illuminate\\View\\View.php(139): Livewire\\CompilerEngineForIgnition->get('C:\\\\Users\\\\SINCHI...', Array)
#28 C:\\Users\\SINCHINE DAS\\OneDrive\\Desktop\\first\\hospitalMS\\vendor\\laravel\\framework\\src\\Illuminate\\View\\View.php(122): Illuminate\\View\\View->getContents()
#29 C:\\Users\\SINCHINE DAS\\OneDrive\\Desktop\\first\\hospitalMS\\vendor\\laravel\\framework\\src\\Illuminate\\View\\View.php(91): Illuminate\\View\\View->renderContents()
#30 C:\\Users\\SINCHINE DAS\\OneDrive\\Desktop\\first\\hospitalMS\\vendor\\laravel\\framework\\src\\Illuminate\\Http\\Response.php(69): Illuminate\\View\\View->render()
#31 C:\\Users\\SINCHINE DAS\\OneDrive\\Desktop\\first\\hospitalMS\\vendor\\laravel\\framework\\src\\Illuminate\\Http\\Response.php(35): Illuminate\\Http\\Response->setContent(Object(Illuminate\\View\\View))
#32 C:\\Users\\SINCHINE DAS\\OneDrive\\Desktop\\first\\hospitalMS\\vendor\\laravel\\framework\\src\\Illuminate\\Routing\\Router.php(820): Illuminate\\Http\\Response->__construct(Object(Illuminate\\View\\View), 200, Array)
#33 C:\\Users\\SINCHINE DAS\\OneDrive\\Desktop\\first\\hospitalMS\\vendor\\laravel\\framework\\src\\Illuminate\\Routing\\Router.php(789): Illuminate\\Routing\\Router::toResponse(Object(Illuminate\\Http\\Request), Object(Illuminate\\View\\View))
#34 C:\\Users\\SINCHINE DAS\\OneDrive\\Desktop\\first\\hospitalMS\\vendor\\laravel\\framework\\src\\Illuminate\\Routing\\Router.php(720): Illuminate\\Routing\\Router->prepareResponse(Object(Illuminate\\Http\\Request), Object(Illuminate\\View\\View))
#35 C:\\Users\\SINCHINE DAS\\OneDrive\\Desktop\\first\\hospitalMS\\vendor\\laravel\\framework\\src\\Illuminate\\Pipeline\\Pipeline.php(128): Illuminate\\Routing\\Router->Illuminate\\Routing\\{closure}(Object(Illuminate\\Http\\Request))
#36 C:\\Users\\SINCHINE DAS\\OneDrive\\Desktop\\first\\hospitalMS\\vendor\\laravel\\framework\\src\\Illuminate\\Routing\\Middleware\\SubstituteBindings.php(50): Illuminate\\Pipeline\\Pipeline->Illuminate\\Pipeline\\{closure}(Object(Illuminate\\Http\\Request))
#37 C:\\Users\\SINCHINE DAS\\OneDrive\\Desktop\\first\\hospitalMS\\vendor\\laravel\\framework\\src\\Illuminate\\Pipeline\\Pipeline.php(167): Illuminate\\Routing\\Middleware\\SubstituteBindings->handle(Object(Illuminate\\Http\\Request), Object(Closure))
#38 C:\\Users\\SINCHINE DAS\\OneDrive\\Desktop\\first\\hospitalMS\\vendor\\laravel\\framework\\src\\Illuminate\\Foundation\\Http\\Middleware\\VerifyCsrfToken.php(78): Illuminate\\Pipeline\\Pipeline->Illuminate\\Pipeline\\{closure}(Object(Illuminate\\Http\\Request))
#39 C:\\Users\\SINCHINE DAS\\OneDrive\\Desktop\\first\\hospitalMS\\vendor\\laravel\\framework\\src\\Illuminate\\Pipeline\\Pipeline.php(167): Illuminate\\Foundation\\Http\\Middleware\\VerifyCsrfToken->handle(Object(Illuminate\\Http\\Request), Object(Closure))
#40 C:\\Users\\SINCHINE DAS\\OneDrive\\Desktop\\first\\hospitalMS\\vendor\\laravel\\framework\\src\\Illuminate\\View\\Middleware\\ShareErrorsFromSession.php(49): Illuminate\\Pipeline\\Pipeline->Illuminate\\Pipeline\\{closure}(Object(Illuminate\\Http\\Request))
#41 C:\\Users\\SINCHINE DAS\\OneDrive\\Desktop\\first\\hospitalMS\\vendor\\laravel\\framework\\src\\Illuminate\\Pipeline\\Pipeline.php(167): Illuminate\\View\\Middleware\\ShareErrorsFromSession->handle(Object(Illuminate\\Http\\Request), Object(Closure))
#42 C:\\Users\\SINCHINE DAS\\OneDrive\\Desktop\\first\\hospitalMS\\vendor\\laravel\\framework\\src\\Illuminate\\Session\\Middleware\\StartSession.php(121): Illuminate\\Pipeline\\Pipeline->Illuminate\\Pipeline\\{closure}(Object(Illuminate\\Http\\Request))
#43 C:\\Users\\SINCHINE DAS\\OneDrive\\Desktop\\first\\hospitalMS\\vendor\\laravel\\framework\\src\\Illuminate\\Session\\Middleware\\StartSession.php(64): Illuminate\\Session\\Middleware\\StartSession->handleStatefulRequest(Object(Illuminate\\Http\\Request), Object(Illuminate\\Session\\Store), Object(Closure))
#44 C:\\Users\\SINCHINE DAS\\OneDrive\\Desktop\\first\\hospitalMS\\vendor\\laravel\\framework\\src\\Illuminate\\Pipeline\\Pipeline.php(167): Illuminate\\Session\\Middleware\\StartSession->handle(Object(Illuminate\\Http\\Request), Object(Closure))
#45 C:\\Users\\SINCHINE DAS\\OneDrive\\Desktop\\first\\hospitalMS\\vendor\\laravel\\framework\\src\\Illuminate\\Cookie\\Middleware\\AddQueuedCookiesToResponse.php(37): Illuminate\\Pipeline\\Pipeline->Illuminate\\Pipeline\\{closure}(Object(Illuminate\\Http\\Request))
#46 C:\\Users\\SINCHINE DAS\\OneDrive\\Desktop\\first\\hospitalMS\\vendor\\laravel\\framework\\src\\Illuminate\\Pipeline\\Pipeline.php(167): Illuminate\\Cookie\\Middleware\\AddQueuedCookiesToResponse->handle(Object(Illuminate\\Http\\Request), Object(Closure))
#47 C:\\Users\\SINCHINE DAS\\OneDrive\\Desktop\\first\\hospitalMS\\vendor\\laravel\\framework\\src\\Illuminate\\Cookie\\Middleware\\EncryptCookies.php(67): Illuminate\\Pipeline\\Pipeline->Illuminate\\Pipeline\\{closure}(Object(Illuminate\\Http\\Request))
#48 C:\\Users\\SINCHINE DAS\\OneDrive\\Desktop\\first\\hospitalMS\\vendor\\laravel\\framework\\src\\Illuminate\\Pipeline\\Pipeline.php(167): Illuminate\\Cookie\\Middleware\\EncryptCookies->handle(Object(Illuminate\\Http\\Request), Object(Closure))
#49 C:\\Users\\SINCHINE DAS\\OneDrive\\Desktop\\first\\hospitalMS\\vendor\\laravel\\framework\\src\\Illuminate\\Pipeline\\Pipeline.php(103): Illuminate\\Pipeline\\Pipeline->Illuminate\\Pipeline\\{closure}(Object(Illuminate\\Http\\Request))
#50 C:\\Users\\SINCHINE DAS\\OneDrive\\Desktop\\first\\hospitalMS\\vendor\\laravel\\framework\\src\\Illuminate\\Routing\\Router.php(719): Illuminate\\Pipeline\\Pipeline->then(Object(Closure))
#51 C:\\Users\\SINCHINE DAS\\OneDrive\\Desktop\\first\\hospitalMS\\vendor\\laravel\\framework\\src\\Illuminate\\Routing\\Router.php(698): Illuminate\\Routing\\Router->runRouteWithinStack(Object(Illuminate\\Routing\\Route), Object(Illuminate\\Http\\Request))
#52 C:\\Users\\SINCHINE DAS\\OneDrive\\Desktop\\first\\hospitalMS\\vendor\\laravel\\framework\\src\\Illuminate\\Routing\\Router.php(662): Illuminate\\Routing\\Router->runRoute(Object(Illuminate\\Http\\Request), Object(Illuminate\\Routing\\Route))
#53 C:\\Users\\SINCHINE DAS\\OneDrive\\Desktop\\first\\hospitalMS\\vendor\\laravel\\framework\\src\\Illuminate\\Routing\\Router.php(651): Illuminate\\Routing\\Router->dispatchToRoute(Object(Illuminate\\Http\\Request))
#54 C:\\Users\\SINCHINE DAS\\OneDrive\\Desktop\\first\\hospitalMS\\vendor\\laravel\\framework\\src\\Illuminate\\Foundation\\Http\\Kernel.php(167): Illuminate\\Routing\\Router->dispatch(Object(Illuminate\\Http\\Request))
#55 C:\\Users\\SINCHINE DAS\\OneDrive\\Desktop\\first\\hospitalMS\\vendor\\laravel\\framework\\src\\Illuminate\\Pipeline\\Pipeline.php(128): Illuminate\\Foundation\\Http\\Kernel->Illuminate\\Foundation\\Http\\{closure}(Object(Illuminate\\Http\\Request))
#56 C:\\Users\\SINCHINE DAS\\OneDrive\\Desktop\\first\\hospitalMS\\vendor\\livewire\\livewire\\src\\DisableBrowserCache.php(19): Illuminate\\Pipeline\\Pipeline->Illuminate\\Pipeline\\{closure}(Object(Illuminate\\Http\\Request))
#57 C:\\Users\\SINCHINE DAS\\OneDrive\\Desktop\\first\\hospitalMS\\vendor\\laravel\\framework\\src\\Illuminate\\Pipeline\\Pipeline.php(167): Livewire\\DisableBrowserCache->handle(Object(Illuminate\\Http\\Request), Object(Closure))
#58 C:\\Users\\SINCHINE DAS\\OneDrive\\Desktop\\first\\hospitalMS\\vendor\\laravel\\framework\\src\\Illuminate\\Foundation\\Http\\Middleware\\TransformsRequest.php(21): Illuminate\\Pipeline\\Pipeline->Illuminate\\Pipeline\\{closure}(Object(Illuminate\\Http\\Request))
#59 C:\\Users\\SINCHINE DAS\\OneDrive\\Desktop\\first\\hospitalMS\\vendor\\laravel\\framework\\src\\Illuminate\\Foundation\\Http\\Middleware\\ConvertEmptyStringsToNull.php(31): Illuminate\\Foundation\\Http\\Middleware\\TransformsRequest->handle(Object(Illuminate\\Http\\Request), Object(Closure))
#60 C:\\Users\\SINCHINE DAS\\OneDrive\\Desktop\\first\\hospitalMS\\vendor\\laravel\\framework\\src\\Illuminate\\Pipeline\\Pipeline.php(167): Illuminate\\Foundation\\Http\\Middleware\\ConvertEmptyStringsToNull->handle(Object(Illuminate\\Http\\Request), Object(Closure))
#61 C:\\Users\\SINCHINE DAS\\OneDrive\\Desktop\\first\\hospitalMS\\vendor\\laravel\\framework\\src\\Illuminate\\Foundation\\Http\\Middleware\\TransformsRequest.php(21): Illuminate\\Pipeline\\Pipeline->Illuminate\\Pipeline\\{closure}(Object(Illuminate\\Http\\Request))
#62 C:\\Users\\SINCHINE DAS\\OneDrive\\Desktop\\first\\hospitalMS\\vendor\\laravel\\framework\\src\\Illuminate\\Foundation\\Http\\Middleware\\TrimStrings.php(40): Illuminate\\Foundation\\Http\\Middleware\\TransformsRequest->handle(Object(Illuminate\\Http\\Request), Object(Closure))
#63 C:\\Users\\SINCHINE DAS\\OneDrive\\Desktop\\first\\hospitalMS\\vendor\\laravel\\framework\\src\\Illuminate\\Pipeline\\Pipeline.php(167): Illuminate\\Foundation\\Http\\Middleware\\TrimStrings->handle(Object(Illuminate\\Http\\Request), Object(Closure))
#64 C:\\Users\\SINCHINE DAS\\OneDrive\\Desktop\\first\\hospitalMS\\vendor\\laravel\\framework\\src\\Illuminate\\Foundation\\Http\\Middleware\\ValidatePostSize.php(27): Illuminate\\Pipeline\\Pipeline->Illuminate\\Pipeline\\{closure}(Object(Illuminate\\Http\\Request))
#65 C:\\Users\\SINCHINE DAS\\OneDrive\\Desktop\\first\\hospitalMS\\vendor\\laravel\\framework\\src\\Illuminate\\Pipeline\\Pipeline.php(167): Illuminate\\Foundation\\Http\\Middleware\\ValidatePostSize->handle(Object(Illuminate\\Http\\Request), Object(Closure))
#66 C:\\Users\\SINCHINE DAS\\OneDrive\\Desktop\\first\\hospitalMS\\vendor\\laravel\\framework\\src\\Illuminate\\Foundation\\Http\\Middleware\\PreventRequestsDuringMaintenance.php(86): Illuminate\\Pipeline\\Pipeline->Illuminate\\Pipeline\\{closure}(Object(Illuminate\\Http\\Request))
#67 C:\\Users\\SINCHINE DAS\\OneDrive\\Desktop\\first\\hospitalMS\\vendor\\laravel\\framework\\src\\Illuminate\\Pipeline\\Pipeline.php(167): Illuminate\\Foundation\\Http\\Middleware\\PreventRequestsDuringMaintenance->handle(Object(Illuminate\\Http\\Request), Object(Closure))
#68 C:\\Users\\SINCHINE DAS\\OneDrive\\Desktop\\first\\hospitalMS\\vendor\\fruitcake\\laravel-cors\\src\\HandleCors.php(38): Illuminate\\Pipeline\\Pipeline->Illuminate\\Pipeline\\{closure}(Object(Illuminate\\Http\\Request))
#69 C:\\Users\\SINCHINE DAS\\OneDrive\\Desktop\\first\\hospitalMS\\vendor\\laravel\\framework\\src\\Illuminate\\Pipeline\\Pipeline.php(167): Fruitcake\\Cors\\HandleCors->handle(Object(Illuminate\\Http\\Request), Object(Closure))
#70 C:\\Users\\SINCHINE DAS\\OneDrive\\Desktop\\first\\hospitalMS\\vendor\\fideloper\\proxy\\src\\TrustProxies.php(57): Illuminate\\Pipeline\\Pipeline->Illuminate\\Pipeline\\{closure}(Object(Illuminate\\Http\\Request))
#71 C:\\Users\\SINCHINE DAS\\OneDrive\\Desktop\\first\\hospitalMS\\vendor\\laravel\\framework\\src\\Illuminate\\Pipeline\\Pipeline.php(167): Fideloper\\Proxy\\TrustProxies->handle(Object(Illuminate\\Http\\Request), Object(Closure))
#72 C:\\Users\\SINCHINE DAS\\OneDrive\\Desktop\\first\\hospitalMS\\vendor\\laravel\\framework\\src\\Illuminate\\Pipeline\\Pipeline.php(103): Illuminate\\Pipeline\\Pipeline->Illuminate\\Pipeline\\{closure}(Object(Illuminate\\Http\\Request))
#73 C:\\Users\\SINCHINE DAS\\OneDrive\\Desktop\\first\\hospitalMS\\vendor\\laravel\\framework\\src\\Illuminate\\Foundation\\Http\\Kernel.php(142): Illuminate\\Pipeline\\Pipeline->then(Object(Closure))
#74 C:\\Users\\SINCHINE DAS\\OneDrive\\Desktop\\first\\hospitalMS\\vendor\\laravel\\framework\\src\\Illuminate\\Foundation\\Http\\Kernel.php(111): Illuminate\\Foundation\\Http\\Kernel->sendRequestThroughRouter(Object(Illuminate\\Http\\Request))
#75 C:\\Users\\SINCHINE DAS\\OneDrive\\Desktop\\first\\hospitalMS\\public\\index.php(51): Illuminate\\Foundation\\Http\\Kernel->handle(Object(Illuminate\\Http\\Request))
#76 C:\\Users\\SINCHINE DAS\\OneDrive\\Desktop\\first\\hospitalMS\\server.php(21): require_once('C:\\\\Users\\\\SINCHI...')
#77 {main}
"} 
[2025-04-30 03:43:22] local.ERROR: SQLSTATE[HY000] [2002] No connection could be made because the target machine actively refused it (SQL: select * from information_schema.tables where table_schema = hms and table_name = migrations and table_type = 'BASE TABLE') {"exception":"[object] (Illuminate\\Database\\QueryException(code: 2002): SQLSTATE[HY000] [2002] No connection could be made because the target machine actively refused it (SQL: select * from information_schema.tables where table_schema = hms and table_name = migrations and table_type = 'BASE TABLE') at C:\\Users\\SINCHINE DAS\\OneDrive\\Desktop\\first\\hospitalMS\\vendor\\laravel\\framework\\src\\Illuminate\\Database\\Connection.php:712)
[stacktrace]
#0 C:\\Users\\SINCHINE DAS\\OneDrive\\Desktop\\first\\hospitalMS\\vendor\\laravel\\framework\\src\\Illuminate\\Database\\Connection.php(672): Illuminate\\Database\\Connection->runQueryCallback('select * from i...', Array, Object(Closure))
#1 C:\\Users\\SINCHINE DAS\\OneDrive\\Desktop\\first\\hospitalMS\\vendor\\laravel\\framework\\src\\Illuminate\\Database\\Connection.php(359): Illuminate\\Database\\Connection->run('select * from i...', Array, Object(Closure))
#2 C:\\Users\\SINCHINE DAS\\OneDrive\\Desktop\\first\\hospitalMS\\vendor\\laravel\\framework\\src\\Illuminate\\Database\\Schema\\MySqlBuilder.php(43): Illuminate\\Database\\Connection->select('select * from i...', Array)
#3 C:\\Users\\SINCHINE DAS\\OneDrive\\Desktop\\first\\hospitalMS\\vendor\\laravel\\framework\\src\\Illuminate\\Database\\Migrations\\DatabaseMigrationRepository.php(169): Illuminate\\Database\\Schema\\MySqlBuilder->hasTable('migrations')
#4 C:\\Users\\SINCHINE DAS\\OneDrive\\Desktop\\first\\hospitalMS\\vendor\\laravel\\framework\\src\\Illuminate\\Database\\Migrations\\Migrator.php(673): Illuminate\\Database\\Migrations\\DatabaseMigrationRepository->repositoryExists()
#5 C:\\Users\\SINCHINE DAS\\OneDrive\\Desktop\\first\\hospitalMS\\vendor\\laravel\\framework\\src\\Illuminate\\Database\\Console\\Migrations\\MigrateCommand.php(110): Illuminate\\Database\\Migrations\\Migrator->repositoryExists()
#6 C:\\Users\\SINCHINE DAS\\OneDrive\\Desktop\\first\\hospitalMS\\vendor\\laravel\\framework\\src\\Illuminate\\Database\\Console\\Migrations\\MigrateCommand.php(78): Illuminate\\Database\\Console\\Migrations\\MigrateCommand->prepareDatabase()
#7 C:\\Users\\SINCHINE DAS\\OneDrive\\Desktop\\first\\hospitalMS\\vendor\\laravel\\framework\\src\\Illuminate\\Database\\Migrations\\Migrator.php(606): Illuminate\\Database\\Console\\Migrations\\MigrateCommand->Illuminate\\Database\\Console\\Migrations\\{closure}()
#8 C:\\Users\\SINCHINE DAS\\OneDrive\\Desktop\\first\\hospitalMS\\vendor\\laravel\\framework\\src\\Illuminate\\Database\\Console\\Migrations\\MigrateCommand.php(77): Illuminate\\Database\\Migrations\\Migrator->usingConnection(NULL, Object(Closure))
#9 C:\\Users\\SINCHINE DAS\\OneDrive\\Desktop\\first\\hospitalMS\\vendor\\laravel\\framework\\src\\Illuminate\\Container\\BoundMethod.php(36): Illuminate\\Database\\Console\\Migrations\\MigrateCommand->handle()
#10 C:\\Users\\SINCHINE DAS\\OneDrive\\Desktop\\first\\hospitalMS\\vendor\\laravel\\framework\\src\\Illuminate\\Container\\Util.php(40): Illuminate\\Container\\BoundMethod::Illuminate\\Container\\{closure}()
#11 C:\\Users\\SINCHINE DAS\\OneDrive\\Desktop\\first\\hospitalMS\\vendor\\laravel\\framework\\src\\Illuminate\\Container\\BoundMethod.php(93): Illuminate\\Container\\Util::unwrapIfClosure(Object(Closure))
#12 C:\\Users\\SINCHINE DAS\\OneDrive\\Desktop\\first\\hospitalMS\\vendor\\laravel\\framework\\src\\Illuminate\\Container\\BoundMethod.php(35): Illuminate\\Container\\BoundMethod::callBoundMethod(Object(Illuminate\\Foundation\\Application), Array, Object(Closure))
#13 C:\\Users\\SINCHINE DAS\\OneDrive\\Desktop\\first\\hospitalMS\\vendor\\laravel\\framework\\src\\Illuminate\\Container\\Container.php(653): Illuminate\\Container\\BoundMethod::call(Object(Illuminate\\Foundation\\Application), Array, Array, NULL)
#14 C:\\Users\\SINCHINE DAS\\OneDrive\\Desktop\\first\\hospitalMS\\vendor\\laravel\\framework\\src\\Illuminate\\Console\\Command.php(136): Illuminate\\Container\\Container->call(Array)
#15 C:\\Users\\SINCHINE DAS\\OneDrive\\Desktop\\first\\hospitalMS\\vendor\\symfony\\console\\Command\\Command.php(298): Illuminate\\Console\\Command->execute(Object(Symfony\\Component\\Console\\Input\\ArgvInput), Object(Illuminate\\Console\\OutputStyle))
#16 C:\\Users\\SINCHINE DAS\\OneDrive\\Desktop\\first\\hospitalMS\\vendor\\laravel\\framework\\src\\Illuminate\\Console\\Command.php(120): Symfony\\Component\\Console\\Command\\Command->run(Object(Symfony\\Component\\Console\\Input\\ArgvInput), Object(Illuminate\\Console\\OutputStyle))
#17 C:\\Users\\SINCHINE DAS\\OneDrive\\Desktop\\first\\hospitalMS\\vendor\\symfony\\console\\Application.php(1040): Illuminate\\Console\\Command->run(Object(Symfony\\Component\\Console\\Input\\ArgvInput), Object(Symfony\\Component\\Console\\Output\\ConsoleOutput))
#18 C:\\Users\\SINCHINE DAS\\OneDrive\\Desktop\\first\\hospitalMS\\vendor\\symfony\\console\\Application.php(301): Symfony\\Component\\Console\\Application->doRunCommand(Object(Illuminate\\Database\\Console\\Migrations\\MigrateCommand), Object(Symfony\\Component\\Console\\Input\\ArgvInput), Object(Symfony\\Component\\Console\\Output\\ConsoleOutput))
#19 C:\\Users\\SINCHINE DAS\\OneDrive\\Desktop\\first\\hospitalMS\\vendor\\symfony\\console\\Application.php(171): Symfony\\Component\\Console\\Application->doRun(Object(Symfony\\Component\\Console\\Input\\ArgvInput), Object(Symfony\\Component\\Console\\Output\\ConsoleOutput))
#20 C:\\Users\\SINCHINE DAS\\OneDrive\\Desktop\\first\\hospitalMS\\vendor\\laravel\\framework\\src\\Illuminate\\Console\\Application.php(94): Symfony\\Component\\Console\\Application->run(Object(Symfony\\Component\\Console\\Input\\ArgvInput), Object(Symfony\\Component\\Console\\Output\\ConsoleOutput))
#21 C:\\Users\\SINCHINE DAS\\OneDrive\\Desktop\\first\\hospitalMS\\vendor\\laravel\\framework\\src\\Illuminate\\Foundation\\Console\\Kernel.php(129): Illuminate\\Console\\Application->run(Object(Symfony\\Component\\Console\\Input\\ArgvInput), Object(Symfony\\Component\\Console\\Output\\ConsoleOutput))
#22 C:\\Users\\SINCHINE DAS\\OneDrive\\Desktop\\first\\hospitalMS\\artisan(35): Illuminate\\Foundation\\Console\\Kernel->handle(Object(Symfony\\Component\\Console\\Input\\ArgvInput), Object(Symfony\\Component\\Console\\Output\\ConsoleOutput))
#23 {main}

[previous exception] [object] (PDOException(code: 2002): SQLSTATE[HY000] [2002] No connection could be made because the target machine actively refused it at C:\\Users\\SINCHINE DAS\\OneDrive\\Desktop\\first\\hospitalMS\\vendor\\laravel\\framework\\src\\Illuminate\\Database\\Connectors\\Connector.php:70)
[stacktrace]
#0 C:\\Users\\SINCHINE DAS\\OneDrive\\Desktop\\first\\hospitalMS\\vendor\\laravel\\framework\\src\\Illuminate\\Database\\Connectors\\Connector.php(70): PDO->__construct('mysql:host=127....', 'root', Object(SensitiveParameterValue), Array)
#1 C:\\Users\\SINCHINE DAS\\OneDrive\\Desktop\\first\\hospitalMS\\vendor\\laravel\\framework\\src\\Illuminate\\Database\\Connectors\\Connector.php(45): Illuminate\\Database\\Connectors\\Connector->createPdoConnection('mysql:host=127....', 'root', '', Array)
#2 C:\\Users\\SINCHINE DAS\\OneDrive\\Desktop\\first\\hospitalMS\\vendor\\laravel\\framework\\src\\Illuminate\\Database\\Connectors\\MySqlConnector.php(24): Illuminate\\Database\\Connectors\\Connector->createConnection('mysql:host=127....', Array, Array)
#3 C:\\Users\\SINCHINE DAS\\OneDrive\\Desktop\\first\\hospitalMS\\vendor\\laravel\\framework\\src\\Illuminate\\Database\\Connectors\\ConnectionFactory.php(184): Illuminate\\Database\\Connectors\\MySqlConnector->connect(Array)
#4 [internal function]: Illuminate\\Database\\Connectors\\ConnectionFactory->Illuminate\\Database\\Connectors\\{closure}()
#5 C:\\Users\\SINCHINE DAS\\OneDrive\\Desktop\\first\\hospitalMS\\vendor\\laravel\\framework\\src\\Illuminate\\Database\\Connection.php(1064): call_user_func(Object(Closure))
#6 C:\\Users\\SINCHINE DAS\\OneDrive\\Desktop\\first\\hospitalMS\\vendor\\laravel\\framework\\src\\Illuminate\\Database\\Connection.php(1100): Illuminate\\Database\\Connection->getPdo()
#7 C:\\Users\\SINCHINE DAS\\OneDrive\\Desktop\\first\\hospitalMS\\vendor\\laravel\\framework\\src\\Illuminate\\Database\\Connection.php(442): Illuminate\\Database\\Connection->getReadPdo()
#8 C:\\Users\\SINCHINE DAS\\OneDrive\\Desktop\\first\\hospitalMS\\vendor\\laravel\\framework\\src\\Illuminate\\Database\\Connection.php(368): Illuminate\\Database\\Connection->getPdoForSelect(true)
#9 C:\\Users\\SINCHINE DAS\\OneDrive\\Desktop\\first\\hospitalMS\\vendor\\laravel\\framework\\src\\Illuminate\\Database\\Connection.php(705): Illuminate\\Database\\Connection->Illuminate\\Database\\{closure}('select * from i...', Array)
#10 C:\\Users\\SINCHINE DAS\\OneDrive\\Desktop\\first\\hospitalMS\\vendor\\laravel\\framework\\src\\Illuminate\\Database\\Connection.php(672): Illuminate\\Database\\Connection->runQueryCallback('select * from i...', Array, Object(Closure))
#11 C:\\Users\\SINCHINE DAS\\OneDrive\\Desktop\\first\\hospitalMS\\vendor\\laravel\\framework\\src\\Illuminate\\Database\\Connection.php(359): Illuminate\\Database\\Connection->run('select * from i...', Array, Object(Closure))
#12 C:\\Users\\SINCHINE DAS\\OneDrive\\Desktop\\first\\hospitalMS\\vendor\\laravel\\framework\\src\\Illuminate\\Database\\Schema\\MySqlBuilder.php(43): Illuminate\\Database\\Connection->select('select * from i...', Array)
#13 C:\\Users\\SINCHINE DAS\\OneDrive\\Desktop\\first\\hospitalMS\\vendor\\laravel\\framework\\src\\Illuminate\\Database\\Migrations\\DatabaseMigrationRepository.php(169): Illuminate\\Database\\Schema\\MySqlBuilder->hasTable('migrations')
#14 C:\\Users\\SINCHINE DAS\\OneDrive\\Desktop\\first\\hospitalMS\\vendor\\laravel\\framework\\src\\Illuminate\\Database\\Migrations\\Migrator.php(673): Illuminate\\Database\\Migrations\\DatabaseMigrationRepository->repositoryExists()
#15 C:\\Users\\SINCHINE DAS\\OneDrive\\Desktop\\first\\hospitalMS\\vendor\\laravel\\framework\\src\\Illuminate\\Database\\Console\\Migrations\\MigrateCommand.php(110): Illuminate\\Database\\Migrations\\Migrator->repositoryExists()
#16 C:\\Users\\SINCHINE DAS\\OneDrive\\Desktop\\first\\hospitalMS\\vendor\\laravel\\framework\\src\\Illuminate\\Database\\Console\\Migrations\\MigrateCommand.php(78): Illuminate\\Database\\Console\\Migrations\\MigrateCommand->prepareDatabase()
#17 C:\\Users\\SINCHINE DAS\\OneDrive\\Desktop\\first\\hospitalMS\\vendor\\laravel\\framework\\src\\Illuminate\\Database\\Migrations\\Migrator.php(606): Illuminate\\Database\\Console\\Migrations\\MigrateCommand->Illuminate\\Database\\Console\\Migrations\\{closure}()
#18 C:\\Users\\SINCHINE DAS\\OneDrive\\Desktop\\first\\hospitalMS\\vendor\\laravel\\framework\\src\\Illuminate\\Database\\Console\\Migrations\\MigrateCommand.php(77): Illuminate\\Database\\Migrations\\Migrator->usingConnection(NULL, Object(Closure))
#19 C:\\Users\\SINCHINE DAS\\OneDrive\\Desktop\\first\\hospitalMS\\vendor\\laravel\\framework\\src\\Illuminate\\Container\\BoundMethod.php(36): Illuminate\\Database\\Console\\Migrations\\MigrateCommand->handle()
#20 C:\\Users\\SINCHINE DAS\\OneDrive\\Desktop\\first\\hospitalMS\\vendor\\laravel\\framework\\src\\Illuminate\\Container\\Util.php(40): Illuminate\\Container\\BoundMethod::Illuminate\\Container\\{closure}()
#21 C:\\Users\\SINCHINE DAS\\OneDrive\\Desktop\\first\\hospitalMS\\vendor\\laravel\\framework\\src\\Illuminate\\Container\\BoundMethod.php(93): Illuminate\\Container\\Util::unwrapIfClosure(Object(Closure))
#22 C:\\Users\\SINCHINE DAS\\OneDrive\\Desktop\\first\\hospitalMS\\vendor\\laravel\\framework\\src\\Illuminate\\Container\\BoundMethod.php(35): Illuminate\\Container\\BoundMethod::callBoundMethod(Object(Illuminate\\Foundation\\Application), Array, Object(Closure))
#23 C:\\Users\\SINCHINE DAS\\OneDrive\\Desktop\\first\\hospitalMS\\vendor\\laravel\\framework\\src\\Illuminate\\Container\\Container.php(653): Illuminate\\Container\\BoundMethod::call(Object(Illuminate\\Foundation\\Application), Array, Array, NULL)
#24 C:\\Users\\SINCHINE DAS\\OneDrive\\Desktop\\first\\hospitalMS\\vendor\\laravel\\framework\\src\\Illuminate\\Console\\Command.php(136): Illuminate\\Container\\Container->call(Array)
#25 C:\\Users\\SINCHINE DAS\\OneDrive\\Desktop\\first\\hospitalMS\\vendor\\symfony\\console\\Command\\Command.php(298): Illuminate\\Console\\Command->execute(Object(Symfony\\Component\\Console\\Input\\ArgvInput), Object(Illuminate\\Console\\OutputStyle))
#26 C:\\Users\\SINCHINE DAS\\OneDrive\\Desktop\\first\\hospitalMS\\vendor\\laravel\\framework\\src\\Illuminate\\Console\\Command.php(120): Symfony\\Component\\Console\\Command\\Command->run(Object(Symfony\\Component\\Console\\Input\\ArgvInput), Object(Illuminate\\Console\\OutputStyle))
#27 C:\\Users\\SINCHINE DAS\\OneDrive\\Desktop\\first\\hospitalMS\\vendor\\symfony\\console\\Application.php(1040): Illuminate\\Console\\Command->run(Object(Symfony\\Component\\Console\\Input\\ArgvInput), Object(Symfony\\Component\\Console\\Output\\ConsoleOutput))
#28 C:\\Users\\SINCHINE DAS\\OneDrive\\Desktop\\first\\hospitalMS\\vendor\\symfony\\console\\Application.php(301): Symfony\\Component\\Console\\Application->doRunCommand(Object(Illuminate\\Database\\Console\\Migrations\\MigrateCommand), Object(Symfony\\Component\\Console\\Input\\ArgvInput), Object(Symfony\\Component\\Console\\Output\\ConsoleOutput))
#29 C:\\Users\\SINCHINE DAS\\OneDrive\\Desktop\\first\\hospitalMS\\vendor\\symfony\\console\\Application.php(171): Symfony\\Component\\Console\\Application->doRun(Object(Symfony\\Component\\Console\\Input\\ArgvInput), Object(Symfony\\Component\\Console\\Output\\ConsoleOutput))
#30 C:\\Users\\SINCHINE DAS\\OneDrive\\Desktop\\first\\hospitalMS\\vendor\\laravel\\framework\\src\\Illuminate\\Console\\Application.php(94): Symfony\\Component\\Console\\Application->run(Object(Symfony\\Component\\Console\\Input\\ArgvInput), Object(Symfony\\Component\\Console\\Output\\ConsoleOutput))
#31 C:\\Users\\SINCHINE DAS\\OneDrive\\Desktop\\first\\hospitalMS\\vendor\\laravel\\framework\\src\\Illuminate\\Foundation\\Console\\Kernel.php(129): Illuminate\\Console\\Application->run(Object(Symfony\\Component\\Console\\Input\\ArgvInput), Object(Symfony\\Component\\Console\\Output\\ConsoleOutput))
#32 C:\\Users\\SINCHINE DAS\\OneDrive\\Desktop\\first\\hospitalMS\\artisan(35): Illuminate\\Foundation\\Console\\Kernel->handle(Object(Symfony\\Component\\Console\\Input\\ArgvInput), Object(Symfony\\Component\\Console\\Output\\ConsoleOutput))
#33 {main}
"} 
[2025-04-30 03:45:25] local.ERROR: SQLSTATE[HY000] [2002] No connection could be made because the target machine actively refused it (SQL: select * from information_schema.tables where table_schema = hms and table_name = migrations and table_type = 'BASE TABLE') {"exception":"[object] (Illuminate\\Database\\QueryException(code: 2002): SQLSTATE[HY000] [2002] No connection could be made because the target machine actively refused it (SQL: select * from information_schema.tables where table_schema = hms and table_name = migrations and table_type = 'BASE TABLE') at C:\\Users\\SINCHINE DAS\\OneDrive\\Desktop\\first\\hospitalMS\\vendor\\laravel\\framework\\src\\Illuminate\\Database\\Connection.php:712)
[stacktrace]
#0 C:\\Users\\SINCHINE DAS\\OneDrive\\Desktop\\first\\hospitalMS\\vendor\\laravel\\framework\\src\\Illuminate\\Database\\Connection.php(672): Illuminate\\Database\\Connection->runQueryCallback('select * from i...', Array, Object(Closure))
#1 C:\\Users\\SINCHINE DAS\\OneDrive\\Desktop\\first\\hospitalMS\\vendor\\laravel\\framework\\src\\Illuminate\\Database\\Connection.php(359): Illuminate\\Database\\Connection->run('select * from i...', Array, Object(Closure))
#2 C:\\Users\\SINCHINE DAS\\OneDrive\\Desktop\\first\\hospitalMS\\vendor\\laravel\\framework\\src\\Illuminate\\Database\\Schema\\MySqlBuilder.php(43): Illuminate\\Database\\Connection->select('select * from i...', Array)
#3 C:\\Users\\SINCHINE DAS\\OneDrive\\Desktop\\first\\hospitalMS\\vendor\\laravel\\framework\\src\\Illuminate\\Database\\Migrations\\DatabaseMigrationRepository.php(169): Illuminate\\Database\\Schema\\MySqlBuilder->hasTable('migrations')
#4 C:\\Users\\SINCHINE DAS\\OneDrive\\Desktop\\first\\hospitalMS\\vendor\\laravel\\framework\\src\\Illuminate\\Database\\Migrations\\Migrator.php(673): Illuminate\\Database\\Migrations\\DatabaseMigrationRepository->repositoryExists()
#5 C:\\Users\\SINCHINE DAS\\OneDrive\\Desktop\\first\\hospitalMS\\vendor\\laravel\\framework\\src\\Illuminate\\Database\\Console\\Migrations\\MigrateCommand.php(110): Illuminate\\Database\\Migrations\\Migrator->repositoryExists()
#6 C:\\Users\\SINCHINE DAS\\OneDrive\\Desktop\\first\\hospitalMS\\vendor\\laravel\\framework\\src\\Illuminate\\Database\\Console\\Migrations\\MigrateCommand.php(78): Illuminate\\Database\\Console\\Migrations\\MigrateCommand->prepareDatabase()
#7 C:\\Users\\SINCHINE DAS\\OneDrive\\Desktop\\first\\hospitalMS\\vendor\\laravel\\framework\\src\\Illuminate\\Database\\Migrations\\Migrator.php(606): Illuminate\\Database\\Console\\Migrations\\MigrateCommand->Illuminate\\Database\\Console\\Migrations\\{closure}()
#8 C:\\Users\\SINCHINE DAS\\OneDrive\\Desktop\\first\\hospitalMS\\vendor\\laravel\\framework\\src\\Illuminate\\Database\\Console\\Migrations\\MigrateCommand.php(77): Illuminate\\Database\\Migrations\\Migrator->usingConnection(NULL, Object(Closure))
#9 C:\\Users\\SINCHINE DAS\\OneDrive\\Desktop\\first\\hospitalMS\\vendor\\laravel\\framework\\src\\Illuminate\\Container\\BoundMethod.php(36): Illuminate\\Database\\Console\\Migrations\\MigrateCommand->handle()
#10 C:\\Users\\SINCHINE DAS\\OneDrive\\Desktop\\first\\hospitalMS\\vendor\\laravel\\framework\\src\\Illuminate\\Container\\Util.php(40): Illuminate\\Container\\BoundMethod::Illuminate\\Container\\{closure}()
#11 C:\\Users\\SINCHINE DAS\\OneDrive\\Desktop\\first\\hospitalMS\\vendor\\laravel\\framework\\src\\Illuminate\\Container\\BoundMethod.php(93): Illuminate\\Container\\Util::unwrapIfClosure(Object(Closure))
#12 C:\\Users\\SINCHINE DAS\\OneDrive\\Desktop\\first\\hospitalMS\\vendor\\laravel\\framework\\src\\Illuminate\\Container\\BoundMethod.php(35): Illuminate\\Container\\BoundMethod::callBoundMethod(Object(Illuminate\\Foundation\\Application), Array, Object(Closure))
#13 C:\\Users\\SINCHINE DAS\\OneDrive\\Desktop\\first\\hospitalMS\\vendor\\laravel\\framework\\src\\Illuminate\\Container\\Container.php(653): Illuminate\\Container\\BoundMethod::call(Object(Illuminate\\Foundation\\Application), Array, Array, NULL)
#14 C:\\Users\\SINCHINE DAS\\OneDrive\\Desktop\\first\\hospitalMS\\vendor\\laravel\\framework\\src\\Illuminate\\Console\\Command.php(136): Illuminate\\Container\\Container->call(Array)
#15 C:\\Users\\SINCHINE DAS\\OneDrive\\Desktop\\first\\hospitalMS\\vendor\\symfony\\console\\Command\\Command.php(298): Illuminate\\Console\\Command->execute(Object(Symfony\\Component\\Console\\Input\\ArgvInput), Object(Illuminate\\Console\\OutputStyle))
#16 C:\\Users\\SINCHINE DAS\\OneDrive\\Desktop\\first\\hospitalMS\\vendor\\laravel\\framework\\src\\Illuminate\\Console\\Command.php(120): Symfony\\Component\\Console\\Command\\Command->run(Object(Symfony\\Component\\Console\\Input\\ArgvInput), Object(Illuminate\\Console\\OutputStyle))
#17 C:\\Users\\SINCHINE DAS\\OneDrive\\Desktop\\first\\hospitalMS\\vendor\\symfony\\console\\Application.php(1040): Illuminate\\Console\\Command->run(Object(Symfony\\Component\\Console\\Input\\ArgvInput), Object(Symfony\\Component\\Console\\Output\\ConsoleOutput))
#18 C:\\Users\\SINCHINE DAS\\OneDrive\\Desktop\\first\\hospitalMS\\vendor\\symfony\\console\\Application.php(301): Symfony\\Component\\Console\\Application->doRunCommand(Object(Illuminate\\Database\\Console\\Migrations\\MigrateCommand), Object(Symfony\\Component\\Console\\Input\\ArgvInput), Object(Symfony\\Component\\Console\\Output\\ConsoleOutput))
#19 C:\\Users\\SINCHINE DAS\\OneDrive\\Desktop\\first\\hospitalMS\\vendor\\symfony\\console\\Application.php(171): Symfony\\Component\\Console\\Application->doRun(Object(Symfony\\Component\\Console\\Input\\ArgvInput), Object(Symfony\\Component\\Console\\Output\\ConsoleOutput))
#20 C:\\Users\\SINCHINE DAS\\OneDrive\\Desktop\\first\\hospitalMS\\vendor\\laravel\\framework\\src\\Illuminate\\Console\\Application.php(94): Symfony\\Component\\Console\\Application->run(Object(Symfony\\Component\\Console\\Input\\ArgvInput), Object(Symfony\\Component\\Console\\Output\\ConsoleOutput))
#21 C:\\Users\\SINCHINE DAS\\OneDrive\\Desktop\\first\\hospitalMS\\vendor\\laravel\\framework\\src\\Illuminate\\Foundation\\Console\\Kernel.php(129): Illuminate\\Console\\Application->run(Object(Symfony\\Component\\Console\\Input\\ArgvInput), Object(Symfony\\Component\\Console\\Output\\ConsoleOutput))
#22 C:\\Users\\SINCHINE DAS\\OneDrive\\Desktop\\first\\hospitalMS\\artisan(35): Illuminate\\Foundation\\Console\\Kernel->handle(Object(Symfony\\Component\\Console\\Input\\ArgvInput), Object(Symfony\\Component\\Console\\Output\\ConsoleOutput))
#23 {main}

[previous exception] [object] (PDOException(code: 2002): SQLSTATE[HY000] [2002] No connection could be made because the target machine actively refused it at C:\\Users\\SINCHINE DAS\\OneDrive\\Desktop\\first\\hospitalMS\\vendor\\laravel\\framework\\src\\Illuminate\\Database\\Connectors\\Connector.php:70)
[stacktrace]
#0 C:\\Users\\SINCHINE DAS\\OneDrive\\Desktop\\first\\hospitalMS\\vendor\\laravel\\framework\\src\\Illuminate\\Database\\Connectors\\Connector.php(70): PDO->__construct('mysql:host=127....', 'root', Object(SensitiveParameterValue), Array)
#1 C:\\Users\\SINCHINE DAS\\OneDrive\\Desktop\\first\\hospitalMS\\vendor\\laravel\\framework\\src\\Illuminate\\Database\\Connectors\\Connector.php(45): Illuminate\\Database\\Connectors\\Connector->createPdoConnection('mysql:host=127....', 'root', '', Array)
#2 C:\\Users\\SINCHINE DAS\\OneDrive\\Desktop\\first\\hospitalMS\\vendor\\laravel\\framework\\src\\Illuminate\\Database\\Connectors\\MySqlConnector.php(24): Illuminate\\Database\\Connectors\\Connector->createConnection('mysql:host=127....', Array, Array)
#3 C:\\Users\\SINCHINE DAS\\OneDrive\\Desktop\\first\\hospitalMS\\vendor\\laravel\\framework\\src\\Illuminate\\Database\\Connectors\\ConnectionFactory.php(184): Illuminate\\Database\\Connectors\\MySqlConnector->connect(Array)
#4 [internal function]: Illuminate\\Database\\Connectors\\ConnectionFactory->Illuminate\\Database\\Connectors\\{closure}()
#5 C:\\Users\\SINCHINE DAS\\OneDrive\\Desktop\\first\\hospitalMS\\vendor\\laravel\\framework\\src\\Illuminate\\Database\\Connection.php(1064): call_user_func(Object(Closure))
#6 C:\\Users\\SINCHINE DAS\\OneDrive\\Desktop\\first\\hospitalMS\\vendor\\laravel\\framework\\src\\Illuminate\\Database\\Connection.php(1100): Illuminate\\Database\\Connection->getPdo()
#7 C:\\Users\\SINCHINE DAS\\OneDrive\\Desktop\\first\\hospitalMS\\vendor\\laravel\\framework\\src\\Illuminate\\Database\\Connection.php(442): Illuminate\\Database\\Connection->getReadPdo()
#8 C:\\Users\\SINCHINE DAS\\OneDrive\\Desktop\\first\\hospitalMS\\vendor\\laravel\\framework\\src\\Illuminate\\Database\\Connection.php(368): Illuminate\\Database\\Connection->getPdoForSelect(true)
#9 C:\\Users\\SINCHINE DAS\\OneDrive\\Desktop\\first\\hospitalMS\\vendor\\laravel\\framework\\src\\Illuminate\\Database\\Connection.php(705): Illuminate\\Database\\Connection->Illuminate\\Database\\{closure}('select * from i...', Array)
#10 C:\\Users\\SINCHINE DAS\\OneDrive\\Desktop\\first\\hospitalMS\\vendor\\laravel\\framework\\src\\Illuminate\\Database\\Connection.php(672): Illuminate\\Database\\Connection->runQueryCallback('select * from i...', Array, Object(Closure))
#11 C:\\Users\\SINCHINE DAS\\OneDrive\\Desktop\\first\\hospitalMS\\vendor\\laravel\\framework\\src\\Illuminate\\Database\\Connection.php(359): Illuminate\\Database\\Connection->run('select * from i...', Array, Object(Closure))
#12 C:\\Users\\SINCHINE DAS\\OneDrive\\Desktop\\first\\hospitalMS\\vendor\\laravel\\framework\\src\\Illuminate\\Database\\Schema\\MySqlBuilder.php(43): Illuminate\\Database\\Connection->select('select * from i...', Array)
#13 C:\\Users\\SINCHINE DAS\\OneDrive\\Desktop\\first\\hospitalMS\\vendor\\laravel\\framework\\src\\Illuminate\\Database\\Migrations\\DatabaseMigrationRepository.php(169): Illuminate\\Database\\Schema\\MySqlBuilder->hasTable('migrations')
#14 C:\\Users\\SINCHINE DAS\\OneDrive\\Desktop\\first\\hospitalMS\\vendor\\laravel\\framework\\src\\Illuminate\\Database\\Migrations\\Migrator.php(673): Illuminate\\Database\\Migrations\\DatabaseMigrationRepository->repositoryExists()
#15 C:\\Users\\SINCHINE DAS\\OneDrive\\Desktop\\first\\hospitalMS\\vendor\\laravel\\framework\\src\\Illuminate\\Database\\Console\\Migrations\\MigrateCommand.php(110): Illuminate\\Database\\Migrations\\Migrator->repositoryExists()
#16 C:\\Users\\SINCHINE DAS\\OneDrive\\Desktop\\first\\hospitalMS\\vendor\\laravel\\framework\\src\\Illuminate\\Database\\Console\\Migrations\\MigrateCommand.php(78): Illuminate\\Database\\Console\\Migrations\\MigrateCommand->prepareDatabase()
#17 C:\\Users\\SINCHINE DAS\\OneDrive\\Desktop\\first\\hospitalMS\\vendor\\laravel\\framework\\src\\Illuminate\\Database\\Migrations\\Migrator.php(606): Illuminate\\Database\\Console\\Migrations\\MigrateCommand->Illuminate\\Database\\Console\\Migrations\\{closure}()
#18 C:\\Users\\SINCHINE DAS\\OneDrive\\Desktop\\first\\hospitalMS\\vendor\\laravel\\framework\\src\\Illuminate\\Database\\Console\\Migrations\\MigrateCommand.php(77): Illuminate\\Database\\Migrations\\Migrator->usingConnection(NULL, Object(Closure))
#19 C:\\Users\\SINCHINE DAS\\OneDrive\\Desktop\\first\\hospitalMS\\vendor\\laravel\\framework\\src\\Illuminate\\Container\\BoundMethod.php(36): Illuminate\\Database\\Console\\Migrations\\MigrateCommand->handle()
#20 C:\\Users\\SINCHINE DAS\\OneDrive\\Desktop\\first\\hospitalMS\\vendor\\laravel\\framework\\src\\Illuminate\\Container\\Util.php(40): Illuminate\\Container\\BoundMethod::Illuminate\\Container\\{closure}()
#21 C:\\Users\\SINCHINE DAS\\OneDrive\\Desktop\\first\\hospitalMS\\vendor\\laravel\\framework\\src\\Illuminate\\Container\\BoundMethod.php(93): Illuminate\\Container\\Util::unwrapIfClosure(Object(Closure))
#22 C:\\Users\\SINCHINE DAS\\OneDrive\\Desktop\\first\\hospitalMS\\vendor\\laravel\\framework\\src\\Illuminate\\Container\\BoundMethod.php(35): Illuminate\\Container\\BoundMethod::callBoundMethod(Object(Illuminate\\Foundation\\Application), Array, Object(Closure))
#23 C:\\Users\\SINCHINE DAS\\OneDrive\\Desktop\\first\\hospitalMS\\vendor\\laravel\\framework\\src\\Illuminate\\Container\\Container.php(653): Illuminate\\Container\\BoundMethod::call(Object(Illuminate\\Foundation\\Application), Array, Array, NULL)
#24 C:\\Users\\SINCHINE DAS\\OneDrive\\Desktop\\first\\hospitalMS\\vendor\\laravel\\framework\\src\\Illuminate\\Console\\Command.php(136): Illuminate\\Container\\Container->call(Array)
#25 C:\\Users\\SINCHINE DAS\\OneDrive\\Desktop\\first\\hospitalMS\\vendor\\symfony\\console\\Command\\Command.php(298): Illuminate\\Console\\Command->execute(Object(Symfony\\Component\\Console\\Input\\ArgvInput), Object(Illuminate\\Console\\OutputStyle))
#26 C:\\Users\\SINCHINE DAS\\OneDrive\\Desktop\\first\\hospitalMS\\vendor\\laravel\\framework\\src\\Illuminate\\Console\\Command.php(120): Symfony\\Component\\Console\\Command\\Command->run(Object(Symfony\\Component\\Console\\Input\\ArgvInput), Object(Illuminate\\Console\\OutputStyle))
#27 C:\\Users\\SINCHINE DAS\\OneDrive\\Desktop\\first\\hospitalMS\\vendor\\symfony\\console\\Application.php(1040): Illuminate\\Console\\Command->run(Object(Symfony\\Component\\Console\\Input\\ArgvInput), Object(Symfony\\Component\\Console\\Output\\ConsoleOutput))
#28 C:\\Users\\SINCHINE DAS\\OneDrive\\Desktop\\first\\hospitalMS\\vendor\\symfony\\console\\Application.php(301): Symfony\\Component\\Console\\Application->doRunCommand(Object(Illuminate\\Database\\Console\\Migrations\\MigrateCommand), Object(Symfony\\Component\\Console\\Input\\ArgvInput), Object(Symfony\\Component\\Console\\Output\\ConsoleOutput))
#29 C:\\Users\\SINCHINE DAS\\OneDrive\\Desktop\\first\\hospitalMS\\vendor\\symfony\\console\\Application.php(171): Symfony\\Component\\Console\\Application->doRun(Object(Symfony\\Component\\Console\\Input\\ArgvInput), Object(Symfony\\Component\\Console\\Output\\ConsoleOutput))
#30 C:\\Users\\SINCHINE DAS\\OneDrive\\Desktop\\first\\hospitalMS\\vendor\\laravel\\framework\\src\\Illuminate\\Console\\Application.php(94): Symfony\\Component\\Console\\Application->run(Object(Symfony\\Component\\Console\\Input\\ArgvInput), Object(Symfony\\Component\\Console\\Output\\ConsoleOutput))
#31 C:\\Users\\SINCHINE DAS\\OneDrive\\Desktop\\first\\hospitalMS\\vendor\\laravel\\framework\\src\\Illuminate\\Foundation\\Console\\Kernel.php(129): Illuminate\\Console\\Application->run(Object(Symfony\\Component\\Console\\Input\\ArgvInput), Object(Symfony\\Component\\Console\\Output\\ConsoleOutput))
#32 C:\\Users\\SINCHINE DAS\\OneDrive\\Desktop\\first\\hospitalMS\\artisan(35): Illuminate\\Foundation\\Console\\Kernel->handle(Object(Symfony\\Component\\Console\\Input\\ArgvInput), Object(Symfony\\Component\\Console\\Output\\ConsoleOutput))
#33 {main}
"} 
[2025-04-30 03:45:45] local.ERROR: SQLSTATE[HY000] [2002] No connection could be made because the target machine actively refused it (SQL: select * from `settings` where `settings`.`deleted_at` is null order by `created_at` desc limit 1) (View: C:\Users\SINCHINE DAS\OneDrive\Desktop\first\hospitalMS\resources\views\index.blade.php) {"view":{"view":"C:\\Users\\SINCHINE DAS\\OneDrive\\Desktop\\first\\hospitalMS\\vendor\\laravel\\framework\\src\\Illuminate\\Database\\Connection.php","data":[]},"exception":"[object] (Facade\\Ignition\\Exceptions\\ViewException(code: 0): SQLSTATE[HY000] [2002] No connection could be made because the target machine actively refused it (SQL: select * from `settings` where `settings`.`deleted_at` is null order by `created_at` desc limit 1) (View: C:\\Users\\SINCHINE DAS\\OneDrive\\Desktop\\first\\hospitalMS\\resources\\views\\index.blade.php) at C:\\Users\\SINCHINE DAS\\OneDrive\\Desktop\\first\\hospitalMS\\vendor\\laravel\\framework\\src\\Illuminate\\Database\\Connection.php:712)
[stacktrace]
#0 C:\\Users\\SINCHINE DAS\\OneDrive\\Desktop\\first\\hospitalMS\\vendor\\laravel\\framework\\src\\Illuminate\\Database\\Connection.php(672): Illuminate\\Database\\Connection->runQueryCallback('select * from `...', Array, Object(Closure))
#1 C:\\Users\\SINCHINE DAS\\OneDrive\\Desktop\\first\\hospitalMS\\vendor\\laravel\\framework\\src\\Illuminate\\Database\\Connection.php(359): Illuminate\\Database\\Connection->run('select * from `...', Array, Object(Closure))
#2 C:\\Users\\SINCHINE DAS\\OneDrive\\Desktop\\first\\hospitalMS\\vendor\\laravel\\framework\\src\\Illuminate\\Database\\Query\\Builder.php(2413): Illuminate\\Database\\Connection->select('select * from `...', Array, true)
#3 C:\\Users\\SINCHINE DAS\\OneDrive\\Desktop\\first\\hospitalMS\\vendor\\laravel\\framework\\src\\Illuminate\\Database\\Query\\Builder.php(2402): Illuminate\\Database\\Query\\Builder->runSelect()
#4 C:\\Users\\SINCHINE DAS\\OneDrive\\Desktop\\first\\hospitalMS\\vendor\\laravel\\framework\\src\\Illuminate\\Database\\Query\\Builder.php(2936): Illuminate\\Database\\Query\\Builder->Illuminate\\Database\\Query\\{closure}()
#5 C:\\Users\\SINCHINE DAS\\OneDrive\\Desktop\\first\\hospitalMS\\vendor\\laravel\\framework\\src\\Illuminate\\Database\\Query\\Builder.php(2401): Illuminate\\Database\\Query\\Builder->onceWithColumns(Array, Object(Closure))
#6 C:\\Users\\SINCHINE DAS\\OneDrive\\Desktop\\first\\hospitalMS\\vendor\\laravel\\framework\\src\\Illuminate\\Database\\Eloquent\\Builder.php(625): Illuminate\\Database\\Query\\Builder->get(Array)
#7 C:\\Users\\SINCHINE DAS\\OneDrive\\Desktop\\first\\hospitalMS\\vendor\\laravel\\framework\\src\\Illuminate\\Database\\Eloquent\\Builder.php(609): Illuminate\\Database\\Eloquent\\Builder->getModels(Array)
#8 C:\\Users\\SINCHINE DAS\\OneDrive\\Desktop\\first\\hospitalMS\\vendor\\laravel\\framework\\src\\Illuminate\\Database\\Concerns\\BuildsQueries.php(294): Illuminate\\Database\\Eloquent\\Builder->get(Array)
#9 C:\\Users\\SINCHINE DAS\\OneDrive\\Desktop\\first\\hospitalMS\\resources\\views/index.blade.php(3): Illuminate\\Database\\Eloquent\\Builder->first()
#10 C:\\Users\\SINCHINE DAS\\OneDrive\\Desktop\\first\\hospitalMS\\vendor\\laravel\\framework\\src\\Illuminate\\Filesystem\\Filesystem.php(107): require('C:\\\\Users\\\\SINCHI...')
#11 C:\\Users\\SINCHINE DAS\\OneDrive\\Desktop\\first\\hospitalMS\\vendor\\laravel\\framework\\src\\Illuminate\\Filesystem\\Filesystem.php(108): Illuminate\\Filesystem\\Filesystem::Illuminate\\Filesystem\\{closure}()
#12 C:\\Users\\SINCHINE DAS\\OneDrive\\Desktop\\first\\hospitalMS\\vendor\\laravel\\framework\\src\\Illuminate\\View\\Engines\\PhpEngine.php(58): Illuminate\\Filesystem\\Filesystem->getRequire('C:\\\\Users\\\\SINCHI...', Array)
#13 C:\\Users\\SINCHINE DAS\\OneDrive\\Desktop\\first\\hospitalMS\\vendor\\livewire\\livewire\\src\\ComponentConcerns\\RendersLivewireComponents.php(69): Illuminate\\View\\Engines\\PhpEngine->evaluatePath('C:\\\\Users\\\\SINCHI...', Array)
#14 C:\\Users\\SINCHINE DAS\\OneDrive\\Desktop\\first\\hospitalMS\\vendor\\laravel\\framework\\src\\Illuminate\\View\\Engines\\CompilerEngine.php(61): Livewire\\CompilerEngineForIgnition->evaluatePath('C:\\\\Users\\\\SINCHI...', Array)
#15 C:\\Users\\SINCHINE DAS\\OneDrive\\Desktop\\first\\hospitalMS\\vendor\\facade\\ignition\\src\\Views\\Engines\\CompilerEngine.php(37): Illuminate\\View\\Engines\\CompilerEngine->get('C:\\\\Users\\\\SINCHI...', Array)
#16 C:\\Users\\SINCHINE DAS\\OneDrive\\Desktop\\first\\hospitalMS\\vendor\\livewire\\livewire\\src\\ComponentConcerns\\RendersLivewireComponents.php(35): Facade\\Ignition\\Views\\Engines\\CompilerEngine->get('C:\\\\Users\\\\SINCHI...', Array)
#17 C:\\Users\\SINCHINE DAS\\OneDrive\\Desktop\\first\\hospitalMS\\vendor\\laravel\\framework\\src\\Illuminate\\View\\View.php(139): Livewire\\CompilerEngineForIgnition->get('C:\\\\Users\\\\SINCHI...', Array)
#18 C:\\Users\\SINCHINE DAS\\OneDrive\\Desktop\\first\\hospitalMS\\vendor\\laravel\\framework\\src\\Illuminate\\View\\View.php(122): Illuminate\\View\\View->getContents()
#19 C:\\Users\\SINCHINE DAS\\OneDrive\\Desktop\\first\\hospitalMS\\vendor\\laravel\\framework\\src\\Illuminate\\View\\View.php(91): Illuminate\\View\\View->renderContents()
#20 C:\\Users\\SINCHINE DAS\\OneDrive\\Desktop\\first\\hospitalMS\\vendor\\laravel\\framework\\src\\Illuminate\\Http\\Response.php(69): Illuminate\\View\\View->render()
#21 C:\\Users\\SINCHINE DAS\\OneDrive\\Desktop\\first\\hospitalMS\\vendor\\laravel\\framework\\src\\Illuminate\\Http\\Response.php(35): Illuminate\\Http\\Response->setContent(Object(Illuminate\\View\\View))
#22 C:\\Users\\SINCHINE DAS\\OneDrive\\Desktop\\first\\hospitalMS\\vendor\\laravel\\framework\\src\\Illuminate\\Routing\\Router.php(820): Illuminate\\Http\\Response->__construct(Object(Illuminate\\View\\View), 200, Array)
#23 C:\\Users\\SINCHINE DAS\\OneDrive\\Desktop\\first\\hospitalMS\\vendor\\laravel\\framework\\src\\Illuminate\\Routing\\Router.php(789): Illuminate\\Routing\\Router::toResponse(Object(Illuminate\\Http\\Request), Object(Illuminate\\View\\View))
#24 C:\\Users\\SINCHINE DAS\\OneDrive\\Desktop\\first\\hospitalMS\\vendor\\laravel\\framework\\src\\Illuminate\\Routing\\Router.php(720): Illuminate\\Routing\\Router->prepareResponse(Object(Illuminate\\Http\\Request), Object(Illuminate\\View\\View))
#25 C:\\Users\\SINCHINE DAS\\OneDrive\\Desktop\\first\\hospitalMS\\vendor\\laravel\\framework\\src\\Illuminate\\Pipeline\\Pipeline.php(128): Illuminate\\Routing\\Router->Illuminate\\Routing\\{closure}(Object(Illuminate\\Http\\Request))
#26 C:\\Users\\SINCHINE DAS\\OneDrive\\Desktop\\first\\hospitalMS\\vendor\\laravel\\framework\\src\\Illuminate\\Routing\\Middleware\\SubstituteBindings.php(50): Illuminate\\Pipeline\\Pipeline->Illuminate\\Pipeline\\{closure}(Object(Illuminate\\Http\\Request))
#27 C:\\Users\\SINCHINE DAS\\OneDrive\\Desktop\\first\\hospitalMS\\vendor\\laravel\\framework\\src\\Illuminate\\Pipeline\\Pipeline.php(167): Illuminate\\Routing\\Middleware\\SubstituteBindings->handle(Object(Illuminate\\Http\\Request), Object(Closure))
#28 C:\\Users\\SINCHINE DAS\\OneDrive\\Desktop\\first\\hospitalMS\\vendor\\laravel\\framework\\src\\Illuminate\\Foundation\\Http\\Middleware\\VerifyCsrfToken.php(78): Illuminate\\Pipeline\\Pipeline->Illuminate\\Pipeline\\{closure}(Object(Illuminate\\Http\\Request))
#29 C:\\Users\\SINCHINE DAS\\OneDrive\\Desktop\\first\\hospitalMS\\vendor\\laravel\\framework\\src\\Illuminate\\Pipeline\\Pipeline.php(167): Illuminate\\Foundation\\Http\\Middleware\\VerifyCsrfToken->handle(Object(Illuminate\\Http\\Request), Object(Closure))
#30 C:\\Users\\SINCHINE DAS\\OneDrive\\Desktop\\first\\hospitalMS\\vendor\\laravel\\framework\\src\\Illuminate\\View\\Middleware\\ShareErrorsFromSession.php(49): Illuminate\\Pipeline\\Pipeline->Illuminate\\Pipeline\\{closure}(Object(Illuminate\\Http\\Request))
#31 C:\\Users\\SINCHINE DAS\\OneDrive\\Desktop\\first\\hospitalMS\\vendor\\laravel\\framework\\src\\Illuminate\\Pipeline\\Pipeline.php(167): Illuminate\\View\\Middleware\\ShareErrorsFromSession->handle(Object(Illuminate\\Http\\Request), Object(Closure))
#32 C:\\Users\\SINCHINE DAS\\OneDrive\\Desktop\\first\\hospitalMS\\vendor\\laravel\\framework\\src\\Illuminate\\Session\\Middleware\\StartSession.php(121): Illuminate\\Pipeline\\Pipeline->Illuminate\\Pipeline\\{closure}(Object(Illuminate\\Http\\Request))
#33 C:\\Users\\SINCHINE DAS\\OneDrive\\Desktop\\first\\hospitalMS\\vendor\\laravel\\framework\\src\\Illuminate\\Session\\Middleware\\StartSession.php(64): Illuminate\\Session\\Middleware\\StartSession->handleStatefulRequest(Object(Illuminate\\Http\\Request), Object(Illuminate\\Session\\Store), Object(Closure))
#34 C:\\Users\\SINCHINE DAS\\OneDrive\\Desktop\\first\\hospitalMS\\vendor\\laravel\\framework\\src\\Illuminate\\Pipeline\\Pipeline.php(167): Illuminate\\Session\\Middleware\\StartSession->handle(Object(Illuminate\\Http\\Request), Object(Closure))
#35 C:\\Users\\SINCHINE DAS\\OneDrive\\Desktop\\first\\hospitalMS\\vendor\\laravel\\framework\\src\\Illuminate\\Cookie\\Middleware\\AddQueuedCookiesToResponse.php(37): Illuminate\\Pipeline\\Pipeline->Illuminate\\Pipeline\\{closure}(Object(Illuminate\\Http\\Request))
#36 C:\\Users\\SINCHINE DAS\\OneDrive\\Desktop\\first\\hospitalMS\\vendor\\laravel\\framework\\src\\Illuminate\\Pipeline\\Pipeline.php(167): Illuminate\\Cookie\\Middleware\\AddQueuedCookiesToResponse->handle(Object(Illuminate\\Http\\Request), Object(Closure))
#37 C:\\Users\\SINCHINE DAS\\OneDrive\\Desktop\\first\\hospitalMS\\vendor\\laravel\\framework\\src\\Illuminate\\Cookie\\Middleware\\EncryptCookies.php(67): Illuminate\\Pipeline\\Pipeline->Illuminate\\Pipeline\\{closure}(Object(Illuminate\\Http\\Request))
#38 C:\\Users\\SINCHINE DAS\\OneDrive\\Desktop\\first\\hospitalMS\\vendor\\laravel\\framework\\src\\Illuminate\\Pipeline\\Pipeline.php(167): Illuminate\\Cookie\\Middleware\\EncryptCookies->handle(Object(Illuminate\\Http\\Request), Object(Closure))
#39 C:\\Users\\SINCHINE DAS\\OneDrive\\Desktop\\first\\hospitalMS\\vendor\\laravel\\framework\\src\\Illuminate\\Pipeline\\Pipeline.php(103): Illuminate\\Pipeline\\Pipeline->Illuminate\\Pipeline\\{closure}(Object(Illuminate\\Http\\Request))
#40 C:\\Users\\SINCHINE DAS\\OneDrive\\Desktop\\first\\hospitalMS\\vendor\\laravel\\framework\\src\\Illuminate\\Routing\\Router.php(719): Illuminate\\Pipeline\\Pipeline->then(Object(Closure))
#41 C:\\Users\\SINCHINE DAS\\OneDrive\\Desktop\\first\\hospitalMS\\vendor\\laravel\\framework\\src\\Illuminate\\Routing\\Router.php(698): Illuminate\\Routing\\Router->runRouteWithinStack(Object(Illuminate\\Routing\\Route), Object(Illuminate\\Http\\Request))
#42 C:\\Users\\SINCHINE DAS\\OneDrive\\Desktop\\first\\hospitalMS\\vendor\\laravel\\framework\\src\\Illuminate\\Routing\\Router.php(662): Illuminate\\Routing\\Router->runRoute(Object(Illuminate\\Http\\Request), Object(Illuminate\\Routing\\Route))
#43 C:\\Users\\SINCHINE DAS\\OneDrive\\Desktop\\first\\hospitalMS\\vendor\\laravel\\framework\\src\\Illuminate\\Routing\\Router.php(651): Illuminate\\Routing\\Router->dispatchToRoute(Object(Illuminate\\Http\\Request))
#44 C:\\Users\\SINCHINE DAS\\OneDrive\\Desktop\\first\\hospitalMS\\vendor\\laravel\\framework\\src\\Illuminate\\Foundation\\Http\\Kernel.php(167): Illuminate\\Routing\\Router->dispatch(Object(Illuminate\\Http\\Request))
#45 C:\\Users\\SINCHINE DAS\\OneDrive\\Desktop\\first\\hospitalMS\\vendor\\laravel\\framework\\src\\Illuminate\\Pipeline\\Pipeline.php(128): Illuminate\\Foundation\\Http\\Kernel->Illuminate\\Foundation\\Http\\{closure}(Object(Illuminate\\Http\\Request))
#46 C:\\Users\\SINCHINE DAS\\OneDrive\\Desktop\\first\\hospitalMS\\vendor\\livewire\\livewire\\src\\DisableBrowserCache.php(19): Illuminate\\Pipeline\\Pipeline->Illuminate\\Pipeline\\{closure}(Object(Illuminate\\Http\\Request))
#47 C:\\Users\\SINCHINE DAS\\OneDrive\\Desktop\\first\\hospitalMS\\vendor\\laravel\\framework\\src\\Illuminate\\Pipeline\\Pipeline.php(167): Livewire\\DisableBrowserCache->handle(Object(Illuminate\\Http\\Request), Object(Closure))
#48 C:\\Users\\SINCHINE DAS\\OneDrive\\Desktop\\first\\hospitalMS\\vendor\\laravel\\framework\\src\\Illuminate\\Foundation\\Http\\Middleware\\TransformsRequest.php(21): Illuminate\\Pipeline\\Pipeline->Illuminate\\Pipeline\\{closure}(Object(Illuminate\\Http\\Request))
#49 C:\\Users\\SINCHINE DAS\\OneDrive\\Desktop\\first\\hospitalMS\\vendor\\laravel\\framework\\src\\Illuminate\\Foundation\\Http\\Middleware\\ConvertEmptyStringsToNull.php(31): Illuminate\\Foundation\\Http\\Middleware\\TransformsRequest->handle(Object(Illuminate\\Http\\Request), Object(Closure))
#50 C:\\Users\\SINCHINE DAS\\OneDrive\\Desktop\\first\\hospitalMS\\vendor\\laravel\\framework\\src\\Illuminate\\Pipeline\\Pipeline.php(167): Illuminate\\Foundation\\Http\\Middleware\\ConvertEmptyStringsToNull->handle(Object(Illuminate\\Http\\Request), Object(Closure))
#51 C:\\Users\\SINCHINE DAS\\OneDrive\\Desktop\\first\\hospitalMS\\vendor\\laravel\\framework\\src\\Illuminate\\Foundation\\Http\\Middleware\\TransformsRequest.php(21): Illuminate\\Pipeline\\Pipeline->Illuminate\\Pipeline\\{closure}(Object(Illuminate\\Http\\Request))
#52 C:\\Users\\SINCHINE DAS\\OneDrive\\Desktop\\first\\hospitalMS\\vendor\\laravel\\framework\\src\\Illuminate\\Foundation\\Http\\Middleware\\TrimStrings.php(40): Illuminate\\Foundation\\Http\\Middleware\\TransformsRequest->handle(Object(Illuminate\\Http\\Request), Object(Closure))
#53 C:\\Users\\SINCHINE DAS\\OneDrive\\Desktop\\first\\hospitalMS\\vendor\\laravel\\framework\\src\\Illuminate\\Pipeline\\Pipeline.php(167): Illuminate\\Foundation\\Http\\Middleware\\TrimStrings->handle(Object(Illuminate\\Http\\Request), Object(Closure))
#54 C:\\Users\\SINCHINE DAS\\OneDrive\\Desktop\\first\\hospitalMS\\vendor\\laravel\\framework\\src\\Illuminate\\Foundation\\Http\\Middleware\\ValidatePostSize.php(27): Illuminate\\Pipeline\\Pipeline->Illuminate\\Pipeline\\{closure}(Object(Illuminate\\Http\\Request))
#55 C:\\Users\\SINCHINE DAS\\OneDrive\\Desktop\\first\\hospitalMS\\vendor\\laravel\\framework\\src\\Illuminate\\Pipeline\\Pipeline.php(167): Illuminate\\Foundation\\Http\\Middleware\\ValidatePostSize->handle(Object(Illuminate\\Http\\Request), Object(Closure))
#56 C:\\Users\\SINCHINE DAS\\OneDrive\\Desktop\\first\\hospitalMS\\vendor\\laravel\\framework\\src\\Illuminate\\Foundation\\Http\\Middleware\\PreventRequestsDuringMaintenance.php(86): Illuminate\\Pipeline\\Pipeline->Illuminate\\Pipeline\\{closure}(Object(Illuminate\\Http\\Request))
#57 C:\\Users\\SINCHINE DAS\\OneDrive\\Desktop\\first\\hospitalMS\\vendor\\laravel\\framework\\src\\Illuminate\\Pipeline\\Pipeline.php(167): Illuminate\\Foundation\\Http\\Middleware\\PreventRequestsDuringMaintenance->handle(Object(Illuminate\\Http\\Request), Object(Closure))
#58 C:\\Users\\SINCHINE DAS\\OneDrive\\Desktop\\first\\hospitalMS\\vendor\\fruitcake\\laravel-cors\\src\\HandleCors.php(38): Illuminate\\Pipeline\\Pipeline->Illuminate\\Pipeline\\{closure}(Object(Illuminate\\Http\\Request))
#59 C:\\Users\\SINCHINE DAS\\OneDrive\\Desktop\\first\\hospitalMS\\vendor\\laravel\\framework\\src\\Illuminate\\Pipeline\\Pipeline.php(167): Fruitcake\\Cors\\HandleCors->handle(Object(Illuminate\\Http\\Request), Object(Closure))
#60 C:\\Users\\SINCHINE DAS\\OneDrive\\Desktop\\first\\hospitalMS\\vendor\\fideloper\\proxy\\src\\TrustProxies.php(57): Illuminate\\Pipeline\\Pipeline->Illuminate\\Pipeline\\{closure}(Object(Illuminate\\Http\\Request))
#61 C:\\Users\\SINCHINE DAS\\OneDrive\\Desktop\\first\\hospitalMS\\vendor\\laravel\\framework\\src\\Illuminate\\Pipeline\\Pipeline.php(167): Fideloper\\Proxy\\TrustProxies->handle(Object(Illuminate\\Http\\Request), Object(Closure))
#62 C:\\Users\\SINCHINE DAS\\OneDrive\\Desktop\\first\\hospitalMS\\vendor\\laravel\\framework\\src\\Illuminate\\Pipeline\\Pipeline.php(103): Illuminate\\Pipeline\\Pipeline->Illuminate\\Pipeline\\{closure}(Object(Illuminate\\Http\\Request))
#63 C:\\Users\\SINCHINE DAS\\OneDrive\\Desktop\\first\\hospitalMS\\vendor\\laravel\\framework\\src\\Illuminate\\Foundation\\Http\\Kernel.php(142): Illuminate\\Pipeline\\Pipeline->then(Object(Closure))
#64 C:\\Users\\SINCHINE DAS\\OneDrive\\Desktop\\first\\hospitalMS\\vendor\\laravel\\framework\\src\\Illuminate\\Foundation\\Http\\Kernel.php(111): Illuminate\\Foundation\\Http\\Kernel->sendRequestThroughRouter(Object(Illuminate\\Http\\Request))
#65 C:\\Users\\SINCHINE DAS\\OneDrive\\Desktop\\first\\hospitalMS\\public\\index.php(51): Illuminate\\Foundation\\Http\\Kernel->handle(Object(Illuminate\\Http\\Request))
#66 C:\\Users\\SINCHINE DAS\\OneDrive\\Desktop\\first\\hospitalMS\\server.php(21): require_once('C:\\\\Users\\\\SINCHI...')
#67 {main}

[previous exception] [object] (Illuminate\\Database\\QueryException(code: 2002): SQLSTATE[HY000] [2002] No connection could be made because the target machine actively refused it (SQL: select * from `settings` where `settings`.`deleted_at` is null order by `created_at` desc limit 1) at C:\\Users\\SINCHINE DAS\\OneDrive\\Desktop\\first\\hospitalMS\\vendor\\laravel\\framework\\src\\Illuminate\\Database\\Connection.php:712)
[stacktrace]
#0 C:\\Users\\SINCHINE DAS\\OneDrive\\Desktop\\first\\hospitalMS\\vendor\\laravel\\framework\\src\\Illuminate\\Database\\Connection.php(672): Illuminate\\Database\\Connection->runQueryCallback('select * from `...', Array, Object(Closure))
#1 C:\\Users\\SINCHINE DAS\\OneDrive\\Desktop\\first\\hospitalMS\\vendor\\laravel\\framework\\src\\Illuminate\\Database\\Connection.php(359): Illuminate\\Database\\Connection->run('select * from `...', Array, Object(Closure))
#2 C:\\Users\\SINCHINE DAS\\OneDrive\\Desktop\\first\\hospitalMS\\vendor\\laravel\\framework\\src\\Illuminate\\Database\\Query\\Builder.php(2413): Illuminate\\Database\\Connection->select('select * from `...', Array, true)
#3 C:\\Users\\SINCHINE DAS\\OneDrive\\Desktop\\first\\hospitalMS\\vendor\\laravel\\framework\\src\\Illuminate\\Database\\Query\\Builder.php(2402): Illuminate\\Database\\Query\\Builder->runSelect()
#4 C:\\Users\\SINCHINE DAS\\OneDrive\\Desktop\\first\\hospitalMS\\vendor\\laravel\\framework\\src\\Illuminate\\Database\\Query\\Builder.php(2936): Illuminate\\Database\\Query\\Builder->Illuminate\\Database\\Query\\{closure}()
#5 C:\\Users\\SINCHINE DAS\\OneDrive\\Desktop\\first\\hospitalMS\\vendor\\laravel\\framework\\src\\Illuminate\\Database\\Query\\Builder.php(2401): Illuminate\\Database\\Query\\Builder->onceWithColumns(Array, Object(Closure))
#6 C:\\Users\\SINCHINE DAS\\OneDrive\\Desktop\\first\\hospitalMS\\vendor\\laravel\\framework\\src\\Illuminate\\Database\\Eloquent\\Builder.php(625): Illuminate\\Database\\Query\\Builder->get(Array)
#7 C:\\Users\\SINCHINE DAS\\OneDrive\\Desktop\\first\\hospitalMS\\vendor\\laravel\\framework\\src\\Illuminate\\Database\\Eloquent\\Builder.php(609): Illuminate\\Database\\Eloquent\\Builder->getModels(Array)
#8 C:\\Users\\SINCHINE DAS\\OneDrive\\Desktop\\first\\hospitalMS\\vendor\\laravel\\framework\\src\\Illuminate\\Database\\Concerns\\BuildsQueries.php(294): Illuminate\\Database\\Eloquent\\Builder->get(Array)
#9 C:\\Users\\SINCHINE DAS\\OneDrive\\Desktop\\first\\hospitalMS\\storage\\framework\\views\\3eb6400fb2ce03f9287d039c54a36dac141ef7a0.php(3): Illuminate\\Database\\Eloquent\\Builder->first()
#10 C:\\Users\\SINCHINE DAS\\OneDrive\\Desktop\\first\\hospitalMS\\vendor\\laravel\\framework\\src\\Illuminate\\Filesystem\\Filesystem.php(107): require('C:\\\\Users\\\\SINCHI...')
#11 C:\\Users\\SINCHINE DAS\\OneDrive\\Desktop\\first\\hospitalMS\\vendor\\laravel\\framework\\src\\Illuminate\\Filesystem\\Filesystem.php(108): Illuminate\\Filesystem\\Filesystem::Illuminate\\Filesystem\\{closure}()
#12 C:\\Users\\SINCHINE DAS\\OneDrive\\Desktop\\first\\hospitalMS\\vendor\\laravel\\framework\\src\\Illuminate\\View\\Engines\\PhpEngine.php(58): Illuminate\\Filesystem\\Filesystem->getRequire('C:\\\\Users\\\\SINCHI...', Array)
#13 C:\\Users\\SINCHINE DAS\\OneDrive\\Desktop\\first\\hospitalMS\\vendor\\livewire\\livewire\\src\\ComponentConcerns\\RendersLivewireComponents.php(69): Illuminate\\View\\Engines\\PhpEngine->evaluatePath('C:\\\\Users\\\\SINCHI...', Array)
#14 C:\\Users\\SINCHINE DAS\\OneDrive\\Desktop\\first\\hospitalMS\\vendor\\laravel\\framework\\src\\Illuminate\\View\\Engines\\CompilerEngine.php(61): Livewire\\CompilerEngineForIgnition->evaluatePath('C:\\\\Users\\\\SINCHI...', Array)
#15 C:\\Users\\SINCHINE DAS\\OneDrive\\Desktop\\first\\hospitalMS\\vendor\\facade\\ignition\\src\\Views\\Engines\\CompilerEngine.php(37): Illuminate\\View\\Engines\\CompilerEngine->get('C:\\\\Users\\\\SINCHI...', Array)
#16 C:\\Users\\SINCHINE DAS\\OneDrive\\Desktop\\first\\hospitalMS\\vendor\\livewire\\livewire\\src\\ComponentConcerns\\RendersLivewireComponents.php(35): Facade\\Ignition\\Views\\Engines\\CompilerEngine->get('C:\\\\Users\\\\SINCHI...', Array)
#17 C:\\Users\\SINCHINE DAS\\OneDrive\\Desktop\\first\\hospitalMS\\vendor\\laravel\\framework\\src\\Illuminate\\View\\View.php(139): Livewire\\CompilerEngineForIgnition->get('C:\\\\Users\\\\SINCHI...', Array)
#18 C:\\Users\\SINCHINE DAS\\OneDrive\\Desktop\\first\\hospitalMS\\vendor\\laravel\\framework\\src\\Illuminate\\View\\View.php(122): Illuminate\\View\\View->getContents()
#19 C:\\Users\\SINCHINE DAS\\OneDrive\\Desktop\\first\\hospitalMS\\vendor\\laravel\\framework\\src\\Illuminate\\View\\View.php(91): Illuminate\\View\\View->renderContents()
#20 C:\\Users\\SINCHINE DAS\\OneDrive\\Desktop\\first\\hospitalMS\\vendor\\laravel\\framework\\src\\Illuminate\\Http\\Response.php(69): Illuminate\\View\\View->render()
#21 C:\\Users\\SINCHINE DAS\\OneDrive\\Desktop\\first\\hospitalMS\\vendor\\laravel\\framework\\src\\Illuminate\\Http\\Response.php(35): Illuminate\\Http\\Response->setContent(Object(Illuminate\\View\\View))
#22 C:\\Users\\SINCHINE DAS\\OneDrive\\Desktop\\first\\hospitalMS\\vendor\\laravel\\framework\\src\\Illuminate\\Routing\\Router.php(820): Illuminate\\Http\\Response->__construct(Object(Illuminate\\View\\View), 200, Array)
#23 C:\\Users\\SINCHINE DAS\\OneDrive\\Desktop\\first\\hospitalMS\\vendor\\laravel\\framework\\src\\Illuminate\\Routing\\Router.php(789): Illuminate\\Routing\\Router::toResponse(Object(Illuminate\\Http\\Request), Object(Illuminate\\View\\View))
#24 C:\\Users\\SINCHINE DAS\\OneDrive\\Desktop\\first\\hospitalMS\\vendor\\laravel\\framework\\src\\Illuminate\\Routing\\Router.php(720): Illuminate\\Routing\\Router->prepareResponse(Object(Illuminate\\Http\\Request), Object(Illuminate\\View\\View))
#25 C:\\Users\\SINCHINE DAS\\OneDrive\\Desktop\\first\\hospitalMS\\vendor\\laravel\\framework\\src\\Illuminate\\Pipeline\\Pipeline.php(128): Illuminate\\Routing\\Router->Illuminate\\Routing\\{closure}(Object(Illuminate\\Http\\Request))
#26 C:\\Users\\SINCHINE DAS\\OneDrive\\Desktop\\first\\hospitalMS\\vendor\\laravel\\framework\\src\\Illuminate\\Routing\\Middleware\\SubstituteBindings.php(50): Illuminate\\Pipeline\\Pipeline->Illuminate\\Pipeline\\{closure}(Object(Illuminate\\Http\\Request))
#27 C:\\Users\\SINCHINE DAS\\OneDrive\\Desktop\\first\\hospitalMS\\vendor\\laravel\\framework\\src\\Illuminate\\Pipeline\\Pipeline.php(167): Illuminate\\Routing\\Middleware\\SubstituteBindings->handle(Object(Illuminate\\Http\\Request), Object(Closure))
#28 C:\\Users\\SINCHINE DAS\\OneDrive\\Desktop\\first\\hospitalMS\\vendor\\laravel\\framework\\src\\Illuminate\\Foundation\\Http\\Middleware\\VerifyCsrfToken.php(78): Illuminate\\Pipeline\\Pipeline->Illuminate\\Pipeline\\{closure}(Object(Illuminate\\Http\\Request))
#29 C:\\Users\\SINCHINE DAS\\OneDrive\\Desktop\\first\\hospitalMS\\vendor\\laravel\\framework\\src\\Illuminate\\Pipeline\\Pipeline.php(167): Illuminate\\Foundation\\Http\\Middleware\\VerifyCsrfToken->handle(Object(Illuminate\\Http\\Request), Object(Closure))
#30 C:\\Users\\SINCHINE DAS\\OneDrive\\Desktop\\first\\hospitalMS\\vendor\\laravel\\framework\\src\\Illuminate\\View\\Middleware\\ShareErrorsFromSession.php(49): Illuminate\\Pipeline\\Pipeline->Illuminate\\Pipeline\\{closure}(Object(Illuminate\\Http\\Request))
#31 C:\\Users\\SINCHINE DAS\\OneDrive\\Desktop\\first\\hospitalMS\\vendor\\laravel\\framework\\src\\Illuminate\\Pipeline\\Pipeline.php(167): Illuminate\\View\\Middleware\\ShareErrorsFromSession->handle(Object(Illuminate\\Http\\Request), Object(Closure))
#32 C:\\Users\\SINCHINE DAS\\OneDrive\\Desktop\\first\\hospitalMS\\vendor\\laravel\\framework\\src\\Illuminate\\Session\\Middleware\\StartSession.php(121): Illuminate\\Pipeline\\Pipeline->Illuminate\\Pipeline\\{closure}(Object(Illuminate\\Http\\Request))
#33 C:\\Users\\SINCHINE DAS\\OneDrive\\Desktop\\first\\hospitalMS\\vendor\\laravel\\framework\\src\\Illuminate\\Session\\Middleware\\StartSession.php(64): Illuminate\\Session\\Middleware\\StartSession->handleStatefulRequest(Object(Illuminate\\Http\\Request), Object(Illuminate\\Session\\Store), Object(Closure))
#34 C:\\Users\\SINCHINE DAS\\OneDrive\\Desktop\\first\\hospitalMS\\vendor\\laravel\\framework\\src\\Illuminate\\Pipeline\\Pipeline.php(167): Illuminate\\Session\\Middleware\\StartSession->handle(Object(Illuminate\\Http\\Request), Object(Closure))
#35 C:\\Users\\SINCHINE DAS\\OneDrive\\Desktop\\first\\hospitalMS\\vendor\\laravel\\framework\\src\\Illuminate\\Cookie\\Middleware\\AddQueuedCookiesToResponse.php(37): Illuminate\\Pipeline\\Pipeline->Illuminate\\Pipeline\\{closure}(Object(Illuminate\\Http\\Request))
#36 C:\\Users\\SINCHINE DAS\\OneDrive\\Desktop\\first\\hospitalMS\\vendor\\laravel\\framework\\src\\Illuminate\\Pipeline\\Pipeline.php(167): Illuminate\\Cookie\\Middleware\\AddQueuedCookiesToResponse->handle(Object(Illuminate\\Http\\Request), Object(Closure))
#37 C:\\Users\\SINCHINE DAS\\OneDrive\\Desktop\\first\\hospitalMS\\vendor\\laravel\\framework\\src\\Illuminate\\Cookie\\Middleware\\EncryptCookies.php(67): Illuminate\\Pipeline\\Pipeline->Illuminate\\Pipeline\\{closure}(Object(Illuminate\\Http\\Request))
#38 C:\\Users\\SINCHINE DAS\\OneDrive\\Desktop\\first\\hospitalMS\\vendor\\laravel\\framework\\src\\Illuminate\\Pipeline\\Pipeline.php(167): Illuminate\\Cookie\\Middleware\\EncryptCookies->handle(Object(Illuminate\\Http\\Request), Object(Closure))
#39 C:\\Users\\SINCHINE DAS\\OneDrive\\Desktop\\first\\hospitalMS\\vendor\\laravel\\framework\\src\\Illuminate\\Pipeline\\Pipeline.php(103): Illuminate\\Pipeline\\Pipeline->Illuminate\\Pipeline\\{closure}(Object(Illuminate\\Http\\Request))
#40 C:\\Users\\SINCHINE DAS\\OneDrive\\Desktop\\first\\hospitalMS\\vendor\\laravel\\framework\\src\\Illuminate\\Routing\\Router.php(719): Illuminate\\Pipeline\\Pipeline->then(Object(Closure))
#41 C:\\Users\\SINCHINE DAS\\OneDrive\\Desktop\\first\\hospitalMS\\vendor\\laravel\\framework\\src\\Illuminate\\Routing\\Router.php(698): Illuminate\\Routing\\Router->runRouteWithinStack(Object(Illuminate\\Routing\\Route), Object(Illuminate\\Http\\Request))
#42 C:\\Users\\SINCHINE DAS\\OneDrive\\Desktop\\first\\hospitalMS\\vendor\\laravel\\framework\\src\\Illuminate\\Routing\\Router.php(662): Illuminate\\Routing\\Router->runRoute(Object(Illuminate\\Http\\Request), Object(Illuminate\\Routing\\Route))
#43 C:\\Users\\SINCHINE DAS\\OneDrive\\Desktop\\first\\hospitalMS\\vendor\\laravel\\framework\\src\\Illuminate\\Routing\\Router.php(651): Illuminate\\Routing\\Router->dispatchToRoute(Object(Illuminate\\Http\\Request))
#44 C:\\Users\\SINCHINE DAS\\OneDrive\\Desktop\\first\\hospitalMS\\vendor\\laravel\\framework\\src\\Illuminate\\Foundation\\Http\\Kernel.php(167): Illuminate\\Routing\\Router->dispatch(Object(Illuminate\\Http\\Request))
#45 C:\\Users\\SINCHINE DAS\\OneDrive\\Desktop\\first\\hospitalMS\\vendor\\laravel\\framework\\src\\Illuminate\\Pipeline\\Pipeline.php(128): Illuminate\\Foundation\\Http\\Kernel->Illuminate\\Foundation\\Http\\{closure}(Object(Illuminate\\Http\\Request))
#46 C:\\Users\\SINCHINE DAS\\OneDrive\\Desktop\\first\\hospitalMS\\vendor\\livewire\\livewire\\src\\DisableBrowserCache.php(19): Illuminate\\Pipeline\\Pipeline->Illuminate\\Pipeline\\{closure}(Object(Illuminate\\Http\\Request))
#47 C:\\Users\\SINCHINE DAS\\OneDrive\\Desktop\\first\\hospitalMS\\vendor\\laravel\\framework\\src\\Illuminate\\Pipeline\\Pipeline.php(167): Livewire\\DisableBrowserCache->handle(Object(Illuminate\\Http\\Request), Object(Closure))
#48 C:\\Users\\SINCHINE DAS\\OneDrive\\Desktop\\first\\hospitalMS\\vendor\\laravel\\framework\\src\\Illuminate\\Foundation\\Http\\Middleware\\TransformsRequest.php(21): Illuminate\\Pipeline\\Pipeline->Illuminate\\Pipeline\\{closure}(Object(Illuminate\\Http\\Request))
#49 C:\\Users\\SINCHINE DAS\\OneDrive\\Desktop\\first\\hospitalMS\\vendor\\laravel\\framework\\src\\Illuminate\\Foundation\\Http\\Middleware\\ConvertEmptyStringsToNull.php(31): Illuminate\\Foundation\\Http\\Middleware\\TransformsRequest->handle(Object(Illuminate\\Http\\Request), Object(Closure))
#50 C:\\Users\\SINCHINE DAS\\OneDrive\\Desktop\\first\\hospitalMS\\vendor\\laravel\\framework\\src\\Illuminate\\Pipeline\\Pipeline.php(167): Illuminate\\Foundation\\Http\\Middleware\\ConvertEmptyStringsToNull->handle(Object(Illuminate\\Http\\Request), Object(Closure))
#51 C:\\Users\\SINCHINE DAS\\OneDrive\\Desktop\\first\\hospitalMS\\vendor\\laravel\\framework\\src\\Illuminate\\Foundation\\Http\\Middleware\\TransformsRequest.php(21): Illuminate\\Pipeline\\Pipeline->Illuminate\\Pipeline\\{closure}(Object(Illuminate\\Http\\Request))
#52 C:\\Users\\SINCHINE DAS\\OneDrive\\Desktop\\first\\hospitalMS\\vendor\\laravel\\framework\\src\\Illuminate\\Foundation\\Http\\Middleware\\TrimStrings.php(40): Illuminate\\Foundation\\Http\\Middleware\\TransformsRequest->handle(Object(Illuminate\\Http\\Request), Object(Closure))
#53 C:\\Users\\SINCHINE DAS\\OneDrive\\Desktop\\first\\hospitalMS\\vendor\\laravel\\framework\\src\\Illuminate\\Pipeline\\Pipeline.php(167): Illuminate\\Foundation\\Http\\Middleware\\TrimStrings->handle(Object(Illuminate\\Http\\Request), Object(Closure))
#54 C:\\Users\\SINCHINE DAS\\OneDrive\\Desktop\\first\\hospitalMS\\vendor\\laravel\\framework\\src\\Illuminate\\Foundation\\Http\\Middleware\\ValidatePostSize.php(27): Illuminate\\Pipeline\\Pipeline->Illuminate\\Pipeline\\{closure}(Object(Illuminate\\Http\\Request))
#55 C:\\Users\\SINCHINE DAS\\OneDrive\\Desktop\\first\\hospitalMS\\vendor\\laravel\\framework\\src\\Illuminate\\Pipeline\\Pipeline.php(167): Illuminate\\Foundation\\Http\\Middleware\\ValidatePostSize->handle(Object(Illuminate\\Http\\Request), Object(Closure))
#56 C:\\Users\\SINCHINE DAS\\OneDrive\\Desktop\\first\\hospitalMS\\vendor\\laravel\\framework\\src\\Illuminate\\Foundation\\Http\\Middleware\\PreventRequestsDuringMaintenance.php(86): Illuminate\\Pipeline\\Pipeline->Illuminate\\Pipeline\\{closure}(Object(Illuminate\\Http\\Request))
#57 C:\\Users\\SINCHINE DAS\\OneDrive\\Desktop\\first\\hospitalMS\\vendor\\laravel\\framework\\src\\Illuminate\\Pipeline\\Pipeline.php(167): Illuminate\\Foundation\\Http\\Middleware\\PreventRequestsDuringMaintenance->handle(Object(Illuminate\\Http\\Request), Object(Closure))
#58 C:\\Users\\SINCHINE DAS\\OneDrive\\Desktop\\first\\hospitalMS\\vendor\\fruitcake\\laravel-cors\\src\\HandleCors.php(38): Illuminate\\Pipeline\\Pipeline->Illuminate\\Pipeline\\{closure}(Object(Illuminate\\Http\\Request))
#59 C:\\Users\\SINCHINE DAS\\OneDrive\\Desktop\\first\\hospitalMS\\vendor\\laravel\\framework\\src\\Illuminate\\Pipeline\\Pipeline.php(167): Fruitcake\\Cors\\HandleCors->handle(Object(Illuminate\\Http\\Request), Object(Closure))
#60 C:\\Users\\SINCHINE DAS\\OneDrive\\Desktop\\first\\hospitalMS\\vendor\\fideloper\\proxy\\src\\TrustProxies.php(57): Illuminate\\Pipeline\\Pipeline->Illuminate\\Pipeline\\{closure}(Object(Illuminate\\Http\\Request))
#61 C:\\Users\\SINCHINE DAS\\OneDrive\\Desktop\\first\\hospitalMS\\vendor\\laravel\\framework\\src\\Illuminate\\Pipeline\\Pipeline.php(167): Fideloper\\Proxy\\TrustProxies->handle(Object(Illuminate\\Http\\Request), Object(Closure))
#62 C:\\Users\\SINCHINE DAS\\OneDrive\\Desktop\\first\\hospitalMS\\vendor\\laravel\\framework\\src\\Illuminate\\Pipeline\\Pipeline.php(103): Illuminate\\Pipeline\\Pipeline->Illuminate\\Pipeline\\{closure}(Object(Illuminate\\Http\\Request))
#63 C:\\Users\\SINCHINE DAS\\OneDrive\\Desktop\\first\\hospitalMS\\vendor\\laravel\\framework\\src\\Illuminate\\Foundation\\Http\\Kernel.php(142): Illuminate\\Pipeline\\Pipeline->then(Object(Closure))
#64 C:\\Users\\SINCHINE DAS\\OneDrive\\Desktop\\first\\hospitalMS\\vendor\\laravel\\framework\\src\\Illuminate\\Foundation\\Http\\Kernel.php(111): Illuminate\\Foundation\\Http\\Kernel->sendRequestThroughRouter(Object(Illuminate\\Http\\Request))
#65 C:\\Users\\SINCHINE DAS\\OneDrive\\Desktop\\first\\hospitalMS\\public\\index.php(51): Illuminate\\Foundation\\Http\\Kernel->handle(Object(Illuminate\\Http\\Request))
#66 C:\\Users\\SINCHINE DAS\\OneDrive\\Desktop\\first\\hospitalMS\\server.php(21): require_once('C:\\\\Users\\\\SINCHI...')
#67 {main}

[previous exception] [object] (PDOException(code: 2002): SQLSTATE[HY000] [2002] No connection could be made because the target machine actively refused it at C:\\Users\\SINCHINE DAS\\OneDrive\\Desktop\\first\\hospitalMS\\vendor\\laravel\\framework\\src\\Illuminate\\Database\\Connectors\\Connector.php:70)
[stacktrace]
#0 C:\\Users\\SINCHINE DAS\\OneDrive\\Desktop\\first\\hospitalMS\\vendor\\laravel\\framework\\src\\Illuminate\\Database\\Connectors\\Connector.php(70): PDO->__construct('mysql:host=127....', 'root', Object(SensitiveParameterValue), Array)
#1 C:\\Users\\SINCHINE DAS\\OneDrive\\Desktop\\first\\hospitalMS\\vendor\\laravel\\framework\\src\\Illuminate\\Database\\Connectors\\Connector.php(45): Illuminate\\Database\\Connectors\\Connector->createPdoConnection('mysql:host=127....', 'root', '', Array)
#2 C:\\Users\\SINCHINE DAS\\OneDrive\\Desktop\\first\\hospitalMS\\vendor\\laravel\\framework\\src\\Illuminate\\Database\\Connectors\\MySqlConnector.php(24): Illuminate\\Database\\Connectors\\Connector->createConnection('mysql:host=127....', Array, Array)
#3 C:\\Users\\SINCHINE DAS\\OneDrive\\Desktop\\first\\hospitalMS\\vendor\\laravel\\framework\\src\\Illuminate\\Database\\Connectors\\ConnectionFactory.php(184): Illuminate\\Database\\Connectors\\MySqlConnector->connect(Array)
#4 [internal function]: Illuminate\\Database\\Connectors\\ConnectionFactory->Illuminate\\Database\\Connectors\\{closure}()
#5 C:\\Users\\SINCHINE DAS\\OneDrive\\Desktop\\first\\hospitalMS\\vendor\\laravel\\framework\\src\\Illuminate\\Database\\Connection.php(1064): call_user_func(Object(Closure))
#6 C:\\Users\\SINCHINE DAS\\OneDrive\\Desktop\\first\\hospitalMS\\vendor\\laravel\\framework\\src\\Illuminate\\Database\\Connection.php(1100): Illuminate\\Database\\Connection->getPdo()
#7 C:\\Users\\SINCHINE DAS\\OneDrive\\Desktop\\first\\hospitalMS\\vendor\\laravel\\framework\\src\\Illuminate\\Database\\Connection.php(442): Illuminate\\Database\\Connection->getReadPdo()
#8 C:\\Users\\SINCHINE DAS\\OneDrive\\Desktop\\first\\hospitalMS\\vendor\\laravel\\framework\\src\\Illuminate\\Database\\Connection.php(368): Illuminate\\Database\\Connection->getPdoForSelect(true)
#9 C:\\Users\\SINCHINE DAS\\OneDrive\\Desktop\\first\\hospitalMS\\vendor\\laravel\\framework\\src\\Illuminate\\Database\\Connection.php(705): Illuminate\\Database\\Connection->Illuminate\\Database\\{closure}('select * from `...', Array)
#10 C:\\Users\\SINCHINE DAS\\OneDrive\\Desktop\\first\\hospitalMS\\vendor\\laravel\\framework\\src\\Illuminate\\Database\\Connection.php(672): Illuminate\\Database\\Connection->runQueryCallback('select * from `...', Array, Object(Closure))
#11 C:\\Users\\SINCHINE DAS\\OneDrive\\Desktop\\first\\hospitalMS\\vendor\\laravel\\framework\\src\\Illuminate\\Database\\Connection.php(359): Illuminate\\Database\\Connection->run('select * from `...', Array, Object(Closure))
#12 C:\\Users\\SINCHINE DAS\\OneDrive\\Desktop\\first\\hospitalMS\\vendor\\laravel\\framework\\src\\Illuminate\\Database\\Query\\Builder.php(2413): Illuminate\\Database\\Connection->select('select * from `...', Array, true)
#13 C:\\Users\\SINCHINE DAS\\OneDrive\\Desktop\\first\\hospitalMS\\vendor\\laravel\\framework\\src\\Illuminate\\Database\\Query\\Builder.php(2402): Illuminate\\Database\\Query\\Builder->runSelect()
#14 C:\\Users\\SINCHINE DAS\\OneDrive\\Desktop\\first\\hospitalMS\\vendor\\laravel\\framework\\src\\Illuminate\\Database\\Query\\Builder.php(2936): Illuminate\\Database\\Query\\Builder->Illuminate\\Database\\Query\\{closure}()
#15 C:\\Users\\SINCHINE DAS\\OneDrive\\Desktop\\first\\hospitalMS\\vendor\\laravel\\framework\\src\\Illuminate\\Database\\Query\\Builder.php(2401): Illuminate\\Database\\Query\\Builder->onceWithColumns(Array, Object(Closure))
#16 C:\\Users\\SINCHINE DAS\\OneDrive\\Desktop\\first\\hospitalMS\\vendor\\laravel\\framework\\src\\Illuminate\\Database\\Eloquent\\Builder.php(625): Illuminate\\Database\\Query\\Builder->get(Array)
#17 C:\\Users\\SINCHINE DAS\\OneDrive\\Desktop\\first\\hospitalMS\\vendor\\laravel\\framework\\src\\Illuminate\\Database\\Eloquent\\Builder.php(609): Illuminate\\Database\\Eloquent\\Builder->getModels(Array)
#18 C:\\Users\\SINCHINE DAS\\OneDrive\\Desktop\\first\\hospitalMS\\vendor\\laravel\\framework\\src\\Illuminate\\Database\\Concerns\\BuildsQueries.php(294): Illuminate\\Database\\Eloquent\\Builder->get(Array)
#19 C:\\Users\\SINCHINE DAS\\OneDrive\\Desktop\\first\\hospitalMS\\storage\\framework\\views\\3eb6400fb2ce03f9287d039c54a36dac141ef7a0.php(3): Illuminate\\Database\\Eloquent\\Builder->first()
#20 C:\\Users\\SINCHINE DAS\\OneDrive\\Desktop\\first\\hospitalMS\\vendor\\laravel\\framework\\src\\Illuminate\\Filesystem\\Filesystem.php(107): require('C:\\\\Users\\\\SINCHI...')
#21 C:\\Users\\SINCHINE DAS\\OneDrive\\Desktop\\first\\hospitalMS\\vendor\\laravel\\framework\\src\\Illuminate\\Filesystem\\Filesystem.php(108): Illuminate\\Filesystem\\Filesystem::Illuminate\\Filesystem\\{closure}()
#22 C:\\Users\\SINCHINE DAS\\OneDrive\\Desktop\\first\\hospitalMS\\vendor\\laravel\\framework\\src\\Illuminate\\View\\Engines\\PhpEngine.php(58): Illuminate\\Filesystem\\Filesystem->getRequire('C:\\\\Users\\\\SINCHI...', Array)
#23 C:\\Users\\SINCHINE DAS\\OneDrive\\Desktop\\first\\hospitalMS\\vendor\\livewire\\livewire\\src\\ComponentConcerns\\RendersLivewireComponents.php(69): Illuminate\\View\\Engines\\PhpEngine->evaluatePath('C:\\\\Users\\\\SINCHI...', Array)
#24 C:\\Users\\SINCHINE DAS\\OneDrive\\Desktop\\first\\hospitalMS\\vendor\\laravel\\framework\\src\\Illuminate\\View\\Engines\\CompilerEngine.php(61): Livewire\\CompilerEngineForIgnition->evaluatePath('C:\\\\Users\\\\SINCHI...', Array)
#25 C:\\Users\\SINCHINE DAS\\OneDrive\\Desktop\\first\\hospitalMS\\vendor\\facade\\ignition\\src\\Views\\Engines\\CompilerEngine.php(37): Illuminate\\View\\Engines\\CompilerEngine->get('C:\\\\Users\\\\SINCHI...', Array)
#26 C:\\Users\\SINCHINE DAS\\OneDrive\\Desktop\\first\\hospitalMS\\vendor\\livewire\\livewire\\src\\ComponentConcerns\\RendersLivewireComponents.php(35): Facade\\Ignition\\Views\\Engines\\CompilerEngine->get('C:\\\\Users\\\\SINCHI...', Array)
#27 C:\\Users\\SINCHINE DAS\\OneDrive\\Desktop\\first\\hospitalMS\\vendor\\laravel\\framework\\src\\Illuminate\\View\\View.php(139): Livewire\\CompilerEngineForIgnition->get('C:\\\\Users\\\\SINCHI...', Array)
#28 C:\\Users\\SINCHINE DAS\\OneDrive\\Desktop\\first\\hospitalMS\\vendor\\laravel\\framework\\src\\Illuminate\\View\\View.php(122): Illuminate\\View\\View->getContents()
#29 C:\\Users\\SINCHINE DAS\\OneDrive\\Desktop\\first\\hospitalMS\\vendor\\laravel\\framework\\src\\Illuminate\\View\\View.php(91): Illuminate\\View\\View->renderContents()
#30 C:\\Users\\SINCHINE DAS\\OneDrive\\Desktop\\first\\hospitalMS\\vendor\\laravel\\framework\\src\\Illuminate\\Http\\Response.php(69): Illuminate\\View\\View->render()
#31 C:\\Users\\SINCHINE DAS\\OneDrive\\Desktop\\first\\hospitalMS\\vendor\\laravel\\framework\\src\\Illuminate\\Http\\Response.php(35): Illuminate\\Http\\Response->setContent(Object(Illuminate\\View\\View))
#32 C:\\Users\\SINCHINE DAS\\OneDrive\\Desktop\\first\\hospitalMS\\vendor\\laravel\\framework\\src\\Illuminate\\Routing\\Router.php(820): Illuminate\\Http\\Response->__construct(Object(Illuminate\\View\\View), 200, Array)
#33 C:\\Users\\SINCHINE DAS\\OneDrive\\Desktop\\first\\hospitalMS\\vendor\\laravel\\framework\\src\\Illuminate\\Routing\\Router.php(789): Illuminate\\Routing\\Router::toResponse(Object(Illuminate\\Http\\Request), Object(Illuminate\\View\\View))
#34 C:\\Users\\SINCHINE DAS\\OneDrive\\Desktop\\first\\hospitalMS\\vendor\\laravel\\framework\\src\\Illuminate\\Routing\\Router.php(720): Illuminate\\Routing\\Router->prepareResponse(Object(Illuminate\\Http\\Request), Object(Illuminate\\View\\View))
#35 C:\\Users\\SINCHINE DAS\\OneDrive\\Desktop\\first\\hospitalMS\\vendor\\laravel\\framework\\src\\Illuminate\\Pipeline\\Pipeline.php(128): Illuminate\\Routing\\Router->Illuminate\\Routing\\{closure}(Object(Illuminate\\Http\\Request))
#36 C:\\Users\\SINCHINE DAS\\OneDrive\\Desktop\\first\\hospitalMS\\vendor\\laravel\\framework\\src\\Illuminate\\Routing\\Middleware\\SubstituteBindings.php(50): Illuminate\\Pipeline\\Pipeline->Illuminate\\Pipeline\\{closure}(Object(Illuminate\\Http\\Request))
#37 C:\\Users\\SINCHINE DAS\\OneDrive\\Desktop\\first\\hospitalMS\\vendor\\laravel\\framework\\src\\Illuminate\\Pipeline\\Pipeline.php(167): Illuminate\\Routing\\Middleware\\SubstituteBindings->handle(Object(Illuminate\\Http\\Request), Object(Closure))
#38 C:\\Users\\SINCHINE DAS\\OneDrive\\Desktop\\first\\hospitalMS\\vendor\\laravel\\framework\\src\\Illuminate\\Foundation\\Http\\Middleware\\VerifyCsrfToken.php(78): Illuminate\\Pipeline\\Pipeline->Illuminate\\Pipeline\\{closure}(Object(Illuminate\\Http\\Request))
#39 C:\\Users\\SINCHINE DAS\\OneDrive\\Desktop\\first\\hospitalMS\\vendor\\laravel\\framework\\src\\Illuminate\\Pipeline\\Pipeline.php(167): Illuminate\\Foundation\\Http\\Middleware\\VerifyCsrfToken->handle(Object(Illuminate\\Http\\Request), Object(Closure))
#40 C:\\Users\\SINCHINE DAS\\OneDrive\\Desktop\\first\\hospitalMS\\vendor\\laravel\\framework\\src\\Illuminate\\View\\Middleware\\ShareErrorsFromSession.php(49): Illuminate\\Pipeline\\Pipeline->Illuminate\\Pipeline\\{closure}(Object(Illuminate\\Http\\Request))
#41 C:\\Users\\SINCHINE DAS\\OneDrive\\Desktop\\first\\hospitalMS\\vendor\\laravel\\framework\\src\\Illuminate\\Pipeline\\Pipeline.php(167): Illuminate\\View\\Middleware\\ShareErrorsFromSession->handle(Object(Illuminate\\Http\\Request), Object(Closure))
#42 C:\\Users\\SINCHINE DAS\\OneDrive\\Desktop\\first\\hospitalMS\\vendor\\laravel\\framework\\src\\Illuminate\\Session\\Middleware\\StartSession.php(121): Illuminate\\Pipeline\\Pipeline->Illuminate\\Pipeline\\{closure}(Object(Illuminate\\Http\\Request))
#43 C:\\Users\\SINCHINE DAS\\OneDrive\\Desktop\\first\\hospitalMS\\vendor\\laravel\\framework\\src\\Illuminate\\Session\\Middleware\\StartSession.php(64): Illuminate\\Session\\Middleware\\StartSession->handleStatefulRequest(Object(Illuminate\\Http\\Request), Object(Illuminate\\Session\\Store), Object(Closure))
#44 C:\\Users\\SINCHINE DAS\\OneDrive\\Desktop\\first\\hospitalMS\\vendor\\laravel\\framework\\src\\Illuminate\\Pipeline\\Pipeline.php(167): Illuminate\\Session\\Middleware\\StartSession->handle(Object(Illuminate\\Http\\Request), Object(Closure))
#45 C:\\Users\\SINCHINE DAS\\OneDrive\\Desktop\\first\\hospitalMS\\vendor\\laravel\\framework\\src\\Illuminate\\Cookie\\Middleware\\AddQueuedCookiesToResponse.php(37): Illuminate\\Pipeline\\Pipeline->Illuminate\\Pipeline\\{closure}(Object(Illuminate\\Http\\Request))
#46 C:\\Users\\SINCHINE DAS\\OneDrive\\Desktop\\first\\hospitalMS\\vendor\\laravel\\framework\\src\\Illuminate\\Pipeline\\Pipeline.php(167): Illuminate\\Cookie\\Middleware\\AddQueuedCookiesToResponse->handle(Object(Illuminate\\Http\\Request), Object(Closure))
#47 C:\\Users\\SINCHINE DAS\\OneDrive\\Desktop\\first\\hospitalMS\\vendor\\laravel\\framework\\src\\Illuminate\\Cookie\\Middleware\\EncryptCookies.php(67): Illuminate\\Pipeline\\Pipeline->Illuminate\\Pipeline\\{closure}(Object(Illuminate\\Http\\Request))
#48 C:\\Users\\SINCHINE DAS\\OneDrive\\Desktop\\first\\hospitalMS\\vendor\\laravel\\framework\\src\\Illuminate\\Pipeline\\Pipeline.php(167): Illuminate\\Cookie\\Middleware\\EncryptCookies->handle(Object(Illuminate\\Http\\Request), Object(Closure))
#49 C:\\Users\\SINCHINE DAS\\OneDrive\\Desktop\\first\\hospitalMS\\vendor\\laravel\\framework\\src\\Illuminate\\Pipeline\\Pipeline.php(103): Illuminate\\Pipeline\\Pipeline->Illuminate\\Pipeline\\{closure}(Object(Illuminate\\Http\\Request))
#50 C:\\Users\\SINCHINE DAS\\OneDrive\\Desktop\\first\\hospitalMS\\vendor\\laravel\\framework\\src\\Illuminate\\Routing\\Router.php(719): Illuminate\\Pipeline\\Pipeline->then(Object(Closure))
#51 C:\\Users\\SINCHINE DAS\\OneDrive\\Desktop\\first\\hospitalMS\\vendor\\laravel\\framework\\src\\Illuminate\\Routing\\Router.php(698): Illuminate\\Routing\\Router->runRouteWithinStack(Object(Illuminate\\Routing\\Route), Object(Illuminate\\Http\\Request))
#52 C:\\Users\\SINCHINE DAS\\OneDrive\\Desktop\\first\\hospitalMS\\vendor\\laravel\\framework\\src\\Illuminate\\Routing\\Router.php(662): Illuminate\\Routing\\Router->runRoute(Object(Illuminate\\Http\\Request), Object(Illuminate\\Routing\\Route))
#53 C:\\Users\\SINCHINE DAS\\OneDrive\\Desktop\\first\\hospitalMS\\vendor\\laravel\\framework\\src\\Illuminate\\Routing\\Router.php(651): Illuminate\\Routing\\Router->dispatchToRoute(Object(Illuminate\\Http\\Request))
#54 C:\\Users\\SINCHINE DAS\\OneDrive\\Desktop\\first\\hospitalMS\\vendor\\laravel\\framework\\src\\Illuminate\\Foundation\\Http\\Kernel.php(167): Illuminate\\Routing\\Router->dispatch(Object(Illuminate\\Http\\Request))
#55 C:\\Users\\SINCHINE DAS\\OneDrive\\Desktop\\first\\hospitalMS\\vendor\\laravel\\framework\\src\\Illuminate\\Pipeline\\Pipeline.php(128): Illuminate\\Foundation\\Http\\Kernel->Illuminate\\Foundation\\Http\\{closure}(Object(Illuminate\\Http\\Request))
#56 C:\\Users\\SINCHINE DAS\\OneDrive\\Desktop\\first\\hospitalMS\\vendor\\livewire\\livewire\\src\\DisableBrowserCache.php(19): Illuminate\\Pipeline\\Pipeline->Illuminate\\Pipeline\\{closure}(Object(Illuminate\\Http\\Request))
#57 C:\\Users\\SINCHINE DAS\\OneDrive\\Desktop\\first\\hospitalMS\\vendor\\laravel\\framework\\src\\Illuminate\\Pipeline\\Pipeline.php(167): Livewire\\DisableBrowserCache->handle(Object(Illuminate\\Http\\Request), Object(Closure))
#58 C:\\Users\\SINCHINE DAS\\OneDrive\\Desktop\\first\\hospitalMS\\vendor\\laravel\\framework\\src\\Illuminate\\Foundation\\Http\\Middleware\\TransformsRequest.php(21): Illuminate\\Pipeline\\Pipeline->Illuminate\\Pipeline\\{closure}(Object(Illuminate\\Http\\Request))
#59 C:\\Users\\SINCHINE DAS\\OneDrive\\Desktop\\first\\hospitalMS\\vendor\\laravel\\framework\\src\\Illuminate\\Foundation\\Http\\Middleware\\ConvertEmptyStringsToNull.php(31): Illuminate\\Foundation\\Http\\Middleware\\TransformsRequest->handle(Object(Illuminate\\Http\\Request), Object(Closure))
#60 C:\\Users\\SINCHINE DAS\\OneDrive\\Desktop\\first\\hospitalMS\\vendor\\laravel\\framework\\src\\Illuminate\\Pipeline\\Pipeline.php(167): Illuminate\\Foundation\\Http\\Middleware\\ConvertEmptyStringsToNull->handle(Object(Illuminate\\Http\\Request), Object(Closure))
#61 C:\\Users\\SINCHINE DAS\\OneDrive\\Desktop\\first\\hospitalMS\\vendor\\laravel\\framework\\src\\Illuminate\\Foundation\\Http\\Middleware\\TransformsRequest.php(21): Illuminate\\Pipeline\\Pipeline->Illuminate\\Pipeline\\{closure}(Object(Illuminate\\Http\\Request))
#62 C:\\Users\\SINCHINE DAS\\OneDrive\\Desktop\\first\\hospitalMS\\vendor\\laravel\\framework\\src\\Illuminate\\Foundation\\Http\\Middleware\\TrimStrings.php(40): Illuminate\\Foundation\\Http\\Middleware\\TransformsRequest->handle(Object(Illuminate\\Http\\Request), Object(Closure))
#63 C:\\Users\\SINCHINE DAS\\OneDrive\\Desktop\\first\\hospitalMS\\vendor\\laravel\\framework\\src\\Illuminate\\Pipeline\\Pipeline.php(167): Illuminate\\Foundation\\Http\\Middleware\\TrimStrings->handle(Object(Illuminate\\Http\\Request), Object(Closure))
#64 C:\\Users\\SINCHINE DAS\\OneDrive\\Desktop\\first\\hospitalMS\\vendor\\laravel\\framework\\src\\Illuminate\\Foundation\\Http\\Middleware\\ValidatePostSize.php(27): Illuminate\\Pipeline\\Pipeline->Illuminate\\Pipeline\\{closure}(Object(Illuminate\\Http\\Request))
#65 C:\\Users\\SINCHINE DAS\\OneDrive\\Desktop\\first\\hospitalMS\\vendor\\laravel\\framework\\src\\Illuminate\\Pipeline\\Pipeline.php(167): Illuminate\\Foundation\\Http\\Middleware\\ValidatePostSize->handle(Object(Illuminate\\Http\\Request), Object(Closure))
#66 C:\\Users\\SINCHINE DAS\\OneDrive\\Desktop\\first\\hospitalMS\\vendor\\laravel\\framework\\src\\Illuminate\\Foundation\\Http\\Middleware\\PreventRequestsDuringMaintenance.php(86): Illuminate\\Pipeline\\Pipeline->Illuminate\\Pipeline\\{closure}(Object(Illuminate\\Http\\Request))
#67 C:\\Users\\SINCHINE DAS\\OneDrive\\Desktop\\first\\hospitalMS\\vendor\\laravel\\framework\\src\\Illuminate\\Pipeline\\Pipeline.php(167): Illuminate\\Foundation\\Http\\Middleware\\PreventRequestsDuringMaintenance->handle(Object(Illuminate\\Http\\Request), Object(Closure))
#68 C:\\Users\\SINCHINE DAS\\OneDrive\\Desktop\\first\\hospitalMS\\vendor\\fruitcake\\laravel-cors\\src\\HandleCors.php(38): Illuminate\\Pipeline\\Pipeline->Illuminate\\Pipeline\\{closure}(Object(Illuminate\\Http\\Request))
#69 C:\\Users\\SINCHINE DAS\\OneDrive\\Desktop\\first\\hospitalMS\\vendor\\laravel\\framework\\src\\Illuminate\\Pipeline\\Pipeline.php(167): Fruitcake\\Cors\\HandleCors->handle(Object(Illuminate\\Http\\Request), Object(Closure))
#70 C:\\Users\\SINCHINE DAS\\OneDrive\\Desktop\\first\\hospitalMS\\vendor\\fideloper\\proxy\\src\\TrustProxies.php(57): Illuminate\\Pipeline\\Pipeline->Illuminate\\Pipeline\\{closure}(Object(Illuminate\\Http\\Request))
#71 C:\\Users\\SINCHINE DAS\\OneDrive\\Desktop\\first\\hospitalMS\\vendor\\laravel\\framework\\src\\Illuminate\\Pipeline\\Pipeline.php(167): Fideloper\\Proxy\\TrustProxies->handle(Object(Illuminate\\Http\\Request), Object(Closure))
#72 C:\\Users\\SINCHINE DAS\\OneDrive\\Desktop\\first\\hospitalMS\\vendor\\laravel\\framework\\src\\Illuminate\\Pipeline\\Pipeline.php(103): Illuminate\\Pipeline\\Pipeline->Illuminate\\Pipeline\\{closure}(Object(Illuminate\\Http\\Request))
#73 C:\\Users\\SINCHINE DAS\\OneDrive\\Desktop\\first\\hospitalMS\\vendor\\laravel\\framework\\src\\Illuminate\\Foundation\\Http\\Kernel.php(142): Illuminate\\Pipeline\\Pipeline->then(Object(Closure))
#74 C:\\Users\\SINCHINE DAS\\OneDrive\\Desktop\\first\\hospitalMS\\vendor\\laravel\\framework\\src\\Illuminate\\Foundation\\Http\\Kernel.php(111): Illuminate\\Foundation\\Http\\Kernel->sendRequestThroughRouter(Object(Illuminate\\Http\\Request))
#75 C:\\Users\\SINCHINE DAS\\OneDrive\\Desktop\\first\\hospitalMS\\public\\index.php(51): Illuminate\\Foundation\\Http\\Kernel->handle(Object(Illuminate\\Http\\Request))
#76 C:\\Users\\SINCHINE DAS\\OneDrive\\Desktop\\first\\hospitalMS\\server.php(21): require_once('C:\\\\Users\\\\SINCHI...')
#77 {main}
"} 
[2025-05-01 19:06:26] local.ERROR: SQLSTATE[HY000] [2002] No connection could be made because the target machine actively refused it (SQL: select * from `settings` where `settings`.`deleted_at` is null order by `created_at` desc limit 1) (View: C:\Users\SINCHINE DAS\OneDrive\Desktop\first\hospitalMS\resources\views\index.blade.php) {"view":{"view":"C:\\Users\\SINCHINE DAS\\OneDrive\\Desktop\\first\\hospitalMS\\vendor\\laravel\\framework\\src\\Illuminate\\Database\\Connection.php","data":[]},"exception":"[object] (Facade\\Ignition\\Exceptions\\ViewException(code: 0): SQLSTATE[HY000] [2002] No connection could be made because the target machine actively refused it (SQL: select * from `settings` where `settings`.`deleted_at` is null order by `created_at` desc limit 1) (View: C:\\Users\\SINCHINE DAS\\OneDrive\\Desktop\\first\\hospitalMS\\resources\\views\\index.blade.php) at C:\\Users\\SINCHINE DAS\\OneDrive\\Desktop\\first\\hospitalMS\\vendor\\laravel\\framework\\src\\Illuminate\\Database\\Connection.php:712)
[stacktrace]
#0 C:\\Users\\SINCHINE DAS\\OneDrive\\Desktop\\first\\hospitalMS\\vendor\\laravel\\framework\\src\\Illuminate\\Database\\Connection.php(784): Illuminate\\Database\\Connection->runQueryCallback('select * from `...', Array, Object(Closure))
#1 C:\\Users\\SINCHINE DAS\\OneDrive\\Desktop\\first\\hospitalMS\\vendor\\laravel\\framework\\src\\Illuminate\\Database\\Connection.php(763): Illuminate\\Database\\Connection->tryAgainIfCausedByLostConnection(Object(Illuminate\\Database\\QueryException), 'select * from `...', Array, Object(Closure))
#2 C:\\Users\\SINCHINE DAS\\OneDrive\\Desktop\\first\\hospitalMS\\vendor\\laravel\\framework\\src\\Illuminate\\Database\\Connection.php(674): Illuminate\\Database\\Connection->handleQueryException(Object(Illuminate\\Database\\QueryException), 'select * from `...', Array, Object(Closure))
#3 C:\\Users\\SINCHINE DAS\\OneDrive\\Desktop\\first\\hospitalMS\\vendor\\laravel\\framework\\src\\Illuminate\\Database\\Connection.php(359): Illuminate\\Database\\Connection->run('select * from `...', Array, Object(Closure))
#4 C:\\Users\\SINCHINE DAS\\OneDrive\\Desktop\\first\\hospitalMS\\vendor\\laravel\\framework\\src\\Illuminate\\Database\\Query\\Builder.php(2413): Illuminate\\Database\\Connection->select('select * from `...', Array, true)
#5 C:\\Users\\SINCHINE DAS\\OneDrive\\Desktop\\first\\hospitalMS\\vendor\\laravel\\framework\\src\\Illuminate\\Database\\Query\\Builder.php(2402): Illuminate\\Database\\Query\\Builder->runSelect()
#6 C:\\Users\\SINCHINE DAS\\OneDrive\\Desktop\\first\\hospitalMS\\vendor\\laravel\\framework\\src\\Illuminate\\Database\\Query\\Builder.php(2936): Illuminate\\Database\\Query\\Builder->Illuminate\\Database\\Query\\{closure}()
#7 C:\\Users\\SINCHINE DAS\\OneDrive\\Desktop\\first\\hospitalMS\\vendor\\laravel\\framework\\src\\Illuminate\\Database\\Query\\Builder.php(2401): Illuminate\\Database\\Query\\Builder->onceWithColumns(Array, Object(Closure))
#8 C:\\Users\\SINCHINE DAS\\OneDrive\\Desktop\\first\\hospitalMS\\vendor\\laravel\\framework\\src\\Illuminate\\Database\\Eloquent\\Builder.php(625): Illuminate\\Database\\Query\\Builder->get(Array)
#9 C:\\Users\\SINCHINE DAS\\OneDrive\\Desktop\\first\\hospitalMS\\vendor\\laravel\\framework\\src\\Illuminate\\Database\\Eloquent\\Builder.php(609): Illuminate\\Database\\Eloquent\\Builder->getModels(Array)
#10 C:\\Users\\SINCHINE DAS\\OneDrive\\Desktop\\first\\hospitalMS\\vendor\\laravel\\framework\\src\\Illuminate\\Database\\Concerns\\BuildsQueries.php(294): Illuminate\\Database\\Eloquent\\Builder->get(Array)
#11 C:\\Users\\SINCHINE DAS\\OneDrive\\Desktop\\first\\hospitalMS\\resources\\views/index.blade.php(3): Illuminate\\Database\\Eloquent\\Builder->first()
#12 C:\\Users\\SINCHINE DAS\\OneDrive\\Desktop\\first\\hospitalMS\\vendor\\laravel\\framework\\src\\Illuminate\\Filesystem\\Filesystem.php(107): require('C:\\\\Users\\\\SINCHI...')
#13 C:\\Users\\SINCHINE DAS\\OneDrive\\Desktop\\first\\hospitalMS\\vendor\\laravel\\framework\\src\\Illuminate\\Filesystem\\Filesystem.php(108): Illuminate\\Filesystem\\Filesystem::Illuminate\\Filesystem\\{closure}()
#14 C:\\Users\\SINCHINE DAS\\OneDrive\\Desktop\\first\\hospitalMS\\vendor\\laravel\\framework\\src\\Illuminate\\View\\Engines\\PhpEngine.php(58): Illuminate\\Filesystem\\Filesystem->getRequire('C:\\\\Users\\\\SINCHI...', Array)
#15 C:\\Users\\SINCHINE DAS\\OneDrive\\Desktop\\first\\hospitalMS\\vendor\\livewire\\livewire\\src\\ComponentConcerns\\RendersLivewireComponents.php(69): Illuminate\\View\\Engines\\PhpEngine->evaluatePath('C:\\\\Users\\\\SINCHI...', Array)
#16 C:\\Users\\SINCHINE DAS\\OneDrive\\Desktop\\first\\hospitalMS\\vendor\\laravel\\framework\\src\\Illuminate\\View\\Engines\\CompilerEngine.php(61): Livewire\\CompilerEngineForIgnition->evaluatePath('C:\\\\Users\\\\SINCHI...', Array)
#17 C:\\Users\\SINCHINE DAS\\OneDrive\\Desktop\\first\\hospitalMS\\vendor\\facade\\ignition\\src\\Views\\Engines\\CompilerEngine.php(37): Illuminate\\View\\Engines\\CompilerEngine->get('C:\\\\Users\\\\SINCHI...', Array)
#18 C:\\Users\\SINCHINE DAS\\OneDrive\\Desktop\\first\\hospitalMS\\vendor\\livewire\\livewire\\src\\ComponentConcerns\\RendersLivewireComponents.php(35): Facade\\Ignition\\Views\\Engines\\CompilerEngine->get('C:\\\\Users\\\\SINCHI...', Array)
#19 C:\\Users\\SINCHINE DAS\\OneDrive\\Desktop\\first\\hospitalMS\\vendor\\laravel\\framework\\src\\Illuminate\\View\\View.php(139): Livewire\\CompilerEngineForIgnition->get('C:\\\\Users\\\\SINCHI...', Array)
#20 C:\\Users\\SINCHINE DAS\\OneDrive\\Desktop\\first\\hospitalMS\\vendor\\laravel\\framework\\src\\Illuminate\\View\\View.php(122): Illuminate\\View\\View->getContents()
#21 C:\\Users\\SINCHINE DAS\\OneDrive\\Desktop\\first\\hospitalMS\\vendor\\laravel\\framework\\src\\Illuminate\\View\\View.php(91): Illuminate\\View\\View->renderContents()
#22 C:\\Users\\SINCHINE DAS\\OneDrive\\Desktop\\first\\hospitalMS\\vendor\\laravel\\framework\\src\\Illuminate\\Http\\Response.php(69): Illuminate\\View\\View->render()
#23 C:\\Users\\SINCHINE DAS\\OneDrive\\Desktop\\first\\hospitalMS\\vendor\\laravel\\framework\\src\\Illuminate\\Http\\Response.php(35): Illuminate\\Http\\Response->setContent(Object(Illuminate\\View\\View))
#24 C:\\Users\\SINCHINE DAS\\OneDrive\\Desktop\\first\\hospitalMS\\vendor\\laravel\\framework\\src\\Illuminate\\Routing\\Router.php(820): Illuminate\\Http\\Response->__construct(Object(Illuminate\\View\\View), 200, Array)
#25 C:\\Users\\SINCHINE DAS\\OneDrive\\Desktop\\first\\hospitalMS\\vendor\\laravel\\framework\\src\\Illuminate\\Routing\\Router.php(789): Illuminate\\Routing\\Router::toResponse(Object(Illuminate\\Http\\Request), Object(Illuminate\\View\\View))
#26 C:\\Users\\SINCHINE DAS\\OneDrive\\Desktop\\first\\hospitalMS\\vendor\\laravel\\framework\\src\\Illuminate\\Routing\\Router.php(720): Illuminate\\Routing\\Router->prepareResponse(Object(Illuminate\\Http\\Request), Object(Illuminate\\View\\View))
#27 C:\\Users\\SINCHINE DAS\\OneDrive\\Desktop\\first\\hospitalMS\\vendor\\laravel\\framework\\src\\Illuminate\\Pipeline\\Pipeline.php(128): Illuminate\\Routing\\Router->Illuminate\\Routing\\{closure}(Object(Illuminate\\Http\\Request))
#28 C:\\Users\\SINCHINE DAS\\OneDrive\\Desktop\\first\\hospitalMS\\vendor\\laravel\\framework\\src\\Illuminate\\Routing\\Middleware\\SubstituteBindings.php(50): Illuminate\\Pipeline\\Pipeline->Illuminate\\Pipeline\\{closure}(Object(Illuminate\\Http\\Request))
#29 C:\\Users\\SINCHINE DAS\\OneDrive\\Desktop\\first\\hospitalMS\\vendor\\laravel\\framework\\src\\Illuminate\\Pipeline\\Pipeline.php(167): Illuminate\\Routing\\Middleware\\SubstituteBindings->handle(Object(Illuminate\\Http\\Request), Object(Closure))
#30 C:\\Users\\SINCHINE DAS\\OneDrive\\Desktop\\first\\hospitalMS\\vendor\\laravel\\framework\\src\\Illuminate\\Foundation\\Http\\Middleware\\VerifyCsrfToken.php(78): Illuminate\\Pipeline\\Pipeline->Illuminate\\Pipeline\\{closure}(Object(Illuminate\\Http\\Request))
#31 C:\\Users\\SINCHINE DAS\\OneDrive\\Desktop\\first\\hospitalMS\\vendor\\laravel\\framework\\src\\Illuminate\\Pipeline\\Pipeline.php(167): Illuminate\\Foundation\\Http\\Middleware\\VerifyCsrfToken->handle(Object(Illuminate\\Http\\Request), Object(Closure))
#32 C:\\Users\\SINCHINE DAS\\OneDrive\\Desktop\\first\\hospitalMS\\vendor\\laravel\\framework\\src\\Illuminate\\View\\Middleware\\ShareErrorsFromSession.php(49): Illuminate\\Pipeline\\Pipeline->Illuminate\\Pipeline\\{closure}(Object(Illuminate\\Http\\Request))
#33 C:\\Users\\SINCHINE DAS\\OneDrive\\Desktop\\first\\hospitalMS\\vendor\\laravel\\framework\\src\\Illuminate\\Pipeline\\Pipeline.php(167): Illuminate\\View\\Middleware\\ShareErrorsFromSession->handle(Object(Illuminate\\Http\\Request), Object(Closure))
#34 C:\\Users\\SINCHINE DAS\\OneDrive\\Desktop\\first\\hospitalMS\\vendor\\laravel\\framework\\src\\Illuminate\\Session\\Middleware\\StartSession.php(121): Illuminate\\Pipeline\\Pipeline->Illuminate\\Pipeline\\{closure}(Object(Illuminate\\Http\\Request))
#35 C:\\Users\\SINCHINE DAS\\OneDrive\\Desktop\\first\\hospitalMS\\vendor\\laravel\\framework\\src\\Illuminate\\Session\\Middleware\\StartSession.php(64): Illuminate\\Session\\Middleware\\StartSession->handleStatefulRequest(Object(Illuminate\\Http\\Request), Object(Illuminate\\Session\\Store), Object(Closure))
#36 C:\\Users\\SINCHINE DAS\\OneDrive\\Desktop\\first\\hospitalMS\\vendor\\laravel\\framework\\src\\Illuminate\\Pipeline\\Pipeline.php(167): Illuminate\\Session\\Middleware\\StartSession->handle(Object(Illuminate\\Http\\Request), Object(Closure))
#37 C:\\Users\\SINCHINE DAS\\OneDrive\\Desktop\\first\\hospitalMS\\vendor\\laravel\\framework\\src\\Illuminate\\Cookie\\Middleware\\AddQueuedCookiesToResponse.php(37): Illuminate\\Pipeline\\Pipeline->Illuminate\\Pipeline\\{closure}(Object(Illuminate\\Http\\Request))
#38 C:\\Users\\SINCHINE DAS\\OneDrive\\Desktop\\first\\hospitalMS\\vendor\\laravel\\framework\\src\\Illuminate\\Pipeline\\Pipeline.php(167): Illuminate\\Cookie\\Middleware\\AddQueuedCookiesToResponse->handle(Object(Illuminate\\Http\\Request), Object(Closure))
#39 C:\\Users\\SINCHINE DAS\\OneDrive\\Desktop\\first\\hospitalMS\\vendor\\laravel\\framework\\src\\Illuminate\\Cookie\\Middleware\\EncryptCookies.php(67): Illuminate\\Pipeline\\Pipeline->Illuminate\\Pipeline\\{closure}(Object(Illuminate\\Http\\Request))
#40 C:\\Users\\SINCHINE DAS\\OneDrive\\Desktop\\first\\hospitalMS\\vendor\\laravel\\framework\\src\\Illuminate\\Pipeline\\Pipeline.php(167): Illuminate\\Cookie\\Middleware\\EncryptCookies->handle(Object(Illuminate\\Http\\Request), Object(Closure))
#41 C:\\Users\\SINCHINE DAS\\OneDrive\\Desktop\\first\\hospitalMS\\vendor\\laravel\\framework\\src\\Illuminate\\Pipeline\\Pipeline.php(103): Illuminate\\Pipeline\\Pipeline->Illuminate\\Pipeline\\{closure}(Object(Illuminate\\Http\\Request))
#42 C:\\Users\\SINCHINE DAS\\OneDrive\\Desktop\\first\\hospitalMS\\vendor\\laravel\\framework\\src\\Illuminate\\Routing\\Router.php(719): Illuminate\\Pipeline\\Pipeline->then(Object(Closure))
#43 C:\\Users\\SINCHINE DAS\\OneDrive\\Desktop\\first\\hospitalMS\\vendor\\laravel\\framework\\src\\Illuminate\\Routing\\Router.php(698): Illuminate\\Routing\\Router->runRouteWithinStack(Object(Illuminate\\Routing\\Route), Object(Illuminate\\Http\\Request))
#44 C:\\Users\\SINCHINE DAS\\OneDrive\\Desktop\\first\\hospitalMS\\vendor\\laravel\\framework\\src\\Illuminate\\Routing\\Router.php(662): Illuminate\\Routing\\Router->runRoute(Object(Illuminate\\Http\\Request), Object(Illuminate\\Routing\\Route))
#45 C:\\Users\\SINCHINE DAS\\OneDrive\\Desktop\\first\\hospitalMS\\vendor\\laravel\\framework\\src\\Illuminate\\Routing\\Router.php(651): Illuminate\\Routing\\Router->dispatchToRoute(Object(Illuminate\\Http\\Request))
#46 C:\\Users\\SINCHINE DAS\\OneDrive\\Desktop\\first\\hospitalMS\\vendor\\laravel\\framework\\src\\Illuminate\\Foundation\\Http\\Kernel.php(167): Illuminate\\Routing\\Router->dispatch(Object(Illuminate\\Http\\Request))
#47 C:\\Users\\SINCHINE DAS\\OneDrive\\Desktop\\first\\hospitalMS\\vendor\\laravel\\framework\\src\\Illuminate\\Pipeline\\Pipeline.php(128): Illuminate\\Foundation\\Http\\Kernel->Illuminate\\Foundation\\Http\\{closure}(Object(Illuminate\\Http\\Request))
#48 C:\\Users\\SINCHINE DAS\\OneDrive\\Desktop\\first\\hospitalMS\\vendor\\livewire\\livewire\\src\\DisableBrowserCache.php(19): Illuminate\\Pipeline\\Pipeline->Illuminate\\Pipeline\\{closure}(Object(Illuminate\\Http\\Request))
#49 C:\\Users\\SINCHINE DAS\\OneDrive\\Desktop\\first\\hospitalMS\\vendor\\laravel\\framework\\src\\Illuminate\\Pipeline\\Pipeline.php(167): Livewire\\DisableBrowserCache->handle(Object(Illuminate\\Http\\Request), Object(Closure))
#50 C:\\Users\\SINCHINE DAS\\OneDrive\\Desktop\\first\\hospitalMS\\vendor\\laravel\\framework\\src\\Illuminate\\Foundation\\Http\\Middleware\\TransformsRequest.php(21): Illuminate\\Pipeline\\Pipeline->Illuminate\\Pipeline\\{closure}(Object(Illuminate\\Http\\Request))
#51 C:\\Users\\SINCHINE DAS\\OneDrive\\Desktop\\first\\hospitalMS\\vendor\\laravel\\framework\\src\\Illuminate\\Foundation\\Http\\Middleware\\ConvertEmptyStringsToNull.php(31): Illuminate\\Foundation\\Http\\Middleware\\TransformsRequest->handle(Object(Illuminate\\Http\\Request), Object(Closure))
#52 C:\\Users\\SINCHINE DAS\\OneDrive\\Desktop\\first\\hospitalMS\\vendor\\laravel\\framework\\src\\Illuminate\\Pipeline\\Pipeline.php(167): Illuminate\\Foundation\\Http\\Middleware\\ConvertEmptyStringsToNull->handle(Object(Illuminate\\Http\\Request), Object(Closure))
#53 C:\\Users\\SINCHINE DAS\\OneDrive\\Desktop\\first\\hospitalMS\\vendor\\laravel\\framework\\src\\Illuminate\\Foundation\\Http\\Middleware\\TransformsRequest.php(21): Illuminate\\Pipeline\\Pipeline->Illuminate\\Pipeline\\{closure}(Object(Illuminate\\Http\\Request))
#54 C:\\Users\\SINCHINE DAS\\OneDrive\\Desktop\\first\\hospitalMS\\vendor\\laravel\\framework\\src\\Illuminate\\Foundation\\Http\\Middleware\\TrimStrings.php(40): Illuminate\\Foundation\\Http\\Middleware\\TransformsRequest->handle(Object(Illuminate\\Http\\Request), Object(Closure))
#55 C:\\Users\\SINCHINE DAS\\OneDrive\\Desktop\\first\\hospitalMS\\vendor\\laravel\\framework\\src\\Illuminate\\Pipeline\\Pipeline.php(167): Illuminate\\Foundation\\Http\\Middleware\\TrimStrings->handle(Object(Illuminate\\Http\\Request), Object(Closure))
#56 C:\\Users\\SINCHINE DAS\\OneDrive\\Desktop\\first\\hospitalMS\\vendor\\laravel\\framework\\src\\Illuminate\\Foundation\\Http\\Middleware\\ValidatePostSize.php(27): Illuminate\\Pipeline\\Pipeline->Illuminate\\Pipeline\\{closure}(Object(Illuminate\\Http\\Request))
#57 C:\\Users\\SINCHINE DAS\\OneDrive\\Desktop\\first\\hospitalMS\\vendor\\laravel\\framework\\src\\Illuminate\\Pipeline\\Pipeline.php(167): Illuminate\\Foundation\\Http\\Middleware\\ValidatePostSize->handle(Object(Illuminate\\Http\\Request), Object(Closure))
#58 C:\\Users\\SINCHINE DAS\\OneDrive\\Desktop\\first\\hospitalMS\\vendor\\laravel\\framework\\src\\Illuminate\\Foundation\\Http\\Middleware\\PreventRequestsDuringMaintenance.php(86): Illuminate\\Pipeline\\Pipeline->Illuminate\\Pipeline\\{closure}(Object(Illuminate\\Http\\Request))
#59 C:\\Users\\SINCHINE DAS\\OneDrive\\Desktop\\first\\hospitalMS\\vendor\\laravel\\framework\\src\\Illuminate\\Pipeline\\Pipeline.php(167): Illuminate\\Foundation\\Http\\Middleware\\PreventRequestsDuringMaintenance->handle(Object(Illuminate\\Http\\Request), Object(Closure))
#60 C:\\Users\\SINCHINE DAS\\OneDrive\\Desktop\\first\\hospitalMS\\vendor\\fruitcake\\laravel-cors\\src\\HandleCors.php(38): Illuminate\\Pipeline\\Pipeline->Illuminate\\Pipeline\\{closure}(Object(Illuminate\\Http\\Request))
#61 C:\\Users\\SINCHINE DAS\\OneDrive\\Desktop\\first\\hospitalMS\\vendor\\laravel\\framework\\src\\Illuminate\\Pipeline\\Pipeline.php(167): Fruitcake\\Cors\\HandleCors->handle(Object(Illuminate\\Http\\Request), Object(Closure))
#62 C:\\Users\\SINCHINE DAS\\OneDrive\\Desktop\\first\\hospitalMS\\vendor\\fideloper\\proxy\\src\\TrustProxies.php(57): Illuminate\\Pipeline\\Pipeline->Illuminate\\Pipeline\\{closure}(Object(Illuminate\\Http\\Request))
#63 C:\\Users\\SINCHINE DAS\\OneDrive\\Desktop\\first\\hospitalMS\\vendor\\laravel\\framework\\src\\Illuminate\\Pipeline\\Pipeline.php(167): Fideloper\\Proxy\\TrustProxies->handle(Object(Illuminate\\Http\\Request), Object(Closure))
#64 C:\\Users\\SINCHINE DAS\\OneDrive\\Desktop\\first\\hospitalMS\\vendor\\laravel\\framework\\src\\Illuminate\\Pipeline\\Pipeline.php(103): Illuminate\\Pipeline\\Pipeline->Illuminate\\Pipeline\\{closure}(Object(Illuminate\\Http\\Request))
#65 C:\\Users\\SINCHINE DAS\\OneDrive\\Desktop\\first\\hospitalMS\\vendor\\laravel\\framework\\src\\Illuminate\\Foundation\\Http\\Kernel.php(142): Illuminate\\Pipeline\\Pipeline->then(Object(Closure))
#66 C:\\Users\\SINCHINE DAS\\OneDrive\\Desktop\\first\\hospitalMS\\vendor\\laravel\\framework\\src\\Illuminate\\Foundation\\Http\\Kernel.php(111): Illuminate\\Foundation\\Http\\Kernel->sendRequestThroughRouter(Object(Illuminate\\Http\\Request))
#67 C:\\Users\\SINCHINE DAS\\OneDrive\\Desktop\\first\\hospitalMS\\public\\index.php(51): Illuminate\\Foundation\\Http\\Kernel->handle(Object(Illuminate\\Http\\Request))
#68 C:\\Users\\SINCHINE DAS\\OneDrive\\Desktop\\first\\hospitalMS\\server.php(21): require_once('C:\\\\Users\\\\SINCHI...')
#69 {main}

[previous exception] [object] (Illuminate\\Database\\QueryException(code: 2002): SQLSTATE[HY000] [2002] No connection could be made because the target machine actively refused it (SQL: select * from `settings` where `settings`.`deleted_at` is null order by `created_at` desc limit 1) at C:\\Users\\SINCHINE DAS\\OneDrive\\Desktop\\first\\hospitalMS\\vendor\\laravel\\framework\\src\\Illuminate\\Database\\Connection.php:712)
[stacktrace]
#0 C:\\Users\\SINCHINE DAS\\OneDrive\\Desktop\\first\\hospitalMS\\vendor\\laravel\\framework\\src\\Illuminate\\Database\\Connection.php(784): Illuminate\\Database\\Connection->runQueryCallback('select * from `...', Array, Object(Closure))
#1 C:\\Users\\SINCHINE DAS\\OneDrive\\Desktop\\first\\hospitalMS\\vendor\\laravel\\framework\\src\\Illuminate\\Database\\Connection.php(763): Illuminate\\Database\\Connection->tryAgainIfCausedByLostConnection(Object(Illuminate\\Database\\QueryException), 'select * from `...', Array, Object(Closure))
#2 C:\\Users\\SINCHINE DAS\\OneDrive\\Desktop\\first\\hospitalMS\\vendor\\laravel\\framework\\src\\Illuminate\\Database\\Connection.php(674): Illuminate\\Database\\Connection->handleQueryException(Object(Illuminate\\Database\\QueryException), 'select * from `...', Array, Object(Closure))
#3 C:\\Users\\SINCHINE DAS\\OneDrive\\Desktop\\first\\hospitalMS\\vendor\\laravel\\framework\\src\\Illuminate\\Database\\Connection.php(359): Illuminate\\Database\\Connection->run('select * from `...', Array, Object(Closure))
#4 C:\\Users\\SINCHINE DAS\\OneDrive\\Desktop\\first\\hospitalMS\\vendor\\laravel\\framework\\src\\Illuminate\\Database\\Query\\Builder.php(2413): Illuminate\\Database\\Connection->select('select * from `...', Array, true)
#5 C:\\Users\\SINCHINE DAS\\OneDrive\\Desktop\\first\\hospitalMS\\vendor\\laravel\\framework\\src\\Illuminate\\Database\\Query\\Builder.php(2402): Illuminate\\Database\\Query\\Builder->runSelect()
#6 C:\\Users\\SINCHINE DAS\\OneDrive\\Desktop\\first\\hospitalMS\\vendor\\laravel\\framework\\src\\Illuminate\\Database\\Query\\Builder.php(2936): Illuminate\\Database\\Query\\Builder->Illuminate\\Database\\Query\\{closure}()
#7 C:\\Users\\SINCHINE DAS\\OneDrive\\Desktop\\first\\hospitalMS\\vendor\\laravel\\framework\\src\\Illuminate\\Database\\Query\\Builder.php(2401): Illuminate\\Database\\Query\\Builder->onceWithColumns(Array, Object(Closure))
#8 C:\\Users\\SINCHINE DAS\\OneDrive\\Desktop\\first\\hospitalMS\\vendor\\laravel\\framework\\src\\Illuminate\\Database\\Eloquent\\Builder.php(625): Illuminate\\Database\\Query\\Builder->get(Array)
#9 C:\\Users\\SINCHINE DAS\\OneDrive\\Desktop\\first\\hospitalMS\\vendor\\laravel\\framework\\src\\Illuminate\\Database\\Eloquent\\Builder.php(609): Illuminate\\Database\\Eloquent\\Builder->getModels(Array)
#10 C:\\Users\\SINCHINE DAS\\OneDrive\\Desktop\\first\\hospitalMS\\vendor\\laravel\\framework\\src\\Illuminate\\Database\\Concerns\\BuildsQueries.php(294): Illuminate\\Database\\Eloquent\\Builder->get(Array)
#11 C:\\Users\\SINCHINE DAS\\OneDrive\\Desktop\\first\\hospitalMS\\storage\\framework\\views\\3eb6400fb2ce03f9287d039c54a36dac141ef7a0.php(3): Illuminate\\Database\\Eloquent\\Builder->first()
#12 C:\\Users\\SINCHINE DAS\\OneDrive\\Desktop\\first\\hospitalMS\\vendor\\laravel\\framework\\src\\Illuminate\\Filesystem\\Filesystem.php(107): require('C:\\\\Users\\\\SINCHI...')
#13 C:\\Users\\SINCHINE DAS\\OneDrive\\Desktop\\first\\hospitalMS\\vendor\\laravel\\framework\\src\\Illuminate\\Filesystem\\Filesystem.php(108): Illuminate\\Filesystem\\Filesystem::Illuminate\\Filesystem\\{closure}()
#14 C:\\Users\\SINCHINE DAS\\OneDrive\\Desktop\\first\\hospitalMS\\vendor\\laravel\\framework\\src\\Illuminate\\View\\Engines\\PhpEngine.php(58): Illuminate\\Filesystem\\Filesystem->getRequire('C:\\\\Users\\\\SINCHI...', Array)
#15 C:\\Users\\SINCHINE DAS\\OneDrive\\Desktop\\first\\hospitalMS\\vendor\\livewire\\livewire\\src\\ComponentConcerns\\RendersLivewireComponents.php(69): Illuminate\\View\\Engines\\PhpEngine->evaluatePath('C:\\\\Users\\\\SINCHI...', Array)
#16 C:\\Users\\SINCHINE DAS\\OneDrive\\Desktop\\first\\hospitalMS\\vendor\\laravel\\framework\\src\\Illuminate\\View\\Engines\\CompilerEngine.php(61): Livewire\\CompilerEngineForIgnition->evaluatePath('C:\\\\Users\\\\SINCHI...', Array)
#17 C:\\Users\\SINCHINE DAS\\OneDrive\\Desktop\\first\\hospitalMS\\vendor\\facade\\ignition\\src\\Views\\Engines\\CompilerEngine.php(37): Illuminate\\View\\Engines\\CompilerEngine->get('C:\\\\Users\\\\SINCHI...', Array)
#18 C:\\Users\\SINCHINE DAS\\OneDrive\\Desktop\\first\\hospitalMS\\vendor\\livewire\\livewire\\src\\ComponentConcerns\\RendersLivewireComponents.php(35): Facade\\Ignition\\Views\\Engines\\CompilerEngine->get('C:\\\\Users\\\\SINCHI...', Array)
#19 C:\\Users\\SINCHINE DAS\\OneDrive\\Desktop\\first\\hospitalMS\\vendor\\laravel\\framework\\src\\Illuminate\\View\\View.php(139): Livewire\\CompilerEngineForIgnition->get('C:\\\\Users\\\\SINCHI...', Array)
#20 C:\\Users\\SINCHINE DAS\\OneDrive\\Desktop\\first\\hospitalMS\\vendor\\laravel\\framework\\src\\Illuminate\\View\\View.php(122): Illuminate\\View\\View->getContents()
#21 C:\\Users\\SINCHINE DAS\\OneDrive\\Desktop\\first\\hospitalMS\\vendor\\laravel\\framework\\src\\Illuminate\\View\\View.php(91): Illuminate\\View\\View->renderContents()
#22 C:\\Users\\SINCHINE DAS\\OneDrive\\Desktop\\first\\hospitalMS\\vendor\\laravel\\framework\\src\\Illuminate\\Http\\Response.php(69): Illuminate\\View\\View->render()
#23 C:\\Users\\SINCHINE DAS\\OneDrive\\Desktop\\first\\hospitalMS\\vendor\\laravel\\framework\\src\\Illuminate\\Http\\Response.php(35): Illuminate\\Http\\Response->setContent(Object(Illuminate\\View\\View))
#24 C:\\Users\\SINCHINE DAS\\OneDrive\\Desktop\\first\\hospitalMS\\vendor\\laravel\\framework\\src\\Illuminate\\Routing\\Router.php(820): Illuminate\\Http\\Response->__construct(Object(Illuminate\\View\\View), 200, Array)
#25 C:\\Users\\SINCHINE DAS\\OneDrive\\Desktop\\first\\hospitalMS\\vendor\\laravel\\framework\\src\\Illuminate\\Routing\\Router.php(789): Illuminate\\Routing\\Router::toResponse(Object(Illuminate\\Http\\Request), Object(Illuminate\\View\\View))
#26 C:\\Users\\SINCHINE DAS\\OneDrive\\Desktop\\first\\hospitalMS\\vendor\\laravel\\framework\\src\\Illuminate\\Routing\\Router.php(720): Illuminate\\Routing\\Router->prepareResponse(Object(Illuminate\\Http\\Request), Object(Illuminate\\View\\View))
#27 C:\\Users\\SINCHINE DAS\\OneDrive\\Desktop\\first\\hospitalMS\\vendor\\laravel\\framework\\src\\Illuminate\\Pipeline\\Pipeline.php(128): Illuminate\\Routing\\Router->Illuminate\\Routing\\{closure}(Object(Illuminate\\Http\\Request))
#28 C:\\Users\\SINCHINE DAS\\OneDrive\\Desktop\\first\\hospitalMS\\vendor\\laravel\\framework\\src\\Illuminate\\Routing\\Middleware\\SubstituteBindings.php(50): Illuminate\\Pipeline\\Pipeline->Illuminate\\Pipeline\\{closure}(Object(Illuminate\\Http\\Request))
#29 C:\\Users\\SINCHINE DAS\\OneDrive\\Desktop\\first\\hospitalMS\\vendor\\laravel\\framework\\src\\Illuminate\\Pipeline\\Pipeline.php(167): Illuminate\\Routing\\Middleware\\SubstituteBindings->handle(Object(Illuminate\\Http\\Request), Object(Closure))
#30 C:\\Users\\SINCHINE DAS\\OneDrive\\Desktop\\first\\hospitalMS\\vendor\\laravel\\framework\\src\\Illuminate\\Foundation\\Http\\Middleware\\VerifyCsrfToken.php(78): Illuminate\\Pipeline\\Pipeline->Illuminate\\Pipeline\\{closure}(Object(Illuminate\\Http\\Request))
#31 C:\\Users\\SINCHINE DAS\\OneDrive\\Desktop\\first\\hospitalMS\\vendor\\laravel\\framework\\src\\Illuminate\\Pipeline\\Pipeline.php(167): Illuminate\\Foundation\\Http\\Middleware\\VerifyCsrfToken->handle(Object(Illuminate\\Http\\Request), Object(Closure))
#32 C:\\Users\\SINCHINE DAS\\OneDrive\\Desktop\\first\\hospitalMS\\vendor\\laravel\\framework\\src\\Illuminate\\View\\Middleware\\ShareErrorsFromSession.php(49): Illuminate\\Pipeline\\Pipeline->Illuminate\\Pipeline\\{closure}(Object(Illuminate\\Http\\Request))
#33 C:\\Users\\SINCHINE DAS\\OneDrive\\Desktop\\first\\hospitalMS\\vendor\\laravel\\framework\\src\\Illuminate\\Pipeline\\Pipeline.php(167): Illuminate\\View\\Middleware\\ShareErrorsFromSession->handle(Object(Illuminate\\Http\\Request), Object(Closure))
#34 C:\\Users\\SINCHINE DAS\\OneDrive\\Desktop\\first\\hospitalMS\\vendor\\laravel\\framework\\src\\Illuminate\\Session\\Middleware\\StartSession.php(121): Illuminate\\Pipeline\\Pipeline->Illuminate\\Pipeline\\{closure}(Object(Illuminate\\Http\\Request))
#35 C:\\Users\\SINCHINE DAS\\OneDrive\\Desktop\\first\\hospitalMS\\vendor\\laravel\\framework\\src\\Illuminate\\Session\\Middleware\\StartSession.php(64): Illuminate\\Session\\Middleware\\StartSession->handleStatefulRequest(Object(Illuminate\\Http\\Request), Object(Illuminate\\Session\\Store), Object(Closure))
#36 C:\\Users\\SINCHINE DAS\\OneDrive\\Desktop\\first\\hospitalMS\\vendor\\laravel\\framework\\src\\Illuminate\\Pipeline\\Pipeline.php(167): Illuminate\\Session\\Middleware\\StartSession->handle(Object(Illuminate\\Http\\Request), Object(Closure))
#37 C:\\Users\\SINCHINE DAS\\OneDrive\\Desktop\\first\\hospitalMS\\vendor\\laravel\\framework\\src\\Illuminate\\Cookie\\Middleware\\AddQueuedCookiesToResponse.php(37): Illuminate\\Pipeline\\Pipeline->Illuminate\\Pipeline\\{closure}(Object(Illuminate\\Http\\Request))
#38 C:\\Users\\SINCHINE DAS\\OneDrive\\Desktop\\first\\hospitalMS\\vendor\\laravel\\framework\\src\\Illuminate\\Pipeline\\Pipeline.php(167): Illuminate\\Cookie\\Middleware\\AddQueuedCookiesToResponse->handle(Object(Illuminate\\Http\\Request), Object(Closure))
#39 C:\\Users\\SINCHINE DAS\\OneDrive\\Desktop\\first\\hospitalMS\\vendor\\laravel\\framework\\src\\Illuminate\\Cookie\\Middleware\\EncryptCookies.php(67): Illuminate\\Pipeline\\Pipeline->Illuminate\\Pipeline\\{closure}(Object(Illuminate\\Http\\Request))
#40 C:\\Users\\SINCHINE DAS\\OneDrive\\Desktop\\first\\hospitalMS\\vendor\\laravel\\framework\\src\\Illuminate\\Pipeline\\Pipeline.php(167): Illuminate\\Cookie\\Middleware\\EncryptCookies->handle(Object(Illuminate\\Http\\Request), Object(Closure))
#41 C:\\Users\\SINCHINE DAS\\OneDrive\\Desktop\\first\\hospitalMS\\vendor\\laravel\\framework\\src\\Illuminate\\Pipeline\\Pipeline.php(103): Illuminate\\Pipeline\\Pipeline->Illuminate\\Pipeline\\{closure}(Object(Illuminate\\Http\\Request))
#42 C:\\Users\\SINCHINE DAS\\OneDrive\\Desktop\\first\\hospitalMS\\vendor\\laravel\\framework\\src\\Illuminate\\Routing\\Router.php(719): Illuminate\\Pipeline\\Pipeline->then(Object(Closure))
#43 C:\\Users\\SINCHINE DAS\\OneDrive\\Desktop\\first\\hospitalMS\\vendor\\laravel\\framework\\src\\Illuminate\\Routing\\Router.php(698): Illuminate\\Routing\\Router->runRouteWithinStack(Object(Illuminate\\Routing\\Route), Object(Illuminate\\Http\\Request))
#44 C:\\Users\\SINCHINE DAS\\OneDrive\\Desktop\\first\\hospitalMS\\vendor\\laravel\\framework\\src\\Illuminate\\Routing\\Router.php(662): Illuminate\\Routing\\Router->runRoute(Object(Illuminate\\Http\\Request), Object(Illuminate\\Routing\\Route))
#45 C:\\Users\\SINCHINE DAS\\OneDrive\\Desktop\\first\\hospitalMS\\vendor\\laravel\\framework\\src\\Illuminate\\Routing\\Router.php(651): Illuminate\\Routing\\Router->dispatchToRoute(Object(Illuminate\\Http\\Request))
#46 C:\\Users\\SINCHINE DAS\\OneDrive\\Desktop\\first\\hospitalMS\\vendor\\laravel\\framework\\src\\Illuminate\\Foundation\\Http\\Kernel.php(167): Illuminate\\Routing\\Router->dispatch(Object(Illuminate\\Http\\Request))
#47 C:\\Users\\SINCHINE DAS\\OneDrive\\Desktop\\first\\hospitalMS\\vendor\\laravel\\framework\\src\\Illuminate\\Pipeline\\Pipeline.php(128): Illuminate\\Foundation\\Http\\Kernel->Illuminate\\Foundation\\Http\\{closure}(Object(Illuminate\\Http\\Request))
#48 C:\\Users\\SINCHINE DAS\\OneDrive\\Desktop\\first\\hospitalMS\\vendor\\livewire\\livewire\\src\\DisableBrowserCache.php(19): Illuminate\\Pipeline\\Pipeline->Illuminate\\Pipeline\\{closure}(Object(Illuminate\\Http\\Request))
#49 C:\\Users\\SINCHINE DAS\\OneDrive\\Desktop\\first\\hospitalMS\\vendor\\laravel\\framework\\src\\Illuminate\\Pipeline\\Pipeline.php(167): Livewire\\DisableBrowserCache->handle(Object(Illuminate\\Http\\Request), Object(Closure))
#50 C:\\Users\\SINCHINE DAS\\OneDrive\\Desktop\\first\\hospitalMS\\vendor\\laravel\\framework\\src\\Illuminate\\Foundation\\Http\\Middleware\\TransformsRequest.php(21): Illuminate\\Pipeline\\Pipeline->Illuminate\\Pipeline\\{closure}(Object(Illuminate\\Http\\Request))
#51 C:\\Users\\SINCHINE DAS\\OneDrive\\Desktop\\first\\hospitalMS\\vendor\\laravel\\framework\\src\\Illuminate\\Foundation\\Http\\Middleware\\ConvertEmptyStringsToNull.php(31): Illuminate\\Foundation\\Http\\Middleware\\TransformsRequest->handle(Object(Illuminate\\Http\\Request), Object(Closure))
#52 C:\\Users\\SINCHINE DAS\\OneDrive\\Desktop\\first\\hospitalMS\\vendor\\laravel\\framework\\src\\Illuminate\\Pipeline\\Pipeline.php(167): Illuminate\\Foundation\\Http\\Middleware\\ConvertEmptyStringsToNull->handle(Object(Illuminate\\Http\\Request), Object(Closure))
#53 C:\\Users\\SINCHINE DAS\\OneDrive\\Desktop\\first\\hospitalMS\\vendor\\laravel\\framework\\src\\Illuminate\\Foundation\\Http\\Middleware\\TransformsRequest.php(21): Illuminate\\Pipeline\\Pipeline->Illuminate\\Pipeline\\{closure}(Object(Illuminate\\Http\\Request))
#54 C:\\Users\\SINCHINE DAS\\OneDrive\\Desktop\\first\\hospitalMS\\vendor\\laravel\\framework\\src\\Illuminate\\Foundation\\Http\\Middleware\\TrimStrings.php(40): Illuminate\\Foundation\\Http\\Middleware\\TransformsRequest->handle(Object(Illuminate\\Http\\Request), Object(Closure))
#55 C:\\Users\\SINCHINE DAS\\OneDrive\\Desktop\\first\\hospitalMS\\vendor\\laravel\\framework\\src\\Illuminate\\Pipeline\\Pipeline.php(167): Illuminate\\Foundation\\Http\\Middleware\\TrimStrings->handle(Object(Illuminate\\Http\\Request), Object(Closure))
#56 C:\\Users\\SINCHINE DAS\\OneDrive\\Desktop\\first\\hospitalMS\\vendor\\laravel\\framework\\src\\Illuminate\\Foundation\\Http\\Middleware\\ValidatePostSize.php(27): Illuminate\\Pipeline\\Pipeline->Illuminate\\Pipeline\\{closure}(Object(Illuminate\\Http\\Request))
#57 C:\\Users\\SINCHINE DAS\\OneDrive\\Desktop\\first\\hospitalMS\\vendor\\laravel\\framework\\src\\Illuminate\\Pipeline\\Pipeline.php(167): Illuminate\\Foundation\\Http\\Middleware\\ValidatePostSize->handle(Object(Illuminate\\Http\\Request), Object(Closure))
#58 C:\\Users\\SINCHINE DAS\\OneDrive\\Desktop\\first\\hospitalMS\\vendor\\laravel\\framework\\src\\Illuminate\\Foundation\\Http\\Middleware\\PreventRequestsDuringMaintenance.php(86): Illuminate\\Pipeline\\Pipeline->Illuminate\\Pipeline\\{closure}(Object(Illuminate\\Http\\Request))
#59 C:\\Users\\SINCHINE DAS\\OneDrive\\Desktop\\first\\hospitalMS\\vendor\\laravel\\framework\\src\\Illuminate\\Pipeline\\Pipeline.php(167): Illuminate\\Foundation\\Http\\Middleware\\PreventRequestsDuringMaintenance->handle(Object(Illuminate\\Http\\Request), Object(Closure))
#60 C:\\Users\\SINCHINE DAS\\OneDrive\\Desktop\\first\\hospitalMS\\vendor\\fruitcake\\laravel-cors\\src\\HandleCors.php(38): Illuminate\\Pipeline\\Pipeline->Illuminate\\Pipeline\\{closure}(Object(Illuminate\\Http\\Request))
#61 C:\\Users\\SINCHINE DAS\\OneDrive\\Desktop\\first\\hospitalMS\\vendor\\laravel\\framework\\src\\Illuminate\\Pipeline\\Pipeline.php(167): Fruitcake\\Cors\\HandleCors->handle(Object(Illuminate\\Http\\Request), Object(Closure))
#62 C:\\Users\\SINCHINE DAS\\OneDrive\\Desktop\\first\\hospitalMS\\vendor\\fideloper\\proxy\\src\\TrustProxies.php(57): Illuminate\\Pipeline\\Pipeline->Illuminate\\Pipeline\\{closure}(Object(Illuminate\\Http\\Request))
#63 C:\\Users\\SINCHINE DAS\\OneDrive\\Desktop\\first\\hospitalMS\\vendor\\laravel\\framework\\src\\Illuminate\\Pipeline\\Pipeline.php(167): Fideloper\\Proxy\\TrustProxies->handle(Object(Illuminate\\Http\\Request), Object(Closure))
#64 C:\\Users\\SINCHINE DAS\\OneDrive\\Desktop\\first\\hospitalMS\\vendor\\laravel\\framework\\src\\Illuminate\\Pipeline\\Pipeline.php(103): Illuminate\\Pipeline\\Pipeline->Illuminate\\Pipeline\\{closure}(Object(Illuminate\\Http\\Request))
#65 C:\\Users\\SINCHINE DAS\\OneDrive\\Desktop\\first\\hospitalMS\\vendor\\laravel\\framework\\src\\Illuminate\\Foundation\\Http\\Kernel.php(142): Illuminate\\Pipeline\\Pipeline->then(Object(Closure))
#66 C:\\Users\\SINCHINE DAS\\OneDrive\\Desktop\\first\\hospitalMS\\vendor\\laravel\\framework\\src\\Illuminate\\Foundation\\Http\\Kernel.php(111): Illuminate\\Foundation\\Http\\Kernel->sendRequestThroughRouter(Object(Illuminate\\Http\\Request))
#67 C:\\Users\\SINCHINE DAS\\OneDrive\\Desktop\\first\\hospitalMS\\public\\index.php(51): Illuminate\\Foundation\\Http\\Kernel->handle(Object(Illuminate\\Http\\Request))
#68 C:\\Users\\SINCHINE DAS\\OneDrive\\Desktop\\first\\hospitalMS\\server.php(21): require_once('C:\\\\Users\\\\SINCHI...')
#69 {main}

[previous exception] [object] (PDOException(code: 2002): SQLSTATE[HY000] [2002] No connection could be made because the target machine actively refused it at C:\\Users\\SINCHINE DAS\\OneDrive\\Desktop\\first\\hospitalMS\\vendor\\laravel\\framework\\src\\Illuminate\\Database\\Connectors\\Connector.php:70)
[stacktrace]
#0 C:\\Users\\SINCHINE DAS\\OneDrive\\Desktop\\first\\hospitalMS\\vendor\\laravel\\framework\\src\\Illuminate\\Database\\Connectors\\Connector.php(70): PDO->__construct('mysql:host=127....', 'root', Object(SensitiveParameterValue), Array)
#1 C:\\Users\\SINCHINE DAS\\OneDrive\\Desktop\\first\\hospitalMS\\vendor\\laravel\\framework\\src\\Illuminate\\Database\\Connectors\\Connector.php(45): Illuminate\\Database\\Connectors\\Connector->createPdoConnection('mysql:host=127....', 'root', '', Array)
#2 C:\\Users\\SINCHINE DAS\\OneDrive\\Desktop\\first\\hospitalMS\\vendor\\laravel\\framework\\src\\Illuminate\\Database\\Connectors\\MySqlConnector.php(24): Illuminate\\Database\\Connectors\\Connector->createConnection('mysql:host=127....', Array, Array)
#3 C:\\Users\\SINCHINE DAS\\OneDrive\\Desktop\\first\\hospitalMS\\vendor\\laravel\\framework\\src\\Illuminate\\Database\\Connectors\\ConnectionFactory.php(184): Illuminate\\Database\\Connectors\\MySqlConnector->connect(Array)
#4 [internal function]: Illuminate\\Database\\Connectors\\ConnectionFactory->Illuminate\\Database\\Connectors\\{closure}()
#5 C:\\Users\\SINCHINE DAS\\OneDrive\\Desktop\\first\\hospitalMS\\vendor\\laravel\\framework\\src\\Illuminate\\Database\\Connection.php(1064): call_user_func(Object(Closure))
#6 C:\\Users\\SINCHINE DAS\\OneDrive\\Desktop\\first\\hospitalMS\\vendor\\laravel\\framework\\src\\Illuminate\\Database\\Connection.php(1100): Illuminate\\Database\\Connection->getPdo()
#7 C:\\Users\\SINCHINE DAS\\OneDrive\\Desktop\\first\\hospitalMS\\vendor\\laravel\\framework\\src\\Illuminate\\Database\\Connection.php(442): Illuminate\\Database\\Connection->getReadPdo()
#8 C:\\Users\\SINCHINE DAS\\OneDrive\\Desktop\\first\\hospitalMS\\vendor\\laravel\\framework\\src\\Illuminate\\Database\\Connection.php(368): Illuminate\\Database\\Connection->getPdoForSelect(true)
#9 C:\\Users\\SINCHINE DAS\\OneDrive\\Desktop\\first\\hospitalMS\\vendor\\laravel\\framework\\src\\Illuminate\\Database\\Connection.php(705): Illuminate\\Database\\Connection->Illuminate\\Database\\{closure}('select * from `...', Array)
#10 C:\\Users\\SINCHINE DAS\\OneDrive\\Desktop\\first\\hospitalMS\\vendor\\laravel\\framework\\src\\Illuminate\\Database\\Connection.php(784): Illuminate\\Database\\Connection->runQueryCallback('select * from `...', Array, Object(Closure))
#11 C:\\Users\\SINCHINE DAS\\OneDrive\\Desktop\\first\\hospitalMS\\vendor\\laravel\\framework\\src\\Illuminate\\Database\\Connection.php(763): Illuminate\\Database\\Connection->tryAgainIfCausedByLostConnection(Object(Illuminate\\Database\\QueryException), 'select * from `...', Array, Object(Closure))
#12 C:\\Users\\SINCHINE DAS\\OneDrive\\Desktop\\first\\hospitalMS\\vendor\\laravel\\framework\\src\\Illuminate\\Database\\Connection.php(674): Illuminate\\Database\\Connection->handleQueryException(Object(Illuminate\\Database\\QueryException), 'select * from `...', Array, Object(Closure))
#13 C:\\Users\\SINCHINE DAS\\OneDrive\\Desktop\\first\\hospitalMS\\vendor\\laravel\\framework\\src\\Illuminate\\Database\\Connection.php(359): Illuminate\\Database\\Connection->run('select * from `...', Array, Object(Closure))
#14 C:\\Users\\SINCHINE DAS\\OneDrive\\Desktop\\first\\hospitalMS\\vendor\\laravel\\framework\\src\\Illuminate\\Database\\Query\\Builder.php(2413): Illuminate\\Database\\Connection->select('select * from `...', Array, true)
#15 C:\\Users\\SINCHINE DAS\\OneDrive\\Desktop\\first\\hospitalMS\\vendor\\laravel\\framework\\src\\Illuminate\\Database\\Query\\Builder.php(2402): Illuminate\\Database\\Query\\Builder->runSelect()
#16 C:\\Users\\SINCHINE DAS\\OneDrive\\Desktop\\first\\hospitalMS\\vendor\\laravel\\framework\\src\\Illuminate\\Database\\Query\\Builder.php(2936): Illuminate\\Database\\Query\\Builder->Illuminate\\Database\\Query\\{closure}()
#17 C:\\Users\\SINCHINE DAS\\OneDrive\\Desktop\\first\\hospitalMS\\vendor\\laravel\\framework\\src\\Illuminate\\Database\\Query\\Builder.php(2401): Illuminate\\Database\\Query\\Builder->onceWithColumns(Array, Object(Closure))
#18 C:\\Users\\SINCHINE DAS\\OneDrive\\Desktop\\first\\hospitalMS\\vendor\\laravel\\framework\\src\\Illuminate\\Database\\Eloquent\\Builder.php(625): Illuminate\\Database\\Query\\Builder->get(Array)
#19 C:\\Users\\SINCHINE DAS\\OneDrive\\Desktop\\first\\hospitalMS\\vendor\\laravel\\framework\\src\\Illuminate\\Database\\Eloquent\\Builder.php(609): Illuminate\\Database\\Eloquent\\Builder->getModels(Array)
#20 C:\\Users\\SINCHINE DAS\\OneDrive\\Desktop\\first\\hospitalMS\\vendor\\laravel\\framework\\src\\Illuminate\\Database\\Concerns\\BuildsQueries.php(294): Illuminate\\Database\\Eloquent\\Builder->get(Array)
#21 C:\\Users\\SINCHINE DAS\\OneDrive\\Desktop\\first\\hospitalMS\\storage\\framework\\views\\3eb6400fb2ce03f9287d039c54a36dac141ef7a0.php(3): Illuminate\\Database\\Eloquent\\Builder->first()
#22 C:\\Users\\SINCHINE DAS\\OneDrive\\Desktop\\first\\hospitalMS\\vendor\\laravel\\framework\\src\\Illuminate\\Filesystem\\Filesystem.php(107): require('C:\\\\Users\\\\SINCHI...')
#23 C:\\Users\\SINCHINE DAS\\OneDrive\\Desktop\\first\\hospitalMS\\vendor\\laravel\\framework\\src\\Illuminate\\Filesystem\\Filesystem.php(108): Illuminate\\Filesystem\\Filesystem::Illuminate\\Filesystem\\{closure}()
#24 C:\\Users\\SINCHINE DAS\\OneDrive\\Desktop\\first\\hospitalMS\\vendor\\laravel\\framework\\src\\Illuminate\\View\\Engines\\PhpEngine.php(58): Illuminate\\Filesystem\\Filesystem->getRequire('C:\\\\Users\\\\SINCHI...', Array)
#25 C:\\Users\\SINCHINE DAS\\OneDrive\\Desktop\\first\\hospitalMS\\vendor\\livewire\\livewire\\src\\ComponentConcerns\\RendersLivewireComponents.php(69): Illuminate\\View\\Engines\\PhpEngine->evaluatePath('C:\\\\Users\\\\SINCHI...', Array)
#26 C:\\Users\\SINCHINE DAS\\OneDrive\\Desktop\\first\\hospitalMS\\vendor\\laravel\\framework\\src\\Illuminate\\View\\Engines\\CompilerEngine.php(61): Livewire\\CompilerEngineForIgnition->evaluatePath('C:\\\\Users\\\\SINCHI...', Array)
#27 C:\\Users\\SINCHINE DAS\\OneDrive\\Desktop\\first\\hospitalMS\\vendor\\facade\\ignition\\src\\Views\\Engines\\CompilerEngine.php(37): Illuminate\\View\\Engines\\CompilerEngine->get('C:\\\\Users\\\\SINCHI...', Array)
#28 C:\\Users\\SINCHINE DAS\\OneDrive\\Desktop\\first\\hospitalMS\\vendor\\livewire\\livewire\\src\\ComponentConcerns\\RendersLivewireComponents.php(35): Facade\\Ignition\\Views\\Engines\\CompilerEngine->get('C:\\\\Users\\\\SINCHI...', Array)
#29 C:\\Users\\SINCHINE DAS\\OneDrive\\Desktop\\first\\hospitalMS\\vendor\\laravel\\framework\\src\\Illuminate\\View\\View.php(139): Livewire\\CompilerEngineForIgnition->get('C:\\\\Users\\\\SINCHI...', Array)
#30 C:\\Users\\SINCHINE DAS\\OneDrive\\Desktop\\first\\hospitalMS\\vendor\\laravel\\framework\\src\\Illuminate\\View\\View.php(122): Illuminate\\View\\View->getContents()
#31 C:\\Users\\SINCHINE DAS\\OneDrive\\Desktop\\first\\hospitalMS\\vendor\\laravel\\framework\\src\\Illuminate\\View\\View.php(91): Illuminate\\View\\View->renderContents()
#32 C:\\Users\\SINCHINE DAS\\OneDrive\\Desktop\\first\\hospitalMS\\vendor\\laravel\\framework\\src\\Illuminate\\Http\\Response.php(69): Illuminate\\View\\View->render()
#33 C:\\Users\\SINCHINE DAS\\OneDrive\\Desktop\\first\\hospitalMS\\vendor\\laravel\\framework\\src\\Illuminate\\Http\\Response.php(35): Illuminate\\Http\\Response->setContent(Object(Illuminate\\View\\View))
#34 C:\\Users\\SINCHINE DAS\\OneDrive\\Desktop\\first\\hospitalMS\\vendor\\laravel\\framework\\src\\Illuminate\\Routing\\Router.php(820): Illuminate\\Http\\Response->__construct(Object(Illuminate\\View\\View), 200, Array)
#35 C:\\Users\\SINCHINE DAS\\OneDrive\\Desktop\\first\\hospitalMS\\vendor\\laravel\\framework\\src\\Illuminate\\Routing\\Router.php(789): Illuminate\\Routing\\Router::toResponse(Object(Illuminate\\Http\\Request), Object(Illuminate\\View\\View))
#36 C:\\Users\\SINCHINE DAS\\OneDrive\\Desktop\\first\\hospitalMS\\vendor\\laravel\\framework\\src\\Illuminate\\Routing\\Router.php(720): Illuminate\\Routing\\Router->prepareResponse(Object(Illuminate\\Http\\Request), Object(Illuminate\\View\\View))
#37 C:\\Users\\SINCHINE DAS\\OneDrive\\Desktop\\first\\hospitalMS\\vendor\\laravel\\framework\\src\\Illuminate\\Pipeline\\Pipeline.php(128): Illuminate\\Routing\\Router->Illuminate\\Routing\\{closure}(Object(Illuminate\\Http\\Request))
#38 C:\\Users\\SINCHINE DAS\\OneDrive\\Desktop\\first\\hospitalMS\\vendor\\laravel\\framework\\src\\Illuminate\\Routing\\Middleware\\SubstituteBindings.php(50): Illuminate\\Pipeline\\Pipeline->Illuminate\\Pipeline\\{closure}(Object(Illuminate\\Http\\Request))
#39 C:\\Users\\SINCHINE DAS\\OneDrive\\Desktop\\first\\hospitalMS\\vendor\\laravel\\framework\\src\\Illuminate\\Pipeline\\Pipeline.php(167): Illuminate\\Routing\\Middleware\\SubstituteBindings->handle(Object(Illuminate\\Http\\Request), Object(Closure))
#40 C:\\Users\\SINCHINE DAS\\OneDrive\\Desktop\\first\\hospitalMS\\vendor\\laravel\\framework\\src\\Illuminate\\Foundation\\Http\\Middleware\\VerifyCsrfToken.php(78): Illuminate\\Pipeline\\Pipeline->Illuminate\\Pipeline\\{closure}(Object(Illuminate\\Http\\Request))
#41 C:\\Users\\SINCHINE DAS\\OneDrive\\Desktop\\first\\hospitalMS\\vendor\\laravel\\framework\\src\\Illuminate\\Pipeline\\Pipeline.php(167): Illuminate\\Foundation\\Http\\Middleware\\VerifyCsrfToken->handle(Object(Illuminate\\Http\\Request), Object(Closure))
#42 C:\\Users\\SINCHINE DAS\\OneDrive\\Desktop\\first\\hospitalMS\\vendor\\laravel\\framework\\src\\Illuminate\\View\\Middleware\\ShareErrorsFromSession.php(49): Illuminate\\Pipeline\\Pipeline->Illuminate\\Pipeline\\{closure}(Object(Illuminate\\Http\\Request))
#43 C:\\Users\\SINCHINE DAS\\OneDrive\\Desktop\\first\\hospitalMS\\vendor\\laravel\\framework\\src\\Illuminate\\Pipeline\\Pipeline.php(167): Illuminate\\View\\Middleware\\ShareErrorsFromSession->handle(Object(Illuminate\\Http\\Request), Object(Closure))
#44 C:\\Users\\SINCHINE DAS\\OneDrive\\Desktop\\first\\hospitalMS\\vendor\\laravel\\framework\\src\\Illuminate\\Session\\Middleware\\StartSession.php(121): Illuminate\\Pipeline\\Pipeline->Illuminate\\Pipeline\\{closure}(Object(Illuminate\\Http\\Request))
#45 C:\\Users\\SINCHINE DAS\\OneDrive\\Desktop\\first\\hospitalMS\\vendor\\laravel\\framework\\src\\Illuminate\\Session\\Middleware\\StartSession.php(64): Illuminate\\Session\\Middleware\\StartSession->handleStatefulRequest(Object(Illuminate\\Http\\Request), Object(Illuminate\\Session\\Store), Object(Closure))
#46 C:\\Users\\SINCHINE DAS\\OneDrive\\Desktop\\first\\hospitalMS\\vendor\\laravel\\framework\\src\\Illuminate\\Pipeline\\Pipeline.php(167): Illuminate\\Session\\Middleware\\StartSession->handle(Object(Illuminate\\Http\\Request), Object(Closure))
#47 C:\\Users\\SINCHINE DAS\\OneDrive\\Desktop\\first\\hospitalMS\\vendor\\laravel\\framework\\src\\Illuminate\\Cookie\\Middleware\\AddQueuedCookiesToResponse.php(37): Illuminate\\Pipeline\\Pipeline->Illuminate\\Pipeline\\{closure}(Object(Illuminate\\Http\\Request))
#48 C:\\Users\\SINCHINE DAS\\OneDrive\\Desktop\\first\\hospitalMS\\vendor\\laravel\\framework\\src\\Illuminate\\Pipeline\\Pipeline.php(167): Illuminate\\Cookie\\Middleware\\AddQueuedCookiesToResponse->handle(Object(Illuminate\\Http\\Request), Object(Closure))
#49 C:\\Users\\SINCHINE DAS\\OneDrive\\Desktop\\first\\hospitalMS\\vendor\\laravel\\framework\\src\\Illuminate\\Cookie\\Middleware\\EncryptCookies.php(67): Illuminate\\Pipeline\\Pipeline->Illuminate\\Pipeline\\{closure}(Object(Illuminate\\Http\\Request))
#50 C:\\Users\\SINCHINE DAS\\OneDrive\\Desktop\\first\\hospitalMS\\vendor\\laravel\\framework\\src\\Illuminate\\Pipeline\\Pipeline.php(167): Illuminate\\Cookie\\Middleware\\EncryptCookies->handle(Object(Illuminate\\Http\\Request), Object(Closure))
#51 C:\\Users\\SINCHINE DAS\\OneDrive\\Desktop\\first\\hospitalMS\\vendor\\laravel\\framework\\src\\Illuminate\\Pipeline\\Pipeline.php(103): Illuminate\\Pipeline\\Pipeline->Illuminate\\Pipeline\\{closure}(Object(Illuminate\\Http\\Request))
#52 C:\\Users\\SINCHINE DAS\\OneDrive\\Desktop\\first\\hospitalMS\\vendor\\laravel\\framework\\src\\Illuminate\\Routing\\Router.php(719): Illuminate\\Pipeline\\Pipeline->then(Object(Closure))
#53 C:\\Users\\SINCHINE DAS\\OneDrive\\Desktop\\first\\hospitalMS\\vendor\\laravel\\framework\\src\\Illuminate\\Routing\\Router.php(698): Illuminate\\Routing\\Router->runRouteWithinStack(Object(Illuminate\\Routing\\Route), Object(Illuminate\\Http\\Request))
#54 C:\\Users\\SINCHINE DAS\\OneDrive\\Desktop\\first\\hospitalMS\\vendor\\laravel\\framework\\src\\Illuminate\\Routing\\Router.php(662): Illuminate\\Routing\\Router->runRoute(Object(Illuminate\\Http\\Request), Object(Illuminate\\Routing\\Route))
#55 C:\\Users\\SINCHINE DAS\\OneDrive\\Desktop\\first\\hospitalMS\\vendor\\laravel\\framework\\src\\Illuminate\\Routing\\Router.php(651): Illuminate\\Routing\\Router->dispatchToRoute(Object(Illuminate\\Http\\Request))
#56 C:\\Users\\SINCHINE DAS\\OneDrive\\Desktop\\first\\hospitalMS\\vendor\\laravel\\framework\\src\\Illuminate\\Foundation\\Http\\Kernel.php(167): Illuminate\\Routing\\Router->dispatch(Object(Illuminate\\Http\\Request))
#57 C:\\Users\\SINCHINE DAS\\OneDrive\\Desktop\\first\\hospitalMS\\vendor\\laravel\\framework\\src\\Illuminate\\Pipeline\\Pipeline.php(128): Illuminate\\Foundation\\Http\\Kernel->Illuminate\\Foundation\\Http\\{closure}(Object(Illuminate\\Http\\Request))
#58 C:\\Users\\SINCHINE DAS\\OneDrive\\Desktop\\first\\hospitalMS\\vendor\\livewire\\livewire\\src\\DisableBrowserCache.php(19): Illuminate\\Pipeline\\Pipeline->Illuminate\\Pipeline\\{closure}(Object(Illuminate\\Http\\Request))
#59 C:\\Users\\SINCHINE DAS\\OneDrive\\Desktop\\first\\hospitalMS\\vendor\\laravel\\framework\\src\\Illuminate\\Pipeline\\Pipeline.php(167): Livewire\\DisableBrowserCache->handle(Object(Illuminate\\Http\\Request), Object(Closure))
#60 C:\\Users\\SINCHINE DAS\\OneDrive\\Desktop\\first\\hospitalMS\\vendor\\laravel\\framework\\src\\Illuminate\\Foundation\\Http\\Middleware\\TransformsRequest.php(21): Illuminate\\Pipeline\\Pipeline->Illuminate\\Pipeline\\{closure}(Object(Illuminate\\Http\\Request))
#61 C:\\Users\\SINCHINE DAS\\OneDrive\\Desktop\\first\\hospitalMS\\vendor\\laravel\\framework\\src\\Illuminate\\Foundation\\Http\\Middleware\\ConvertEmptyStringsToNull.php(31): Illuminate\\Foundation\\Http\\Middleware\\TransformsRequest->handle(Object(Illuminate\\Http\\Request), Object(Closure))
#62 C:\\Users\\SINCHINE DAS\\OneDrive\\Desktop\\first\\hospitalMS\\vendor\\laravel\\framework\\src\\Illuminate\\Pipeline\\Pipeline.php(167): Illuminate\\Foundation\\Http\\Middleware\\ConvertEmptyStringsToNull->handle(Object(Illuminate\\Http\\Request), Object(Closure))
#63 C:\\Users\\SINCHINE DAS\\OneDrive\\Desktop\\first\\hospitalMS\\vendor\\laravel\\framework\\src\\Illuminate\\Foundation\\Http\\Middleware\\TransformsRequest.php(21): Illuminate\\Pipeline\\Pipeline->Illuminate\\Pipeline\\{closure}(Object(Illuminate\\Http\\Request))
#64 C:\\Users\\SINCHINE DAS\\OneDrive\\Desktop\\first\\hospitalMS\\vendor\\laravel\\framework\\src\\Illuminate\\Foundation\\Http\\Middleware\\TrimStrings.php(40): Illuminate\\Foundation\\Http\\Middleware\\TransformsRequest->handle(Object(Illuminate\\Http\\Request), Object(Closure))
#65 C:\\Users\\SINCHINE DAS\\OneDrive\\Desktop\\first\\hospitalMS\\vendor\\laravel\\framework\\src\\Illuminate\\Pipeline\\Pipeline.php(167): Illuminate\\Foundation\\Http\\Middleware\\TrimStrings->handle(Object(Illuminate\\Http\\Request), Object(Closure))
#66 C:\\Users\\SINCHINE DAS\\OneDrive\\Desktop\\first\\hospitalMS\\vendor\\laravel\\framework\\src\\Illuminate\\Foundation\\Http\\Middleware\\ValidatePostSize.php(27): Illuminate\\Pipeline\\Pipeline->Illuminate\\Pipeline\\{closure}(Object(Illuminate\\Http\\Request))
#67 C:\\Users\\SINCHINE DAS\\OneDrive\\Desktop\\first\\hospitalMS\\vendor\\laravel\\framework\\src\\Illuminate\\Pipeline\\Pipeline.php(167): Illuminate\\Foundation\\Http\\Middleware\\ValidatePostSize->handle(Object(Illuminate\\Http\\Request), Object(Closure))
#68 C:\\Users\\SINCHINE DAS\\OneDrive\\Desktop\\first\\hospitalMS\\vendor\\laravel\\framework\\src\\Illuminate\\Foundation\\Http\\Middleware\\PreventRequestsDuringMaintenance.php(86): Illuminate\\Pipeline\\Pipeline->Illuminate\\Pipeline\\{closure}(Object(Illuminate\\Http\\Request))
#69 C:\\Users\\SINCHINE DAS\\OneDrive\\Desktop\\first\\hospitalMS\\vendor\\laravel\\framework\\src\\Illuminate\\Pipeline\\Pipeline.php(167): Illuminate\\Foundation\\Http\\Middleware\\PreventRequestsDuringMaintenance->handle(Object(Illuminate\\Http\\Request), Object(Closure))
#70 C:\\Users\\SINCHINE DAS\\OneDrive\\Desktop\\first\\hospitalMS\\vendor\\fruitcake\\laravel-cors\\src\\HandleCors.php(38): Illuminate\\Pipeline\\Pipeline->Illuminate\\Pipeline\\{closure}(Object(Illuminate\\Http\\Request))
#71 C:\\Users\\SINCHINE DAS\\OneDrive\\Desktop\\first\\hospitalMS\\vendor\\laravel\\framework\\src\\Illuminate\\Pipeline\\Pipeline.php(167): Fruitcake\\Cors\\HandleCors->handle(Object(Illuminate\\Http\\Request), Object(Closure))
#72 C:\\Users\\SINCHINE DAS\\OneDrive\\Desktop\\first\\hospitalMS\\vendor\\fideloper\\proxy\\src\\TrustProxies.php(57): Illuminate\\Pipeline\\Pipeline->Illuminate\\Pipeline\\{closure}(Object(Illuminate\\Http\\Request))
#73 C:\\Users\\SINCHINE DAS\\OneDrive\\Desktop\\first\\hospitalMS\\vendor\\laravel\\framework\\src\\Illuminate\\Pipeline\\Pipeline.php(167): Fideloper\\Proxy\\TrustProxies->handle(Object(Illuminate\\Http\\Request), Object(Closure))
#74 C:\\Users\\SINCHINE DAS\\OneDrive\\Desktop\\first\\hospitalMS\\vendor\\laravel\\framework\\src\\Illuminate\\Pipeline\\Pipeline.php(103): Illuminate\\Pipeline\\Pipeline->Illuminate\\Pipeline\\{closure}(Object(Illuminate\\Http\\Request))
#75 C:\\Users\\SINCHINE DAS\\OneDrive\\Desktop\\first\\hospitalMS\\vendor\\laravel\\framework\\src\\Illuminate\\Foundation\\Http\\Kernel.php(142): Illuminate\\Pipeline\\Pipeline->then(Object(Closure))
#76 C:\\Users\\SINCHINE DAS\\OneDrive\\Desktop\\first\\hospitalMS\\vendor\\laravel\\framework\\src\\Illuminate\\Foundation\\Http\\Kernel.php(111): Illuminate\\Foundation\\Http\\Kernel->sendRequestThroughRouter(Object(Illuminate\\Http\\Request))
#77 C:\\Users\\SINCHINE DAS\\OneDrive\\Desktop\\first\\hospitalMS\\public\\index.php(51): Illuminate\\Foundation\\Http\\Kernel->handle(Object(Illuminate\\Http\\Request))
#78 C:\\Users\\SINCHINE DAS\\OneDrive\\Desktop\\first\\hospitalMS\\server.php(21): require_once('C:\\\\Users\\\\SINCHI...')
#79 {main}
"} 
